[2026-07-23 13:28:26] local.ERROR: SQLSTATE[HY000] [1049] Unknown database 'laravel' (Connection: mysql, Host: 127.0.0.1, Port: 3306, Database: laravel, SQL: select * from `sessions` where `id` = HQzzaD7zsUwppTdLpbPMEp9kBwKrlJXBNltsw8CF limit 1) {"exception":"[object] (Illuminate\\Database\\QueryException(code: 1049): SQLSTATE[HY000] [1049] Unknown database 'laravel' (Connection: mysql, Host: 127.0.0.1, Port: 3306, Database: laravel, SQL: select * from `sessions` where `id` = HQzzaD7zsUwppTdLpbPMEp9kBwKrlJXBNltsw8CF limit 1) at C:/Minor Project/Minor-Project/OpensourceE-commercewebsite/vendor/laravel/framework/src/Illuminate/Database/Connection.php:857)
[stacktrace]
#0 C:/Minor Project/Minor-Project/OpensourceE-commercewebsite/vendor/laravel/framework/src/Illuminate/Database/Connection.php(813): Illuminate/Database/Connection->runQueryCallback('select * from `...', Array, Object(Closure))
#1 C:/Minor Project/Minor-Project/OpensourceE-commercewebsite/vendor/laravel/framework/src/Illuminate/Database/Connection.php(426): Illuminate/Database/Connection->run('select * from `...', Array, Object(Closure))
#2 C:/Minor Project/Minor-Project/OpensourceE-commercewebsite/vendor/laravel/framework/src/Illuminate/Database/Query/Builder.php(3573): Illuminate/Database/Connection->select('select * from `...', Array, false, Array)
#3 C:/Minor Project/Minor-Project/OpensourceE-commercewebsite/vendor/laravel/framework/src/Illuminate/Database/Query/Builder.php(3557): Illuminate/Database/Query/Builder->runSelect()
#4 C:/Minor Project/Minor-Project/OpensourceE-commercewebsite/vendor/laravel/framework/src/Illuminate/Database/Concerns/BuildsQueries.php(366): Illuminate/Database/Query/Builder->get(Array)
#5 C:/Minor Project/Minor-Project/OpensourceE-commercewebsite/vendor/laravel/framework/src/Illuminate/Database/Query/Builder.php(3475): Illuminate/Database/Query/Builder->first(Array)
#6 C:/Minor Project/Minor-Project/OpensourceE-commercewebsite/vendor/laravel/framework/src/Illuminate/Session/DatabaseSessionHandler.php(96): Illuminate/Database/Query/Builder->find('HQzzaD7zsUwppTd...')
#7 C:/Minor Project/Minor-Project/OpensourceE-commercewebsite/vendor/laravel/framework/src/Illuminate/Session/Store.php(128): Illuminate/Session/DatabaseSessionHandler->read('HQzzaD7zsUwppTd...')
#8 C:/Minor Project/Minor-Project/OpensourceE-commercewebsite/vendor/laravel/framework/src/Illuminate/Session/Store.php(116): Illuminate/Session/Store->readFromHandler()
#9 C:/Minor Project/Minor-Project/OpensourceE-commercewebsite/vendor/laravel/framework/src/Illuminate/Session/Store.php(100): Illuminate/Session/Store->loadSession()
#10 C:/Minor Project/Minor-Project/OpensourceE-commercewebsite/vendor/laravel/framework/src/Illuminate/Session/Middleware/StartSession.php(146): Illuminate/Session/Store->start()
#11 C:/Minor Project/Minor-Project/OpensourceE-commercewebsite/vendor/laravel/framework/src/Illuminate/Support/helpers.php(393): Illuminate/Session/Middleware/StartSession->{closure:Illuminate/Session/Middleware/StartSession::startSession():143}(Object(Illuminate/Session/Store))
#12 C:/Minor Project/Minor-Project/OpensourceE-commercewebsite/vendor/laravel/framework/src/Illuminate/Session/Middleware/StartSession.php(143): tap(Object(Illuminate/Session/Store), Object(Closure))
#13 C:/Minor Project/Minor-Project/OpensourceE-commercewebsite/vendor/laravel/framework/src/Illuminate/Session/Middleware/StartSession.php(115): Illuminate/Session/Middleware/StartSession->startSession(Object(Illuminate/Http/Request), Object(Illuminate/Session/Store))
#14 C:/Minor Project/Minor-Project/OpensourceE-commercewebsite/vendor/laravel/framework/src/Illuminate/Session/Middleware/StartSession.php(63): Illuminate/Session/Middleware/StartSession->handleStatefulRequest(Object(Illuminate/Http/Request), Object(Illuminate/Session/Store), Object(Closure))
#15 C:/Minor Project/Minor-Project/OpensourceE-commercewebsite/vendor/laravel/framework/src/Illuminate/Pipeline/Pipeline.php(219): Illuminate/Session/Middleware/StartSession->handle(Object(Illuminate/Http/Request), Object(Closure))
#16 C:/Minor Project/Minor-Project/OpensourceE-commercewebsite/vendor/laravel/framework/src/Illuminate/Cookie/Middleware/AddQueuedCookiesToResponse.php(36): Illuminate/Pipeline/Pipeline->{closure:{closure:Illuminate/Pipeline/Pipeline::carry():194}:195}(Object(Illuminate/Http/Request))
#17 C:/Minor Project/Minor-Project/OpensourceE-commercewebsite/vendor/laravel/framework/src/Illuminate/Pipeline/Pipeline.php(219): Illuminate/Cookie/Middleware/AddQueuedCookiesToResponse->handle(Object(Illuminate/Http/Request), Object(Closure))
#18 C:/Minor Project/Minor-Project/OpensourceE-commercewebsite/vendor/laravel/framework/src/Illuminate/Cookie/Middleware/EncryptCookies.php(74): Illuminate/Pipeline/Pipeline->{closure:{closure:Illuminate/Pipeline/Pipeline::carry():194}:195}(Object(Illuminate/Http/Request))
#19 C:/Minor Project/Minor-Project/OpensourceE-commercewebsite/vendor/laravel/framework/src/Illuminate/Pipeline/Pipeline.php(219): Illuminate/Cookie/Middleware/EncryptCookies->handle(Object(Illuminate/Http/Request), Object(Closure))
#20 C:/Minor Project/Minor-Project/OpensourceE-commercewebsite/vendor/laravel/framework/src/Illuminate/Pipeline/Pipeline.php(137): Illuminate/Pipeline/Pipeline->{closure:{closure:Illuminate/Pipeline/Pipeline::carry():194}:195}(Object(Illuminate/Http/Request))
#21 C:/Minor Project/Minor-Project/OpensourceE-commercewebsite/vendor/laravel/framework/src/Illuminate/Routing/Router.php(821): Illuminate/Pipeline/Pipeline->then(Object(Closure))
#22 C:/Minor Project/Minor-Project/OpensourceE-commercewebsite/vendor/laravel/framework/src/Illuminate/Routing/Router.php(800): Illuminate/Routing/Router->runRouteWithinStack(Object(Illuminate/Routing/Route), Object(Illuminate/Http/Request))
#23 C:/Minor Project/Minor-Project/OpensourceE-commercewebsite/vendor/laravel/framework/src/Illuminate/Routing/Router.php(764): Illuminate/Routing/Router->runRoute(Object(Illuminate/Http/Request), Object(Illuminate/Routing/Route))
#24 C:/Minor Project/Minor-Project/OpensourceE-commercewebsite/vendor/laravel/framework/src/Illuminate/Routing/Router.php(753): Illuminate/Routing/Router->dispatchToRoute(Object(Illuminate/Http/Request))
#25 C:/Minor Project/Minor-Project/OpensourceE-commercewebsite/vendor/laravel/framework/src/Illuminate/Foundation/Http/Kernel.php(200): Illuminate/Routing/Router->dispatch(Object(Illuminate/Http/Request))
#26 C:/Minor Project/Minor-Project/OpensourceE-commercewebsite/vendor/laravel/framework/src/Illuminate/Pipeline/Pipeline.php(180): Illuminate/Foundation/Http/Kernel->{closure:Illuminate/Foundation/Http/Kernel::dispatchToRouter():197}(Object(Illuminate/Http/Request))
#27 C:/Minor Project/Minor-Project/OpensourceE-commercewebsite/vendor/laravel/framework/src/Illuminate/Foundation/Http/Middleware/TransformsRequest.php(21): Illuminate/Pipeline/Pipeline->{closure:Illuminate/Pipeline/Pipeline::prepareDestination():178}(Object(Illuminate/Http/Request))
#28 C:/Minor Project/Minor-Project/OpensourceE-commercewebsite/vendor/laravel/framework/src/Illuminate/Foundation/Http/Middleware/ConvertEmptyStringsToNull.php(31): Illuminate/Foundation/Http/Middleware/TransformsRequest->handle(Object(Illuminate/Http/Request), Object(Closure))
#29 C:/Minor Project/Minor-Project/OpensourceE-commercewebsite/vendor/laravel/framework/src/Illuminate/Pipeline/Pipeline.php(219): Illuminate/Foundation/Http/Middleware/ConvertEmptyStringsToNull->handle(Object(Illuminate/Http/Request), Object(Closure))
#30 C:/Minor Project/Minor-Project/OpensourceE-commercewebsite/vendor/laravel/framework/src/Illuminate/Foundation/Http/Middleware/TransformsRequest.php(21): Illuminate/Pipeline/Pipeline->{closure:{closure:Illuminate/Pipeline/Pipeline::carry():194}:195}(Object(Illuminate/Http/Request))
#31 C:/Minor Project/Minor-Project/OpensourceE-commercewebsite/vendor/laravel/framework/src/Illuminate/Foundation/Http/Middleware/TrimStrings.php(51): Illuminate/Foundation/Http/Middleware/TransformsRequest->handle(Object(Illuminate/Http/Request), Object(Closure))
#32 C:/Minor Project/Minor-Project/OpensourceE-commercewebsite/vendor/laravel/framework/src/Illuminate/Pipeline/Pipeline.php(219): Illuminate/Foundation/Http/Middleware/TrimStrings->handle(Object(Illuminate/Http/Request), Object(Closure))
#33 C:/Minor Project/Minor-Project/OpensourceE-commercewebsite/vendor/laravel/framework/src/Illuminate/Http/Middleware/ValidatePostSize.php(27): Illuminate/Pipeline/Pipeline->{closure:{closure:Illuminate/Pipeline/Pipeline::carry():194}:195}(Object(Illuminate/Http/Request))
#34 C:/Minor Project/Minor-Project/OpensourceE-commercewebsite/vendor/laravel/framework/src/Illuminate/Pipeline/Pipeline.php(219): Illuminate/Http/Middleware/ValidatePostSize->handle(Object(Illuminate/Http/Request), Object(Closure))
#35 C:/Minor Project/Minor-Project/OpensourceE-commercewebsite/vendor/laravel/framework/src/Illuminate/Foundation/Http/Middleware/PreventRequestsDuringMaintenance.php(109): Illuminate/Pipeline/Pipeline->{closure:{closure:Illuminate/Pipeline/Pipeline::carry():194}:195}(Object(Illuminate/Http/Request))
#36 C:/Minor Project/Minor-Project/OpensourceE-commercewebsite/vendor/laravel/framework/src/Illuminate/Pipeline/Pipeline.php(219): Illuminate/Foundation/Http/Middleware/PreventRequestsDuringMaintenance->handle(Object(Illuminate/Http/Request), Object(Closure))
#37 C:/Minor Project/Minor-Project/OpensourceE-commercewebsite/vendor/laravel/framework/src/Illuminate/Http/Middleware/HandleCors.php(61): Illuminate/Pipeline/Pipeline->{closure:{closure:Illuminate/Pipeline/Pipeline::carry():194}:195}(Object(Illuminate/Http/Request))
#38 C:/Minor Project/Minor-Project/OpensourceE-commercewebsite/vendor/laravel/framework/src/Illuminate/Pipeline/Pipeline.php(219): Illuminate/Http/Middleware/HandleCors->handle(Object(Illuminate/Http/Request), Object(Closure))
#39 C:/Minor Project/Minor-Project/OpensourceE-commercewebsite/vendor/laravel/framework/src/Illuminate/Http/Middleware/TrustProxies.php(58): Illuminate/Pipeline/Pipeline->{closure:{closure:Illuminate/Pipeline/Pipeline::carry():194}:195}(Object(Illuminate/Http/Request))
#40 C:/Minor Project/Minor-Project/OpensourceE-commercewebsite/vendor/laravel/framework/src/Illuminate/Pipeline/Pipeline.php(219): Illuminate/Http/Middleware/TrustProxies->handle(Object(Illuminate/Http/Request), Object(Closure))
#41 C:/Minor Project/Minor-Project/OpensourceE-commercewebsite/vendor/laravel/framework/src/Illuminate/Foundation/Http/Middleware/InvokeDeferredCallbacks.php(22): Illuminate/Pipeline/Pipeline->{closure:{closure:Illuminate/Pipeline/Pipeline::carry():194}:195}(Object(Illuminate/Http/Request))
#42 C:/Minor Project/Minor-Project/OpensourceE-commercewebsite/vendor/laravel/framework/src/Illuminate/Pipeline/Pipeline.php(219): Illuminate/Foundation/Http/Middleware/InvokeDeferredCallbacks->handle(Object(Illuminate/Http/Request), Object(Closure))
#43 C:/Minor Project/Minor-Project/OpensourceE-commercewebsite/vendor/laravel/framework/src/Illuminate/Http/Middleware/ValidatePathEncoding.php(28): Illuminate/Pipeline/Pipeline->{closure:{closure:Illuminate/Pipeline/Pipeline::carry():194}:195}(Object(Illuminate/Http/Request))
#44 C:/Minor Project/Minor-Project/OpensourceE-commercewebsite/vendor/laravel/framework/src/Illuminate/Pipeline/Pipeline.php(219): Illuminate/Http/Middleware/ValidatePathEncoding->handle(Object(Illuminate/Http/Request), Object(Closure))
#45 C:/Minor Project/Minor-Project/OpensourceE-commercewebsite/vendor/laravel/framework/src/Illuminate/Pipeline/Pipeline.php(137): Illuminate/Pipeline/Pipeline->{closure:{closure:Illuminate/Pipeline/Pipeline::carry():194}:195}(Object(Illuminate/Http/Request))
#46 C:/Minor Project/Minor-Project/OpensourceE-commercewebsite/vendor/laravel/framework/src/Illuminate/Foundation/Http/Kernel.php(175): Illuminate/Pipeline/Pipeline->then(Object(Closure))
#47 C:/Minor Project/Minor-Project/OpensourceE-commercewebsite/vendor/laravel/framework/src/Illuminate/Foundation/Http/Kernel.php(144): Illuminate/Foundation/Http/Kernel->sendRequestThroughRouter(Object(Illuminate/Http/Request))
#48 C:/Minor Project/Minor-Project/OpensourceE-commercewebsite/vendor/laravel/framework/src/Illuminate/Foundation/Application.php(1220): Illuminate/Foundation/Http/Kernel->handle(Object(Illuminate/Http/Request))
#49 C:/Minor Project/Minor-Project/OpensourceE-commercewebsite/public/index.php(20): Illuminate/Foundation/Application->handleRequest(Object(Illuminate/Http/Request))
#50 {main}

[previous exception] [object] (PDOException(code: 1049): SQLSTATE[HY000] [1049] Unknown database 'laravel' at C:/Minor Project/Minor-Project/OpensourceE-commercewebsite/vendor/laravel/framework/src/Illuminate/Database/Connectors/Connector.php:67)
[stacktrace]
#0 C:/Minor Project/Minor-Project/OpensourceE-commercewebsite/vendor/laravel/framework/src/Illuminate/Database/Connectors/Connector.php(67): PDO::connect('mysql:host=127....', 'root', Object(SensitiveParameterValue), Array)
#1 C:/Minor Project/Minor-Project/OpensourceE-commercewebsite/vendor/laravel/framework/src/Illuminate/Database/Connectors/Connector.php(44): Illuminate/Database/Connectors/Connector->createPdoConnection('mysql:host=127....', 'root', Object(SensitiveParameterValue), Array)
#2 C:/Minor Project/Minor-Project/OpensourceE-commercewebsite/vendor/laravel/framework/src/Illuminate/Database/Connectors/MySqlConnector.php(24): Illuminate/Database/Connectors/Connector->createConnection('mysql:host=127....', Array, Array)
#3 C:/Minor Project/Minor-Project/OpensourceE-commercewebsite/vendor/laravel/framework/src/Illuminate/Database/Connectors/ConnectionFactory.php(220): Illuminate/Database/Connectors/MySqlConnector->connect(Array)
#4 [internal function]: Illuminate/Database/Connectors/ConnectionFactory->{closure:Illuminate/Database/Connectors/ConnectionFactory::createPdoResolverWithHosts():213}()
#5 C:/Minor Project/Minor-Project/OpensourceE-commercewebsite/vendor/laravel/framework/src/Illuminate/Database/Connection.php(1297): call_user_func(Object(Closure))
#6 C:/Minor Project/Minor-Project/OpensourceE-commercewebsite/vendor/laravel/framework/src/Illuminate/Database/Connection.php(542): Illuminate/Database/Connection->getPdo()
#7 C:/Minor Project/Minor-Project/OpensourceE-commercewebsite/vendor/laravel/framework/src/Illuminate/Database/Connection.php(435): Illuminate/Database/Connection->getPdoForSelect(false)
#8 C:/Minor Project/Minor-Project/OpensourceE-commercewebsite/vendor/laravel/framework/src/Illuminate/Database/Connection.php(846): Illuminate/Database/Connection->{closure:Illuminate/Database/Connection::select():426}('select * from `...', Array)
#9 C:/Minor Project/Minor-Project/OpensourceE-commercewebsite/vendor/laravel/framework/src/Illuminate/Database/Connection.php(813): Illuminate/Database/Connection->runQueryCallback('select * from `...', Array, Object(Closure))
#10 C:/Minor Project/Minor-Project/OpensourceE-commercewebsite/vendor/laravel/framework/src/Illuminate/Database/Connection.php(426): Illuminate/Database/Connection->run('select * from `...', Array, Object(Closure))
#11 C:/Minor Project/Minor-Project/OpensourceE-commercewebsite/vendor/laravel/framework/src/Illuminate/Database/Query/Builder.php(3573): Illuminate/Database/Connection->select('select * from `...', Array, false, Array)
#12 C:/Minor Project/Minor-Project/OpensourceE-commercewebsite/vendor/laravel/framework/src/Illuminate/Database/Query/Builder.php(3557): Illuminate/Database/Query/Builder->runSelect()
#13 C:/Minor Project/Minor-Project/OpensourceE-commercewebsite/vendor/laravel/framework/src/Illuminate/Database/Concerns/BuildsQueries.php(366): Illuminate/Database/Query/Builder->get(Array)
#14 C:/Minor Project/Minor-Project/OpensourceE-commercewebsite/vendor/laravel/framework/src/Illuminate/Database/Query/Builder.php(3475): Illuminate/Database/Query/Builder->first(Array)
#15 C:/Minor Project/Minor-Project/OpensourceE-commercewebsite/vendor/laravel/framework/src/Illuminate/Session/DatabaseSessionHandler.php(96): Illuminate/Database/Query/Builder->find('HQzzaD7zsUwppTd...')
#16 C:/Minor Project/Minor-Project/OpensourceE-commercewebsite/vendor/laravel/framework/src/Illuminate/Session/Store.php(128): Illuminate/Session/DatabaseSessionHandler->read('HQzzaD7zsUwppTd...')
#17 C:/Minor Project/Minor-Project/OpensourceE-commercewebsite/vendor/laravel/framework/src/Illuminate/Session/Store.php(116): Illuminate/Session/Store->readFromHandler()
#18 C:/Minor Project/Minor-Project/OpensourceE-commercewebsite/vendor/laravel/framework/src/Illuminate/Session/Store.php(100): Illuminate/Session/Store->loadSession()
#19 C:/Minor Project/Minor-Project/OpensourceE-commercewebsite/vendor/laravel/framework/src/Illuminate/Session/Middleware/StartSession.php(146): Illuminate/Session/Store->start()
#20 C:/Minor Project/Minor-Project/OpensourceE-commercewebsite/vendor/laravel/framework/src/Illuminate/Support/helpers.php(393): Illuminate/Session/Middleware/StartSession->{closure:Illuminate/Session/Middleware/StartSession::startSession():143}(Object(Illuminate/Session/Store))
#21 C:/Minor Project/Minor-Project/OpensourceE-commercewebsite/vendor/laravel/framework/src/Illuminate/Session/Middleware/StartSession.php(143): tap(Object(Illuminate/Session/Store), Object(Closure))
#22 C:/Minor Project/Minor-Project/OpensourceE-commercewebsite/vendor/laravel/framework/src/Illuminate/Session/Middleware/StartSession.php(115): Illuminate/Session/Middleware/StartSession->startSession(Object(Illuminate/Http/Request), Object(Illuminate/Session/Store))
#23 C:/Minor Project/Minor-Project/OpensourceE-commercewebsite/vendor/laravel/framework/src/Illuminate/Session/Middleware/StartSession.php(63): Illuminate/Session/Middleware/StartSession->handleStatefulRequest(Object(Illuminate/Http/Request), Object(Illuminate/Session/Store), Object(Closure))
#24 C:/Minor Project/Minor-Project/OpensourceE-commercewebsite/vendor/laravel/framework/src/Illuminate/Pipeline/Pipeline.php(219): Illuminate/Session/Middleware/StartSession->handle(Object(Illuminate/Http/Request), Object(Closure))
#25 C:/Minor Project/Minor-Project/OpensourceE-commercewebsite/vendor/laravel/framework/src/Illuminate/Cookie/Middleware/AddQueuedCookiesToResponse.php(36): Illuminate/Pipeline/Pipeline->{closure:{closure:Illuminate/Pipeline/Pipeline::carry():194}:195}(Object(Illuminate/Http/Request))
#26 C:/Minor Project/Minor-Project/OpensourceE-commercewebsite/vendor/laravel/framework/src/Illuminate/Pipeline/Pipeline.php(219): Illuminate/Cookie/Middleware/AddQueuedCookiesToResponse->handle(Object(Illuminate/Http/Request), Object(Closure))
#27 C:/Minor Project/Minor-Project/OpensourceE-commercewebsite/vendor/laravel/framework/src/Illuminate/Cookie/Middleware/EncryptCookies.php(74): Illuminate/Pipeline/Pipeline->{closure:{closure:Illuminate/Pipeline/Pipeline::carry():194}:195}(Object(Illuminate/Http/Request))
#28 C:/Minor Project/Minor-Project/OpensourceE-commercewebsite/vendor/laravel/framework/src/Illuminate/Pipeline/Pipeline.php(219): Illuminate/Cookie/Middleware/EncryptCookies->handle(Object(Illuminate/Http/Request), Object(Closure))
#29 C:/Minor Project/Minor-Project/OpensourceE-commercewebsite/vendor/laravel/framework/src/Illuminate/Pipeline/Pipeline.php(137): Illuminate/Pipeline/Pipeline->{closure:{closure:Illuminate/Pipeline/Pipeline::carry():194}:195}(Object(Illuminate/Http/Request))
#30 C:/Minor Project/Minor-Project/OpensourceE-commercewebsite/vendor/laravel/framework/src/Illuminate/Routing/Router.php(821): Illuminate/Pipeline/Pipeline->then(Object(Closure))
#31 C:/Minor Project/Minor-Project/OpensourceE-commercewebsite/vendor/laravel/framework/src/Illuminate/Routing/Router.php(800): Illuminate/Routing/Router->runRouteWithinStack(Object(Illuminate/Routing/Route), Object(Illuminate/Http/Request))
#32 C:/Minor Project/Minor-Project/OpensourceE-commercewebsite/vendor/laravel/framework/src/Illuminate/Routing/Router.php(764): Illuminate/Routing/Router->runRoute(Object(Illuminate/Http/Request), Object(Illuminate/Routing/Route))
#33 C:/Minor Project/Minor-Project/OpensourceE-commercewebsite/vendor/laravel/framework/src/Illuminate/Routing/Router.php(753): Illuminate/Routing/Router->dispatchToRoute(Object(Illuminate/Http/Request))
#34 C:/Minor Project/Minor-Project/OpensourceE-commercewebsite/vendor/laravel/framework/src/Illuminate/Foundation/Http/Kernel.php(200): Illuminate/Routing/Router->dispatch(Object(Illuminate/Http/Request))
#35 C:/Minor Project/Minor-Project/OpensourceE-commercewebsite/vendor/laravel/framework/src/Illuminate/Pipeline/Pipeline.php(180): Illuminate/Foundation/Http/Kernel->{closure:Illuminate/Foundation/Http/Kernel::dispatchToRouter():197}(Object(Illuminate/Http/Request))
#36 C:/Minor Project/Minor-Project/OpensourceE-commercewebsite/vendor/laravel/framework/src/Illuminate/Foundation/Http/Middleware/TransformsRequest.php(21): Illuminate/Pipeline/Pipeline->{closure:Illuminate/Pipeline/Pipeline::prepareDestination():178}(Object(Illuminate/Http/Request))
#37 C:/Minor Project/Minor-Project/OpensourceE-commercewebsite/vendor/laravel/framework/src/Illuminate/Foundation/Http/Middleware/ConvertEmptyStringsToNull.php(31): Illuminate/Foundation/Http/Middleware/TransformsRequest->handle(Object(Illuminate/Http/Request), Object(Closure))
#38 C:/Minor Project/Minor-Project/OpensourceE-commercewebsite/vendor/laravel/framework/src/Illuminate/Pipeline/Pipeline.php(219): Illuminate/Foundation/Http/Middleware/ConvertEmptyStringsToNull->handle(Object(Illuminate/Http/Request), Object(Closure))
#39 C:/Minor Project/Minor-Project/OpensourceE-commercewebsite/vendor/laravel/framework/src/Illuminate/Foundation/Http/Middleware/TransformsRequest.php(21): Illuminate/Pipeline/Pipeline->{closure:{closure:Illuminate/Pipeline/Pipeline::carry():194}:195}(Object(Illuminate/Http/Request))
#40 C:/Minor Project/Minor-Project/OpensourceE-commercewebsite/vendor/laravel/framework/src/Illuminate/Foundation/Http/Middleware/TrimStrings.php(51): Illuminate/Foundation/Http/Middleware/TransformsRequest->handle(Object(Illuminate/Http/Request), Object(Closure))
#41 C:/Minor Project/Minor-Project/OpensourceE-commercewebsite/vendor/laravel/framework/src/Illuminate/Pipeline/Pipeline.php(219): Illuminate/Foundation/Http/Middleware/TrimStrings->handle(Object(Illuminate/Http/Request), Object(Closure))
#42 C:/Minor Project/Minor-Project/OpensourceE-commercewebsite/vendor/laravel/framework/src/Illuminate/Http/Middleware/ValidatePostSize.php(27): Illuminate/Pipeline/Pipeline->{closure:{closure:Illuminate/Pipeline/Pipeline::carry():194}:195}(Object(Illuminate/Http/Request))
#43 C:/Minor Project/Minor-Project/OpensourceE-commercewebsite/vendor/laravel/framework/src/Illuminate/Pipeline/Pipeline.php(219): Illuminate/Http/Middleware/ValidatePostSize->handle(Object(Illuminate/Http/Request), Object(Closure))
#44 C:/Minor Project/Minor-Project/OpensourceE-commercewebsite/vendor/laravel/framework/src/Illuminate/Foundation/Http/Middleware/PreventRequestsDuringMaintenance.php(109): Illuminate/Pipeline/Pipeline->{closure:{closure:Illuminate/Pipeline/Pipeline::carry():194}:195}(Object(Illuminate/Http/Request))
#45 C:/Minor Project/Minor-Project/OpensourceE-commercewebsite/vendor/laravel/framework/src/Illuminate/Pipeline/Pipeline.php(219): Illuminate/Foundation/Http/Middleware/PreventRequestsDuringMaintenance->handle(Object(Illuminate/Http/Request), Object(Closure))
#46 C:/Minor Project/Minor-Project/OpensourceE-commercewebsite/vendor/laravel/framework/src/Illuminate/Http/Middleware/HandleCors.php(61): Illuminate/Pipeline/Pipeline->{closure:{closure:Illuminate/Pipeline/Pipeline::carry():194}:195}(Object(Illuminate/Http/Request))
#47 C:/Minor Project/Minor-Project/OpensourceE-commercewebsite/vendor/laravel/framework/src/Illuminate/Pipeline/Pipeline.php(219): Illuminate/Http/Middleware/HandleCors->handle(Object(Illuminate/Http/Request), Object(Closure))
#48 C:/Minor Project/Minor-Project/OpensourceE-commercewebsite/vendor/laravel/framework/src/Illuminate/Http/Middleware/TrustProxies.php(58): Illuminate/Pipeline/Pipeline->{closure:{closure:Illuminate/Pipeline/Pipeline::carry():194}:195}(Object(Illuminate/Http/Request))
#49 C:/Minor Project/Minor-Project/OpensourceE-commercewebsite/vendor/laravel/framework/src/Illuminate/Pipeline/Pipeline.php(219): Illuminate/Http/Middleware/TrustProxies->handle(Object(Illuminate/Http/Request), Object(Closure))
#50 C:/Minor Project/Minor-Project/OpensourceE-commercewebsite/vendor/laravel/framework/src/Illuminate/Foundation/Http/Middleware/InvokeDeferredCallbacks.php(22): Illuminate/Pipeline/Pipeline->{closure:{closure:Illuminate/Pipeline/Pipeline::carry():194}:195}(Object(Illuminate/Http/Request))
#51 C:/Minor Project/Minor-Project/OpensourceE-commercewebsite/vendor/laravel/framework/src/Illuminate/Pipeline/Pipeline.php(219): Illuminate/Foundation/Http/Middleware/InvokeDeferredCallbacks->handle(Object(Illuminate/Http/Request), Object(Closure))
#52 C:/Minor Project/Minor-Project/OpensourceE-commercewebsite/vendor/laravel/framework/src/Illuminate/Http/Middleware/ValidatePathEncoding.php(28): Illuminate/Pipeline/Pipeline->{closure:{closure:Illuminate/Pipeline/Pipeline::carry():194}:195}(Object(Illuminate/Http/Request))
#53 C:/Minor Project/Minor-Project/OpensourceE-commercewebsite/vendor/laravel/framework/src/Illuminate/Pipeline/Pipeline.php(219): Illuminate/Http/Middleware/ValidatePathEncoding->handle(Object(Illuminate/Http/Request), Object(Closure))
#54 C:/Minor Project/Minor-Project/OpensourceE-commercewebsite/vendor/laravel/framework/src/Illuminate/Pipeline/Pipeline.php(137): Illuminate/Pipeline/Pipeline->{closure:{closure:Illuminate/Pipeline/Pipeline::carry():194}:195}(Object(Illuminate/Http/Request))
#55 C:/Minor Project/Minor-Project/OpensourceE-commercewebsite/vendor/laravel/framework/src/Illuminate/Foundation/Http/Kernel.php(175): Illuminate/Pipeline/Pipeline->then(Object(Closure))
#56 C:/Minor Project/Minor-Project/OpensourceE-commercewebsite/vendor/laravel/framework/src/Illuminate/Foundation/Http/Kernel.php(144): Illuminate/Foundation/Http/Kernel->sendRequestThroughRouter(Object(Illuminate/Http/Request))
#57 C:/Minor Project/Minor-Project/OpensourceE-commercewebsite/vendor/laravel/framework/src/Illuminate/Foundation/Application.php(1220): Illuminate/Foundation/Http/Kernel->handle(Object(Illuminate/Http/Request))
#58 C:/Minor Project/Minor-Project/OpensourceE-commercewebsite/public/index.php(20): Illuminate/Foundation/Application->handleRequest(Object(Illuminate/Http/Request))
#59 {main}
"} 
[2026-07-23 17:32:21] local.DEBUG: From: Laravel <hello@example.com>
To: vivek.ssoni2442@gmail.com
Subject: Password Reset OTP
MIME-Version: 1.0
Date: Thu, 23 Jul 2026 17:32:21 +0000
Message-ID: <eaa93731f720dd406b56e497ab61dbb8@example.com>
Content-Type: text/plain; charset=utf-8
Content-Transfer-Encoding: quoted-printable

Your password reset code is: 648353

It expires in 10 minutes.  
[2026-07-24 04:02:53] local.ERROR: SQLSTATE[42S02]: Base table or view not found: 1146 Table 'laravel.addresses' doesn't exist (Connection: mysql, Host: 127.0.0.1, Port: 3306, Database: laravel, SQL: select count(*) as `aggregate` from `addresses` where `addresses`.`user_id` = 1 and `addresses`.`user_id` is not null) (View: C:\Minor Project\Minor-Project\OpensourceE-commercewebsite\resources\views\dashboard.blade.php) {"userId":1,"exception":"[object] (Illuminate\\View\\ViewException(code: 0): SQLSTATE[42S02]: Base table or view not found: 1146 Table 'laravel.addresses' doesn't exist (Connection: mysql, Host: 127.0.0.1, Port: 3306, Database: laravel, SQL: select count(*) as `aggregate` from `addresses` where `addresses`.`user_id` = 1 and `addresses`.`user_id` is not null) (View: C:\\Minor Project\\Minor-Project\\OpensourceE-commercewebsite\\resources\\views\\dashboard.blade.php) at C:/Minor Project/Minor-Project/OpensourceE-commercewebsite/vendor/laravel/framework/src/Illuminate/Database/Connection.php:857)
[stacktrace]
#0 C:/Minor Project/Minor-Project/OpensourceE-commercewebsite/vendor/laravel/framework/src/Illuminate/View/Engines/PhpEngine.php(59): Illuminate/View/Engines/CompilerEngine->handleViewException(Object(Illuminate/Database/QueryException), 0)
#1 C:/Minor Project/Minor-Project/OpensourceE-commercewebsite/vendor/laravel/framework/src/Illuminate/View/Engines/CompilerEngine.php(76): Illuminate/View/Engines/PhpEngine->evaluatePath('C://Minor Projec...', Array)
#2 C:/Minor Project/Minor-Project/OpensourceE-commercewebsite/vendor/laravel/framework/src/Illuminate/View/View.php(208): Illuminate/View/Engines/CompilerEngine->get('C://Minor Projec...', Array)
#3 C:/Minor Project/Minor-Project/OpensourceE-commercewebsite/vendor/laravel/framework/src/Illuminate/View/View.php(191): Illuminate/View/View->getContents()
#4 C:/Minor Project/Minor-Project/OpensourceE-commercewebsite/vendor/laravel/framework/src/Illuminate/View/View.php(160): Illuminate/View/View->renderContents()
#5 C:/Minor Project/Minor-Project/OpensourceE-commercewebsite/vendor/laravel/framework/src/Illuminate/Http/Response.php(82): Illuminate/View/View->render()
#6 C:/Minor Project/Minor-Project/OpensourceE-commercewebsite/vendor/laravel/framework/src/Illuminate/Http/Response.php(40): Illuminate/Http/Response->setContent(Object(Illuminate/View/View))
#7 C:/Minor Project/Minor-Project/OpensourceE-commercewebsite/vendor/laravel/framework/src/Illuminate/Routing/Router.php(939): Illuminate/Http/Response->__construct(Object(Illuminate/View/View), 200, Array)
#8 C:/Minor Project/Minor-Project/OpensourceE-commercewebsite/vendor/laravel/framework/src/Illuminate/Routing/Router.php(906): Illuminate/Routing/Router::toResponse(Object(Illuminate/Http/Request), Object(Illuminate/View/View))
#9 C:/Minor Project/Minor-Project/OpensourceE-commercewebsite/vendor/laravel/framework/src/Illuminate/Routing/Router.php(821): Illuminate/Routing/Router->prepareResponse(Object(Illuminate/Http/Request), Object(Illuminate/View/View))
#10 C:/Minor Project/Minor-Project/OpensourceE-commercewebsite/vendor/laravel/framework/src/Illuminate/Pipeline/Pipeline.php(180): Illuminate/Routing/Router->{closure:Illuminate/Routing/Router::runRouteWithinStack():821}(Object(Illuminate/Http/Request))
#11 C:/Minor Project/Minor-Project/OpensourceE-commercewebsite/vendor/laravel/boost/src/Middleware/InjectBoost.php(22): Illuminate/Pipeline/Pipeline->{closure:Illuminate/Pipeline/Pipeline::prepareDestination():178}(Object(Illuminate/Http/Request))
#12 C:/Minor Project/Minor-Project/OpensourceE-commercewebsite/vendor/laravel/framework/src/Illuminate/Pipeline/Pipeline.php(219): Laravel/Boost/Middleware/InjectBoost->handle(Object(Illuminate/Http/Request), Object(Closure))
#13 C:/Minor Project/Minor-Project/OpensourceE-commercewebsite/vendor/laravel/framework/src/Illuminate/Routing/Middleware/SubstituteBindings.php(52): Illuminate/Pipeline/Pipeline->{closure:{closure:Illuminate/Pipeline/Pipeline::carry():194}:195}(Object(Illuminate/Http/Request))
#14 C:/Minor Project/Minor-Project/OpensourceE-commercewebsite/vendor/laravel/framework/src/Illuminate/Pipeline/Pipeline.php(219): Illuminate/Routing/Middleware/SubstituteBindings->handle(Object(Illuminate/Http/Request), Object(Closure))
#15 C:/Minor Project/Minor-Project/OpensourceE-commercewebsite/vendor/laravel/framework/src/Illuminate/Foundation/Http/Middleware/PreventRequestForgery.php(104): Illuminate/Pipeline/Pipeline->{closure:{closure:Illuminate/Pipeline/Pipeline::carry():194}:195}(Object(Illuminate/Http/Request))
#16 C:/Minor Project/Minor-Project/OpensourceE-commercewebsite/vendor/laravel/framework/src/Illuminate/Pipeline/Pipeline.php(219): Illuminate/Foundation/Http/Middleware/PreventRequestForgery->handle(Object(Illuminate/Http/Request), Object(Closure))
#17 C:/Minor Project/Minor-Project/OpensourceE-commercewebsite/vendor/laravel/framework/src/Illuminate/View/Middleware/ShareErrorsFromSession.php(48): Illuminate/Pipeline/Pipeline->{closure:{closure:Illuminate/Pipeline/Pipeline::carry():194}:195}(Object(Illuminate/Http/Request))
#18 C:/Minor Project/Minor-Project/OpensourceE-commercewebsite/vendor/laravel/framework/src/Illuminate/Pipeline/Pipeline.php(219): Illuminate/View/Middleware/ShareErrorsFromSession->handle(Object(Illuminate/Http/Request), Object(Closure))
#19 C:/Minor Project/Minor-Project/OpensourceE-commercewebsite/vendor/laravel/framework/src/Illuminate/Session/Middleware/StartSession.php(120): Illuminate/Pipeline/Pipeline->{closure:{closure:Illuminate/Pipeline/Pipeline::carry():194}:195}(Object(Illuminate/Http/Request))
#20 C:/Minor Project/Minor-Project/OpensourceE-commercewebsite/vendor/laravel/framework/src/Illuminate/Session/Middleware/StartSession.php(63): Illuminate/Session/Middleware/StartSession->handleStatefulRequest(Object(Illuminate/Http/Request), Object(Illuminate/Session/Store), Object(Closure))
#21 C:/Minor Project/Minor-Project/OpensourceE-commercewebsite/vendor/laravel/framework/src/Illuminate/Pipeline/Pipeline.php(219): Illuminate/Session/Middleware/StartSession->handle(Object(Illuminate/Http/Request), Object(Closure))
#22 C:/Minor Project/Minor-Project/OpensourceE-commercewebsite/vendor/laravel/framework/src/Illuminate/Cookie/Middleware/AddQueuedCookiesToResponse.php(36): Illuminate/Pipeline/Pipeline->{closure:{closure:Illuminate/Pipeline/Pipeline::carry():194}:195}(Object(Illuminate/Http/Request))
#23 C:/Minor Project/Minor-Project/OpensourceE-commercewebsite/vendor/laravel/framework/src/Illuminate/Pipeline/Pipeline.php(219): Illuminate/Cookie/Middleware/AddQueuedCookiesToResponse->handle(Object(Illuminate/Http/Request), Object(Closure))
#24 C:/Minor Project/Minor-Project/OpensourceE-commercewebsite/vendor/laravel/framework/src/Illuminate/Cookie/Middleware/EncryptCookies.php(74): Illuminate/Pipeline/Pipeline->{closure:{closure:Illuminate/Pipeline/Pipeline::carry():194}:195}(Object(Illuminate/Http/Request))
#25 C:/Minor Project/Minor-Project/OpensourceE-commercewebsite/vendor/laravel/framework/src/Illuminate/Pipeline/Pipeline.php(219): Illuminate/Cookie/Middleware/EncryptCookies->handle(Object(Illuminate/Http/Request), Object(Closure))
#26 C:/Minor Project/Minor-Project/OpensourceE-commercewebsite/vendor/laravel/framework/src/Illuminate/Pipeline/Pipeline.php(137): Illuminate/Pipeline/Pipeline->{closure:{closure:Illuminate/Pipeline/Pipeline::carry():194}:195}(Object(Illuminate/Http/Request))
#27 C:/Minor Project/Minor-Project/OpensourceE-commercewebsite/vendor/laravel/framework/src/Illuminate/Routing/Router.php(821): Illuminate/Pipeline/Pipeline->then(Object(Closure))
#28 C:/Minor Project/Minor-Project/OpensourceE-commercewebsite/vendor/laravel/framework/src/Illuminate/Routing/Router.php(800): Illuminate/Routing/Router->runRouteWithinStack(Object(Illuminate/Routing/Route), Object(Illuminate/Http/Request))
#29 C:/Minor Project/Minor-Project/OpensourceE-commercewebsite/vendor/laravel/framework/src/Illuminate/Routing/Router.php(764): Illuminate/Routing/Router->runRoute(Object(Illuminate/Http/Request), Object(Illuminate/Routing/Route))
#30 C:/Minor Project/Minor-Project/OpensourceE-commercewebsite/vendor/laravel/framework/src/Illuminate/Routing/Router.php(753): Illuminate/Routing/Router->dispatchToRoute(Object(Illuminate/Http/Request))
#31 C:/Minor Project/Minor-Project/OpensourceE-commercewebsite/vendor/laravel/framework/src/Illuminate/Foundation/Http/Kernel.php(200): Illuminate/Routing/Router->dispatch(Object(Illuminate/Http/Request))
#32 C:/Minor Project/Minor-Project/OpensourceE-commercewebsite/vendor/laravel/framework/src/Illuminate/Pipeline/Pipeline.php(180): Illuminate/Foundation/Http/Kernel->{closure:Illuminate/Foundation/Http/Kernel::dispatchToRouter():197}(Object(Illuminate/Http/Request))
#33 C:/Minor Project/Minor-Project/OpensourceE-commercewebsite/vendor/laravel/framework/src/Illuminate/Foundation/Http/Middleware/TransformsRequest.php(21): Illuminate/Pipeline/Pipeline->{closure:Illuminate/Pipeline/Pipeline::prepareDestination():178}(Object(Illuminate/Http/Request))
#34 C:/Minor Project/Minor-Project/OpensourceE-commercewebsite/vendor/laravel/framework/src/Illuminate/Foundation/Http/Middleware/ConvertEmptyStringsToNull.php(31): Illuminate/Foundation/Http/Middleware/TransformsRequest->handle(Object(Illuminate/Http/Request), Object(Closure))
#35 C:/Minor Project/Minor-Project/OpensourceE-commercewebsite/vendor/laravel/framework/src/Illuminate/Pipeline/Pipeline.php(219): Illuminate/Foundation/Http/Middleware/ConvertEmptyStringsToNull->handle(Object(Illuminate/Http/Request), Object(Closure))
#36 C:/Minor Project/Minor-Project/OpensourceE-commercewebsite/vendor/laravel/framework/src/Illuminate/Foundation/Http/Middleware/TransformsRequest.php(21): Illuminate/Pipeline/Pipeline->{closure:{closure:Illuminate/Pipeline/Pipeline::carry():194}:195}(Object(Illuminate/Http/Request))
#37 C:/Minor Project/Minor-Project/OpensourceE-commercewebsite/vendor/laravel/framework/src/Illuminate/Foundation/Http/Middleware/TrimStrings.php(51): Illuminate/Foundation/Http/Middleware/TransformsRequest->handle(Object(Illuminate/Http/Request), Object(Closure))
#38 C:/Minor Project/Minor-Project/OpensourceE-commercewebsite/vendor/laravel/framework/src/Illuminate/Pipeline/Pipeline.php(219): Illuminate/Foundation/Http/Middleware/TrimStrings->handle(Object(Illuminate/Http/Request), Object(Closure))
#39 C:/Minor Project/Minor-Project/OpensourceE-commercewebsite/vendor/laravel/framework/src/Illuminate/Http/Middleware/ValidatePostSize.php(27): Illuminate/Pipeline/Pipeline->{closure:{closure:Illuminate/Pipeline/Pipeline::carry():194}:195}(Object(Illuminate/Http/Request))
#40 C:/Minor Project/Minor-Project/OpensourceE-commercewebsite/vendor/laravel/framework/src/Illuminate/Pipeline/Pipeline.php(219): Illuminate/Http/Middleware/ValidatePostSize->handle(Object(Illuminate/Http/Request), Object(Closure))
#41 C:/Minor Project/Minor-Project/OpensourceE-commercewebsite/vendor/laravel/framework/src/Illuminate/Foundation/Http/Middleware/PreventRequestsDuringMaintenance.php(109): Illuminate/Pipeline/Pipeline->{closure:{closure:Illuminate/Pipeline/Pipeline::carry():194}:195}(Object(Illuminate/Http/Request))
#42 C:/Minor Project/Minor-Project/OpensourceE-commercewebsite/vendor/laravel/framework/src/Illuminate/Pipeline/Pipeline.php(219): Illuminate/Foundation/Http/Middleware/PreventRequestsDuringMaintenance->handle(Object(Illuminate/Http/Request), Object(Closure))
#43 C:/Minor Project/Minor-Project/OpensourceE-commercewebsite/vendor/laravel/framework/src/Illuminate/Http/Middleware/HandleCors.php(61): Illuminate/Pipeline/Pipeline->{closure:{closure:Illuminate/Pipeline/Pipeline::carry():194}:195}(Object(Illuminate/Http/Request))
#44 C:/Minor Project/Minor-Project/OpensourceE-commercewebsite/vendor/laravel/framework/src/Illuminate/Pipeline/Pipeline.php(219): Illuminate/Http/Middleware/HandleCors->handle(Object(Illuminate/Http/Request), Object(Closure))
#45 C:/Minor Project/Minor-Project/OpensourceE-commercewebsite/vendor/laravel/framework/src/Illuminate/Http/Middleware/TrustProxies.php(58): Illuminate/Pipeline/Pipeline->{closure:{closure:Illuminate/Pipeline/Pipeline::carry():194}:195}(Object(Illuminate/Http/Request))
#46 C:/Minor Project/Minor-Project/OpensourceE-commercewebsite/vendor/laravel/framework/src/Illuminate/Pipeline/Pipeline.php(219): Illuminate/Http/Middleware/TrustProxies->handle(Object(Illuminate/Http/Request), Object(Closure))
#47 C:/Minor Project/Minor-Project/OpensourceE-commercewebsite/vendor/laravel/framework/src/Illuminate/Foundation/Http/Middleware/InvokeDeferredCallbacks.php(22): Illuminate/Pipeline/Pipeline->{closure:{closure:Illuminate/Pipeline/Pipeline::carry():194}:195}(Object(Illuminate/Http/Request))
#48 C:/Minor Project/Minor-Project/OpensourceE-commercewebsite/vendor/laravel/framework/src/Illuminate/Pipeline/Pipeline.php(219): Illuminate/Foundation/Http/Middleware/InvokeDeferredCallbacks->handle(Object(Illuminate/Http/Request), Object(Closure))
#49 C:/Minor Project/Minor-Project/OpensourceE-commercewebsite/vendor/laravel/framework/src/Illuminate/Http/Middleware/ValidatePathEncoding.php(28): Illuminate/Pipeline/Pipeline->{closure:{closure:Illuminate/Pipeline/Pipeline::carry():194}:195}(Object(Illuminate/Http/Request))
#50 C:/Minor Project/Minor-Project/OpensourceE-commercewebsite/vendor/laravel/framework/src/Illuminate/Pipeline/Pipeline.php(219): Illuminate/Http/Middleware/ValidatePathEncoding->handle(Object(Illuminate/Http/Request), Object(Closure))
#51 C:/Minor Project/Minor-Project/OpensourceE-commercewebsite/vendor/laravel/framework/src/Illuminate/Pipeline/Pipeline.php(137): Illuminate/Pipeline/Pipeline->{closure:{closure:Illuminate/Pipeline/Pipeline::carry():194}:195}(Object(Illuminate/Http/Request))
#52 C:/Minor Project/Minor-Project/OpensourceE-commercewebsite/vendor/laravel/framework/src/Illuminate/Foundation/Http/Kernel.php(175): Illuminate/Pipeline/Pipeline->then(Object(Closure))
#53 C:/Minor Project/Minor-Project/OpensourceE-commercewebsite/vendor/laravel/framework/src/Illuminate/Foundation/Http/Kernel.php(144): Illuminate/Foundation/Http/Kernel->sendRequestThroughRouter(Object(Illuminate/Http/Request))
#54 C:/Minor Project/Minor-Project/OpensourceE-commercewebsite/vendor/laravel/framework/src/Illuminate/Foundation/Application.php(1220): Illuminate/Foundation/Http/Kernel->handle(Object(Illuminate/Http/Request))
#55 C:/Minor Project/Minor-Project/OpensourceE-commercewebsite/public/index.php(20): Illuminate/Foundation/Application->handleRequest(Object(Illuminate/Http/Request))
#56 {main}

[previous exception] [object] (Illuminate\\Database\\QueryException(code: 42S02): SQLSTATE[42S02]: Base table or view not found: 1146 Table 'laravel.addresses' doesn't exist (Connection: mysql, Host: 127.0.0.1, Port: 3306, Database: laravel, SQL: select count(*) as `aggregate` from `addresses` where `addresses`.`user_id` = 1 and `addresses`.`user_id` is not null) at C:/Minor Project/Minor-Project/OpensourceE-commercewebsite/vendor/laravel/framework/src/Illuminate/Database/Connection.php:857)
[stacktrace]
#0 C:/Minor Project/Minor-Project/OpensourceE-commercewebsite/vendor/laravel/framework/src/Illuminate/Database/Connection.php(813): Illuminate/Database/Connection->runQueryCallback('select count(*)...', Array, Object(Closure))
#1 C:/Minor Project/Minor-Project/OpensourceE-commercewebsite/vendor/laravel/framework/src/Illuminate/Database/Connection.php(426): Illuminate/Database/Connection->run('select count(*)...', Array, Object(Closure))
#2 C:/Minor Project/Minor-Project/OpensourceE-commercewebsite/vendor/laravel/framework/src/Illuminate/Database/Query/Builder.php(3573): Illuminate/Database/Connection->select('select count(*)...', Array, true, Array)
#3 C:/Minor Project/Minor-Project/OpensourceE-commercewebsite/vendor/laravel/framework/src/Illuminate/Database/Query/Builder.php(3557): Illuminate/Database/Query/Builder->runSelect()
#4 C:/Minor Project/Minor-Project/OpensourceE-commercewebsite/vendor/laravel/framework/src/Illuminate/Database/Query/Builder.php(4073): Illuminate/Database/Query/Builder->get(Array)
#5 C:/Minor Project/Minor-Project/OpensourceE-commercewebsite/vendor/laravel/framework/src/Illuminate/Database/Query/Builder.php(4001): Illuminate/Database/Query/Builder->aggregate('count', Array)
#6 C:/Minor Project/Minor-Project/OpensourceE-commercewebsite/vendor/laravel/framework/src/Illuminate/Database/Eloquent/Builder.php(2271): Illuminate/Database/Query/Builder->count()
#7 C:/Minor Project/Minor-Project/OpensourceE-commercewebsite/vendor/laravel/framework/src/Illuminate/Support/Traits/ForwardsCalls.php(23): Illuminate/Database/Eloquent/Builder->__call('count', Array)
#8 C:/Minor Project/Minor-Project/OpensourceE-commercewebsite/vendor/laravel/framework/src/Illuminate/Support/Traits/ForwardsCalls.php(52): Illuminate/Database/Eloquent/Relations/Relation->forwardCallTo(Object(Illuminate/Database/Eloquent/Builder), 'count', Array)
#9 C:/Minor Project/Minor-Project/OpensourceE-commercewebsite/vendor/laravel/framework/src/Illuminate/Database/Eloquent/Relations/Relation.php(538): Illuminate/Database/Eloquent/Relations/Relation->forwardDecoratedCallTo(Object(Illuminate/Database/Eloquent/Builder), 'count', Array)
#10 C:/Minor Project/Minor-Project/OpensourceE-commercewebsite/storage/framework/views/2368be4065faeacf296edaa58e75f3de.php(172): Illuminate/Database/Eloquent/Relations/Relation->__call('count', Array)
#11 C:/Minor Project/Minor-Project/OpensourceE-commercewebsite/vendor/laravel/framework/src/Illuminate/Filesystem/Filesystem.php(123): require('C://Minor Projec...')
#12 C:/Minor Project/Minor-Project/OpensourceE-commercewebsite/vendor/laravel/framework/src/Illuminate/Filesystem/Filesystem.php(124): Illuminate/Filesystem/Filesystem::{closure:Illuminate/Filesystem/Filesystem::getRequire():120}()
#13 C:/Minor Project/Minor-Project/OpensourceE-commercewebsite/vendor/laravel/framework/src/Illuminate/View/Engines/PhpEngine.php(57): Illuminate/Filesystem/Filesystem->getRequire('C://Minor Projec...', Array)
#14 C:/Minor Project/Minor-Project/OpensourceE-commercewebsite/vendor/laravel/framework/src/Illuminate/View/Engines/CompilerEngine.php(76): Illuminate/View/Engines/PhpEngine->evaluatePath('C://Minor Projec...', Array)
#15 C:/Minor Project/Minor-Project/OpensourceE-commercewebsite/vendor/laravel/framework/src/Illuminate/View/View.php(208): Illuminate/View/Engines/CompilerEngine->get('C://Minor Projec...', Array)
#16 C:/Minor Project/Minor-Project/OpensourceE-commercewebsite/vendor/laravel/framework/src/Illuminate/View/View.php(191): Illuminate/View/View->getContents()
#17 C:/Minor Project/Minor-Project/OpensourceE-commercewebsite/vendor/laravel/framework/src/Illuminate/View/View.php(160): Illuminate/View/View->renderContents()
#18 C:/Minor Project/Minor-Project/OpensourceE-commercewebsite/vendor/laravel/framework/src/Illuminate/Http/Response.php(82): Illuminate/View/View->render()
#19 C:/Minor Project/Minor-Project/OpensourceE-commercewebsite/vendor/laravel/framework/src/Illuminate/Http/Response.php(40): Illuminate/Http/Response->setContent(Object(Illuminate/View/View))
#20 C:/Minor Project/Minor-Project/OpensourceE-commercewebsite/vendor/laravel/framework/src/Illuminate/Routing/Router.php(939): Illuminate/Http/Response->__construct(Object(Illuminate/View/View), 200, Array)
#21 C:/Minor Project/Minor-Project/OpensourceE-commercewebsite/vendor/laravel/framework/src/Illuminate/Routing/Router.php(906): Illuminate/Routing/Router::toResponse(Object(Illuminate/Http/Request), Object(Illuminate/View/View))
#22 C:/Minor Project/Minor-Project/OpensourceE-commercewebsite/vendor/laravel/framework/src/Illuminate/Routing/Router.php(821): Illuminate/Routing/Router->prepareResponse(Object(Illuminate/Http/Request), Object(Illuminate/View/View))
#23 C:/Minor Project/Minor-Project/OpensourceE-commercewebsite/vendor/laravel/framework/src/Illuminate/Pipeline/Pipeline.php(180): Illuminate/Routing/Router->{closure:Illuminate/Routing/Router::runRouteWithinStack():821}(Object(Illuminate/Http/Request))
#24 C:/Minor Project/Minor-Project/OpensourceE-commercewebsite/vendor/laravel/boost/src/Middleware/InjectBoost.php(22): Illuminate/Pipeline/Pipeline->{closure:Illuminate/Pipeline/Pipeline::prepareDestination():178}(Object(Illuminate/Http/Request))
#25 C:/Minor Project/Minor-Project/OpensourceE-commercewebsite/vendor/laravel/framework/src/Illuminate/Pipeline/Pipeline.php(219): Laravel/Boost/Middleware/InjectBoost->handle(Object(Illuminate/Http/Request), Object(Closure))
#26 C:/Minor Project/Minor-Project/OpensourceE-commercewebsite/vendor/laravel/framework/src/Illuminate/Routing/Middleware/SubstituteBindings.php(52): Illuminate/Pipeline/Pipeline->{closure:{closure:Illuminate/Pipeline/Pipeline::carry():194}:195}(Object(Illuminate/Http/Request))
#27 C:/Minor Project/Minor-Project/OpensourceE-commercewebsite/vendor/laravel/framework/src/Illuminate/Pipeline/Pipeline.php(219): Illuminate/Routing/Middleware/SubstituteBindings->handle(Object(Illuminate/Http/Request), Object(Closure))
#28 C:/Minor Project/Minor-Project/OpensourceE-commercewebsite/vendor/laravel/framework/src/Illuminate/Foundation/Http/Middleware/PreventRequestForgery.php(104): Illuminate/Pipeline/Pipeline->{closure:{closure:Illuminate/Pipeline/Pipeline::carry():194}:195}(Object(Illuminate/Http/Request))
#29 C:/Minor Project/Minor-Project/OpensourceE-commercewebsite/vendor/laravel/framework/src/Illuminate/Pipeline/Pipeline.php(219): Illuminate/Foundation/Http/Middleware/PreventRequestForgery->handle(Object(Illuminate/Http/Request), Object(Closure))
#30 C:/Minor Project/Minor-Project/OpensourceE-commercewebsite/vendor/laravel/framework/src/Illuminate/View/Middleware/ShareErrorsFromSession.php(48): Illuminate/Pipeline/Pipeline->{closure:{closure:Illuminate/Pipeline/Pipeline::carry():194}:195}(Object(Illuminate/Http/Request))
#31 C:/Minor Project/Minor-Project/OpensourceE-commercewebsite/vendor/laravel/framework/src/Illuminate/Pipeline/Pipeline.php(219): Illuminate/View/Middleware/ShareErrorsFromSession->handle(Object(Illuminate/Http/Request), Object(Closure))
#32 C:/Minor Project/Minor-Project/OpensourceE-commercewebsite/vendor/laravel/framework/src/Illuminate/Session/Middleware/StartSession.php(120): Illuminate/Pipeline/Pipeline->{closure:{closure:Illuminate/Pipeline/Pipeline::carry():194}:195}(Object(Illuminate/Http/Request))
#33 C:/Minor Project/Minor-Project/OpensourceE-commercewebsite/vendor/laravel/framework/src/Illuminate/Session/Middleware/StartSession.php(63): Illuminate/Session/Middleware/StartSession->handleStatefulRequest(Object(Illuminate/Http/Request), Object(Illuminate/Session/Store), Object(Closure))
#34 C:/Minor Project/Minor-Project/OpensourceE-commercewebsite/vendor/laravel/framework/src/Illuminate/Pipeline/Pipeline.php(219): Illuminate/Session/Middleware/StartSession->handle(Object(Illuminate/Http/Request), Object(Closure))
#35 C:/Minor Project/Minor-Project/OpensourceE-commercewebsite/vendor/laravel/framework/src/Illuminate/Cookie/Middleware/AddQueuedCookiesToResponse.php(36): Illuminate/Pipeline/Pipeline->{closure:{closure:Illuminate/Pipeline/Pipeline::carry():194}:195}(Object(Illuminate/Http/Request))
#36 C:/Minor Project/Minor-Project/OpensourceE-commercewebsite/vendor/laravel/framework/src/Illuminate/Pipeline/Pipeline.php(219): Illuminate/Cookie/Middleware/AddQueuedCookiesToResponse->handle(Object(Illuminate/Http/Request), Object(Closure))
#37 C:/Minor Project/Minor-Project/OpensourceE-commercewebsite/vendor/laravel/framework/src/Illuminate/Cookie/Middleware/EncryptCookies.php(74): Illuminate/Pipeline/Pipeline->{closure:{closure:Illuminate/Pipeline/Pipeline::carry():194}:195}(Object(Illuminate/Http/Request))
#38 C:/Minor Project/Minor-Project/OpensourceE-commercewebsite/vendor/laravel/framework/src/Illuminate/Pipeline/Pipeline.php(219): Illuminate/Cookie/Middleware/EncryptCookies->handle(Object(Illuminate/Http/Request), Object(Closure))
#39 C:/Minor Project/Minor-Project/OpensourceE-commercewebsite/vendor/laravel/framework/src/Illuminate/Pipeline/Pipeline.php(137): Illuminate/Pipeline/Pipeline->{closure:{closure:Illuminate/Pipeline/Pipeline::carry():194}:195}(Object(Illuminate/Http/Request))
#40 C:/Minor Project/Minor-Project/OpensourceE-commercewebsite/vendor/laravel/framework/src/Illuminate/Routing/Router.php(821): Illuminate/Pipeline/Pipeline->then(Object(Closure))
#41 C:/Minor Project/Minor-Project/OpensourceE-commercewebsite/vendor/laravel/framework/src/Illuminate/Routing/Router.php(800): Illuminate/Routing/Router->runRouteWithinStack(Object(Illuminate/Routing/Route), Object(Illuminate/Http/Request))
#42 C:/Minor Project/Minor-Project/OpensourceE-commercewebsite/vendor/laravel/framework/src/Illuminate/Routing/Router.php(764): Illuminate/Routing/Router->runRoute(Object(Illuminate/Http/Request), Object(Illuminate/Routing/Route))
#43 C:/Minor Project/Minor-Project/OpensourceE-commercewebsite/vendor/laravel/framework/src/Illuminate/Routing/Router.php(753): Illuminate/Routing/Router->dispatchToRoute(Object(Illuminate/Http/Request))
#44 C:/Minor Project/Minor-Project/OpensourceE-commercewebsite/vendor/laravel/framework/src/Illuminate/Foundation/Http/Kernel.php(200): Illuminate/Routing/Router->dispatch(Object(Illuminate/Http/Request))
#45 C:/Minor Project/Minor-Project/OpensourceE-commercewebsite/vendor/laravel/framework/src/Illuminate/Pipeline/Pipeline.php(180): Illuminate/Foundation/Http/Kernel->{closure:Illuminate/Foundation/Http/Kernel::dispatchToRouter():197}(Object(Illuminate/Http/Request))
#46 C:/Minor Project/Minor-Project/OpensourceE-commercewebsite/vendor/laravel/framework/src/Illuminate/Foundation/Http/Middleware/TransformsRequest.php(21): Illuminate/Pipeline/Pipeline->{closure:Illuminate/Pipeline/Pipeline::prepareDestination():178}(Object(Illuminate/Http/Request))
#47 C:/Minor Project/Minor-Project/OpensourceE-commercewebsite/vendor/laravel/framework/src/Illuminate/Foundation/Http/Middleware/ConvertEmptyStringsToNull.php(31): Illuminate/Foundation/Http/Middleware/TransformsRequest->handle(Object(Illuminate/Http/Request), Object(Closure))
#48 C:/Minor Project/Minor-Project/OpensourceE-commercewebsite/vendor/laravel/framework/src/Illuminate/Pipeline/Pipeline.php(219): Illuminate/Foundation/Http/Middleware/ConvertEmptyStringsToNull->handle(Object(Illuminate/Http/Request), Object(Closure))
#49 C:/Minor Project/Minor-Project/OpensourceE-commercewebsite/vendor/laravel/framework/src/Illuminate/Foundation/Http/Middleware/TransformsRequest.php(21): Illuminate/Pipeline/Pipeline->{closure:{closure:Illuminate/Pipeline/Pipeline::carry():194}:195}(Object(Illuminate/Http/Request))
#50 C:/Minor Project/Minor-Project/OpensourceE-commercewebsite/vendor/laravel/framework/src/Illuminate/Foundation/Http/Middleware/TrimStrings.php(51): Illuminate/Foundation/Http/Middleware/TransformsRequest->handle(Object(Illuminate/Http/Request), Object(Closure))
#51 C:/Minor Project/Minor-Project/OpensourceE-commercewebsite/vendor/laravel/framework/src/Illuminate/Pipeline/Pipeline.php(219): Illuminate/Foundation/Http/Middleware/TrimStrings->handle(Object(Illuminate/Http/Request), Object(Closure))
#52 C:/Minor Project/Minor-Project/OpensourceE-commercewebsite/vendor/laravel/framework/src/Illuminate/Http/Middleware/ValidatePostSize.php(27): Illuminate/Pipeline/Pipeline->{closure:{closure:Illuminate/Pipeline/Pipeline::carry():194}:195}(Object(Illuminate/Http/Request))
#53 C:/Minor Project/Minor-Project/OpensourceE-commercewebsite/vendor/laravel/framework/src/Illuminate/Pipeline/Pipeline.php(219): Illuminate/Http/Middleware/ValidatePostSize->handle(Object(Illuminate/Http/Request), Object(Closure))
#54 C:/Minor Project/Minor-Project/OpensourceE-commercewebsite/vendor/laravel/framework/src/Illuminate/Foundation/Http/Middleware/PreventRequestsDuringMaintenance.php(109): Illuminate/Pipeline/Pipeline->{closure:{closure:Illuminate/Pipeline/Pipeline::carry():194}:195}(Object(Illuminate/Http/Request))
#55 C:/Minor Project/Minor-Project/OpensourceE-commercewebsite/vendor/laravel/framework/src/Illuminate/Pipeline/Pipeline.php(219): Illuminate/Foundation/Http/Middleware/PreventRequestsDuringMaintenance->handle(Object(Illuminate/Http/Request), Object(Closure))
#56 C:/Minor Project/Minor-Project/OpensourceE-commercewebsite/vendor/laravel/framework/src/Illuminate/Http/Middleware/HandleCors.php(61): Illuminate/Pipeline/Pipeline->{closure:{closure:Illuminate/Pipeline/Pipeline::carry():194}:195}(Object(Illuminate/Http/Request))
#57 C:/Minor Project/Minor-Project/OpensourceE-commercewebsite/vendor/laravel/framework/src/Illuminate/Pipeline/Pipeline.php(219): Illuminate/Http/Middleware/HandleCors->handle(Object(Illuminate/Http/Request), Object(Closure))
#58 C:/Minor Project/Minor-Project/OpensourceE-commercewebsite/vendor/laravel/framework/src/Illuminate/Http/Middleware/TrustProxies.php(58): Illuminate/Pipeline/Pipeline->{closure:{closure:Illuminate/Pipeline/Pipeline::carry():194}:195}(Object(Illuminate/Http/Request))
#59 C:/Minor Project/Minor-Project/OpensourceE-commercewebsite/vendor/laravel/framework/src/Illuminate/Pipeline/Pipeline.php(219): Illuminate/Http/Middleware/TrustProxies->handle(Object(Illuminate/Http/Request), Object(Closure))
#60 C:/Minor Project/Minor-Project/OpensourceE-commercewebsite/vendor/laravel/framework/src/Illuminate/Foundation/Http/Middleware/InvokeDeferredCallbacks.php(22): Illuminate/Pipeline/Pipeline->{closure:{closure:Illuminate/Pipeline/Pipeline::carry():194}:195}(Object(Illuminate/Http/Request))
#61 C:/Minor Project/Minor-Project/OpensourceE-commercewebsite/vendor/laravel/framework/src/Illuminate/Pipeline/Pipeline.php(219): Illuminate/Foundation/Http/Middleware/InvokeDeferredCallbacks->handle(Object(Illuminate/Http/Request), Object(Closure))
#62 C:/Minor Project/Minor-Project/OpensourceE-commercewebsite/vendor/laravel/framework/src/Illuminate/Http/Middleware/ValidatePathEncoding.php(28): Illuminate/Pipeline/Pipeline->{closure:{closure:Illuminate/Pipeline/Pipeline::carry():194}:195}(Object(Illuminate/Http/Request))
#63 C:/Minor Project/Minor-Project/OpensourceE-commercewebsite/vendor/laravel/framework/src/Illuminate/Pipeline/Pipeline.php(219): Illuminate/Http/Middleware/ValidatePathEncoding->handle(Object(Illuminate/Http/Request), Object(Closure))
#64 C:/Minor Project/Minor-Project/OpensourceE-commercewebsite/vendor/laravel/framework/src/Illuminate/Pipeline/Pipeline.php(137): Illuminate/Pipeline/Pipeline->{closure:{closure:Illuminate/Pipeline/Pipeline::carry():194}:195}(Object(Illuminate/Http/Request))
#65 C:/Minor Project/Minor-Project/OpensourceE-commercewebsite/vendor/laravel/framework/src/Illuminate/Foundation/Http/Kernel.php(175): Illuminate/Pipeline/Pipeline->then(Object(Closure))
#66 C:/Minor Project/Minor-Project/OpensourceE-commercewebsite/vendor/laravel/framework/src/Illuminate/Foundation/Http/Kernel.php(144): Illuminate/Foundation/Http/Kernel->sendRequestThroughRouter(Object(Illuminate/Http/Request))
#67 C:/Minor Project/Minor-Project/OpensourceE-commercewebsite/vendor/laravel/framework/src/Illuminate/Foundation/Application.php(1220): Illuminate/Foundation/Http/Kernel->handle(Object(Illuminate/Http/Request))
#68 C:/Minor Project/Minor-Project/OpensourceE-commercewebsite/public/index.php(20): Illuminate/Foundation/Application->handleRequest(Object(Illuminate/Http/Request))
#69 {main}

[previous exception] [object] (PDOException(code: 42S02): SQLSTATE[42S02]: Base table or view not found: 1146 Table 'laravel.addresses' doesn't exist at C:/Minor Project/Minor-Project/OpensourceE-commercewebsite/vendor/laravel/framework/src/Illuminate/Database/Connection.php:435)
[stacktrace]
#0 C:/Minor Project/Minor-Project/OpensourceE-commercewebsite/vendor/laravel/framework/src/Illuminate/Database/Connection.php(435): PDO->prepare('select count(*)...')
#1 C:/Minor Project/Minor-Project/OpensourceE-commercewebsite/vendor/laravel/framework/src/Illuminate/Database/Connection.php(846): Illuminate/Database/Connection->{closure:Illuminate/Database/Connection::select():426}('select count(*)...', Array)
#2 C:/Minor Project/Minor-Project/OpensourceE-commercewebsite/vendor/laravel/framework/src/Illuminate/Database/Connection.php(813): Illuminate/Database/Connection->runQueryCallback('select count(*)...', Array, Object(Closure))
#3 C:/Minor Project/Minor-Project/OpensourceE-commercewebsite/vendor/laravel/framework/src/Illuminate/Database/Connection.php(426): Illuminate/Database/Connection->run('select count(*)...', Array, Object(Closure))
#4 C:/Minor Project/Minor-Project/OpensourceE-commercewebsite/vendor/laravel/framework/src/Illuminate/Database/Query/Builder.php(3573): Illuminate/Database/Connection->select('select count(*)...', Array, true, Array)
#5 C:/Minor Project/Minor-Project/OpensourceE-commercewebsite/vendor/laravel/framework/src/Illuminate/Database/Query/Builder.php(3557): Illuminate/Database/Query/Builder->runSelect()
#6 C:/Minor Project/Minor-Project/OpensourceE-commercewebsite/vendor/laravel/framework/src/Illuminate/Database/Query/Builder.php(4073): Illuminate/Database/Query/Builder->get(Array)
#7 C:/Minor Project/Minor-Project/OpensourceE-commercewebsite/vendor/laravel/framework/src/Illuminate/Database/Query/Builder.php(4001): Illuminate/Database/Query/Builder->aggregate('count', Array)
#8 C:/Minor Project/Minor-Project/OpensourceE-commercewebsite/vendor/laravel/framework/src/Illuminate/Database/Eloquent/Builder.php(2271): Illuminate/Database/Query/Builder->count()
#9 C:/Minor Project/Minor-Project/OpensourceE-commercewebsite/vendor/laravel/framework/src/Illuminate/Support/Traits/ForwardsCalls.php(23): Illuminate/Database/Eloquent/Builder->__call('count', Array)
#10 C:/Minor Project/Minor-Project/OpensourceE-commercewebsite/vendor/laravel/framework/src/Illuminate/Support/Traits/ForwardsCalls.php(52): Illuminate/Database/Eloquent/Relations/Relation->forwardCallTo(Object(Illuminate/Database/Eloquent/Builder), 'count', Array)
#11 C:/Minor Project/Minor-Project/OpensourceE-commercewebsite/vendor/laravel/framework/src/Illuminate/Database/Eloquent/Relations/Relation.php(538): Illuminate/Database/Eloquent/Relations/Relation->forwardDecoratedCallTo(Object(Illuminate/Database/Eloquent/Builder), 'count', Array)
#12 C:/Minor Project/Minor-Project/OpensourceE-commercewebsite/storage/framework/views/2368be4065faeacf296edaa58e75f3de.php(172): Illuminate/Database/Eloquent/Relations/Relation->__call('count', Array)
#13 C:/Minor Project/Minor-Project/OpensourceE-commercewebsite/vendor/laravel/framework/src/Illuminate/Filesystem/Filesystem.php(123): require('C://Minor Projec...')
#14 C:/Minor Project/Minor-Project/OpensourceE-commercewebsite/vendor/laravel/framework/src/Illuminate/Filesystem/Filesystem.php(124): Illuminate/Filesystem/Filesystem::{closure:Illuminate/Filesystem/Filesystem::getRequire():120}()
#15 C:/Minor Project/Minor-Project/OpensourceE-commercewebsite/vendor/laravel/framework/src/Illuminate/View/Engines/PhpEngine.php(57): Illuminate/Filesystem/Filesystem->getRequire('C://Minor Projec...', Array)
#16 C:/Minor Project/Minor-Project/OpensourceE-commercewebsite/vendor/laravel/framework/src/Illuminate/View/Engines/CompilerEngine.php(76): Illuminate/View/Engines/PhpEngine->evaluatePath('C://Minor Projec...', Array)
#17 C:/Minor Project/Minor-Project/OpensourceE-commercewebsite/vendor/laravel/framework/src/Illuminate/View/View.php(208): Illuminate/View/Engines/CompilerEngine->get('C://Minor Projec...', Array)
#18 C:/Minor Project/Minor-Project/OpensourceE-commercewebsite/vendor/laravel/framework/src/Illuminate/View/View.php(191): Illuminate/View/View->getContents()
#19 C:/Minor Project/Minor-Project/OpensourceE-commercewebsite/vendor/laravel/framework/src/Illuminate/View/View.php(160): Illuminate/View/View->renderContents()
#20 C:/Minor Project/Minor-Project/OpensourceE-commercewebsite/vendor/laravel/framework/src/Illuminate/Http/Response.php(82): Illuminate/View/View->render()
#21 C:/Minor Project/Minor-Project/OpensourceE-commercewebsite/vendor/laravel/framework/src/Illuminate/Http/Response.php(40): Illuminate/Http/Response->setContent(Object(Illuminate/View/View))
#22 C:/Minor Project/Minor-Project/OpensourceE-commercewebsite/vendor/laravel/framework/src/Illuminate/Routing/Router.php(939): Illuminate/Http/Response->__construct(Object(Illuminate/View/View), 200, Array)
#23 C:/Minor Project/Minor-Project/OpensourceE-commercewebsite/vendor/laravel/framework/src/Illuminate/Routing/Router.php(906): Illuminate/Routing/Router::toResponse(Object(Illuminate/Http/Request), Object(Illuminate/View/View))
#24 C:/Minor Project/Minor-Project/OpensourceE-commercewebsite/vendor/laravel/framework/src/Illuminate/Routing/Router.php(821): Illuminate/Routing/Router->prepareResponse(Object(Illuminate/Http/Request), Object(Illuminate/View/View))
#25 C:/Minor Project/Minor-Project/OpensourceE-commercewebsite/vendor/laravel/framework/src/Illuminate/Pipeline/Pipeline.php(180): Illuminate/Routing/Router->{closure:Illuminate/Routing/Router::runRouteWithinStack():821}(Object(Illuminate/Http/Request))
#26 C:/Minor Project/Minor-Project/OpensourceE-commercewebsite/vendor/laravel/boost/src/Middleware/InjectBoost.php(22): Illuminate/Pipeline/Pipeline->{closure:Illuminate/Pipeline/Pipeline::prepareDestination():178}(Object(Illuminate/Http/Request))
#27 C:/Minor Project/Minor-Project/OpensourceE-commercewebsite/vendor/laravel/framework/src/Illuminate/Pipeline/Pipeline.php(219): Laravel/Boost/Middleware/InjectBoost->handle(Object(Illuminate/Http/Request), Object(Closure))
#28 C:/Minor Project/Minor-Project/OpensourceE-commercewebsite/vendor/laravel/framework/src/Illuminate/Routing/Middleware/SubstituteBindings.php(52): Illuminate/Pipeline/Pipeline->{closure:{closure:Illuminate/Pipeline/Pipeline::carry():194}:195}(Object(Illuminate/Http/Request))
#29 C:/Minor Project/Minor-Project/OpensourceE-commercewebsite/vendor/laravel/framework/src/Illuminate/Pipeline/Pipeline.php(219): Illuminate/Routing/Middleware/SubstituteBindings->handle(Object(Illuminate/Http/Request), Object(Closure))
#30 C:/Minor Project/Minor-Project/OpensourceE-commercewebsite/vendor/laravel/framework/src/Illuminate/Foundation/Http/Middleware/PreventRequestForgery.php(104): Illuminate/Pipeline/Pipeline->{closure:{closure:Illuminate/Pipeline/Pipeline::carry():194}:195}(Object(Illuminate/Http/Request))
#31 C:/Minor Project/Minor-Project/OpensourceE-commercewebsite/vendor/laravel/framework/src/Illuminate/Pipeline/Pipeline.php(219): Illuminate/Foundation/Http/Middleware/PreventRequestForgery->handle(Object(Illuminate/Http/Request), Object(Closure))
#32 C:/Minor Project/Minor-Project/OpensourceE-commercewebsite/vendor/laravel/framework/src/Illuminate/View/Middleware/ShareErrorsFromSession.php(48): Illuminate/Pipeline/Pipeline->{closure:{closure:Illuminate/Pipeline/Pipeline::carry():194}:195}(Object(Illuminate/Http/Request))
#33 C:/Minor Project/Minor-Project/OpensourceE-commercewebsite/vendor/laravel/framework/src/Illuminate/Pipeline/Pipeline.php(219): Illuminate/View/Middleware/ShareErrorsFromSession->handle(Object(Illuminate/Http/Request), Object(Closure))
#34 C:/Minor Project/Minor-Project/OpensourceE-commercewebsite/vendor/laravel/framework/src/Illuminate/Session/Middleware/StartSession.php(120): Illuminate/Pipeline/Pipeline->{closure:{closure:Illuminate/Pipeline/Pipeline::carry():194}:195}(Object(Illuminate/Http/Request))
#35 C:/Minor Project/Minor-Project/OpensourceE-commercewebsite/vendor/laravel/framework/src/Illuminate/Session/Middleware/StartSession.php(63): Illuminate/Session/Middleware/StartSession->handleStatefulRequest(Object(Illuminate/Http/Request), Object(Illuminate/Session/Store), Object(Closure))
#36 C:/Minor Project/Minor-Project/OpensourceE-commercewebsite/vendor/laravel/framework/src/Illuminate/Pipeline/Pipeline.php(219): Illuminate/Session/Middleware/StartSession->handle(Object(Illuminate/Http/Request), Object(Closure))
#37 C:/Minor Project/Minor-Project/OpensourceE-commercewebsite/vendor/laravel/framework/src/Illuminate/Cookie/Middleware/AddQueuedCookiesToResponse.php(36): Illuminate/Pipeline/Pipeline->{closure:{closure:Illuminate/Pipeline/Pipeline::carry():194}:195}(Object(Illuminate/Http/Request))
#38 C:/Minor Project/Minor-Project/OpensourceE-commercewebsite/vendor/laravel/framework/src/Illuminate/Pipeline/Pipeline.php(219): Illuminate/Cookie/Middleware/AddQueuedCookiesToResponse->handle(Object(Illuminate/Http/Request), Object(Closure))
#39 C:/Minor Project/Minor-Project/OpensourceE-commercewebsite/vendor/laravel/framework/src/Illuminate/Cookie/Middleware/EncryptCookies.php(74): Illuminate/Pipeline/Pipeline->{closure:{closure:Illuminate/Pipeline/Pipeline::carry():194}:195}(Object(Illuminate/Http/Request))
#40 C:/Minor Project/Minor-Project/OpensourceE-commercewebsite/vendor/laravel/framework/src/Illuminate/Pipeline/Pipeline.php(219): Illuminate/Cookie/Middleware/EncryptCookies->handle(Object(Illuminate/Http/Request), Object(Closure))
#41 C:/Minor Project/Minor-Project/OpensourceE-commercewebsite/vendor/laravel/framework/src/Illuminate/Pipeline/Pipeline.php(137): Illuminate/Pipeline/Pipeline->{closure:{closure:Illuminate/Pipeline/Pipeline::carry():194}:195}(Object(Illuminate/Http/Request))
#42 C:/Minor Project/Minor-Project/OpensourceE-commercewebsite/vendor/laravel/framework/src/Illuminate/Routing/Router.php(821): Illuminate/Pipeline/Pipeline->then(Object(Closure))
#43 C:/Minor Project/Minor-Project/OpensourceE-commercewebsite/vendor/laravel/framework/src/Illuminate/Routing/Router.php(800): Illuminate/Routing/Router->runRouteWithinStack(Object(Illuminate/Routing/Route), Object(Illuminate/Http/Request))
#44 C:/Minor Project/Minor-Project/OpensourceE-commercewebsite/vendor/laravel/framework/src/Illuminate/Routing/Router.php(764): Illuminate/Routing/Router->runRoute(Object(Illuminate/Http/Request), Object(Illuminate/Routing/Route))
#45 C:/Minor Project/Minor-Project/OpensourceE-commercewebsite/vendor/laravel/framework/src/Illuminate/Routing/Router.php(753): Illuminate/Routing/Router->dispatchToRoute(Object(Illuminate/Http/Request))
#46 C:/Minor Project/Minor-Project/OpensourceE-commercewebsite/vendor/laravel/framework/src/Illuminate/Foundation/Http/Kernel.php(200): Illuminate/Routing/Router->dispatch(Object(Illuminate/Http/Request))
#47 C:/Minor Project/Minor-Project/OpensourceE-commercewebsite/vendor/laravel/framework/src/Illuminate/Pipeline/Pipeline.php(180): Illuminate/Foundation/Http/Kernel->{closure:Illuminate/Foundation/Http/Kernel::dispatchToRouter():197}(Object(Illuminate/Http/Request))
#48 C:/Minor Project/Minor-Project/OpensourceE-commercewebsite/vendor/laravel/framework/src/Illuminate/Foundation/Http/Middleware/TransformsRequest.php(21): Illuminate/Pipeline/Pipeline->{closure:Illuminate/Pipeline/Pipeline::prepareDestination():178}(Object(Illuminate/Http/Request))
#49 C:/Minor Project/Minor-Project/OpensourceE-commercewebsite/vendor/laravel/framework/src/Illuminate/Foundation/Http/Middleware/ConvertEmptyStringsToNull.php(31): Illuminate/Foundation/Http/Middleware/TransformsRequest->handle(Object(Illuminate/Http/Request), Object(Closure))
#50 C:/Minor Project/Minor-Project/OpensourceE-commercewebsite/vendor/laravel/framework/src/Illuminate/Pipeline/Pipeline.php(219): Illuminate/Foundation/Http/Middleware/ConvertEmptyStringsToNull->handle(Object(Illuminate/Http/Request), Object(Closure))
#51 C:/Minor Project/Minor-Project/OpensourceE-commercewebsite/vendor/laravel/framework/src/Illuminate/Foundation/Http/Middleware/TransformsRequest.php(21): Illuminate/Pipeline/Pipeline->{closure:{closure:Illuminate/Pipeline/Pipeline::carry():194}:195}(Object(Illuminate/Http/Request))
#52 C:/Minor Project/Minor-Project/OpensourceE-commercewebsite/vendor/laravel/framework/src/Illuminate/Foundation/Http/Middleware/TrimStrings.php(51): Illuminate/Foundation/Http/Middleware/TransformsRequest->handle(Object(Illuminate/Http/Request), Object(Closure))
#53 C:/Minor Project/Minor-Project/OpensourceE-commercewebsite/vendor/laravel/framework/src/Illuminate/Pipeline/Pipeline.php(219): Illuminate/Foundation/Http/Middleware/TrimStrings->handle(Object(Illuminate/Http/Request), Object(Closure))
#54 C:/Minor Project/Minor-Project/OpensourceE-commercewebsite/vendor/laravel/framework/src/Illuminate/Http/Middleware/ValidatePostSize.php(27): Illuminate/Pipeline/Pipeline->{closure:{closure:Illuminate/Pipeline/Pipeline::carry():194}:195}(Object(Illuminate/Http/Request))
#55 C:/Minor Project/Minor-Project/OpensourceE-commercewebsite/vendor/laravel/framework/src/Illuminate/Pipeline/Pipeline.php(219): Illuminate/Http/Middleware/ValidatePostSize->handle(Object(Illuminate/Http/Request), Object(Closure))
#56 C:/Minor Project/Minor-Project/OpensourceE-commercewebsite/vendor/laravel/framework/src/Illuminate/Foundation/Http/Middleware/PreventRequestsDuringMaintenance.php(109): Illuminate/Pipeline/Pipeline->{closure:{closure:Illuminate/Pipeline/Pipeline::carry():194}:195}(Object(Illuminate/Http/Request))
#57 C:/Minor Project/Minor-Project/OpensourceE-commercewebsite/vendor/laravel/framework/src/Illuminate/Pipeline/Pipeline.php(219): Illuminate/Foundation/Http/Middleware/PreventRequestsDuringMaintenance->handle(Object(Illuminate/Http/Request), Object(Closure))
#58 C:/Minor Project/Minor-Project/OpensourceE-commercewebsite/vendor/laravel/framework/src/Illuminate/Http/Middleware/HandleCors.php(61): Illuminate/Pipeline/Pipeline->{closure:{closure:Illuminate/Pipeline/Pipeline::carry():194}:195}(Object(Illuminate/Http/Request))
#59 C:/Minor Project/Minor-Project/OpensourceE-commercewebsite/vendor/laravel/framework/src/Illuminate/Pipeline/Pipeline.php(219): Illuminate/Http/Middleware/HandleCors->handle(Object(Illuminate/Http/Request), Object(Closure))
#60 C:/Minor Project/Minor-Project/OpensourceE-commercewebsite/vendor/laravel/framework/src/Illuminate/Http/Middleware/TrustProxies.php(58): Illuminate/Pipeline/Pipeline->{closure:{closure:Illuminate/Pipeline/Pipeline::carry():194}:195}(Object(Illuminate/Http/Request))
#61 C:/Minor Project/Minor-Project/OpensourceE-commercewebsite/vendor/laravel/framework/src/Illuminate/Pipeline/Pipeline.php(219): Illuminate/Http/Middleware/TrustProxies->handle(Object(Illuminate/Http/Request), Object(Closure))
#62 C:/Minor Project/Minor-Project/OpensourceE-commercewebsite/vendor/laravel/framework/src/Illuminate/Foundation/Http/Middleware/InvokeDeferredCallbacks.php(22): Illuminate/Pipeline/Pipeline->{closure:{closure:Illuminate/Pipeline/Pipeline::carry():194}:195}(Object(Illuminate/Http/Request))
#63 C:/Minor Project/Minor-Project/OpensourceE-commercewebsite/vendor/laravel/framework/src/Illuminate/Pipeline/Pipeline.php(219): Illuminate/Foundation/Http/Middleware/InvokeDeferredCallbacks->handle(Object(Illuminate/Http/Request), Object(Closure))
#64 C:/Minor Project/Minor-Project/OpensourceE-commercewebsite/vendor/laravel/framework/src/Illuminate/Http/Middleware/ValidatePathEncoding.php(28): Illuminate/Pipeline/Pipeline->{closure:{closure:Illuminate/Pipeline/Pipeline::carry():194}:195}(Object(Illuminate/Http/Request))
#65 C:/Minor Project/Minor-Project/OpensourceE-commercewebsite/vendor/laravel/framework/src/Illuminate/Pipeline/Pipeline.php(219): Illuminate/Http/Middleware/ValidatePathEncoding->handle(Object(Illuminate/Http/Request), Object(Closure))
#66 C:/Minor Project/Minor-Project/OpensourceE-commercewebsite/vendor/laravel/framework/src/Illuminate/Pipeline/Pipeline.php(137): Illuminate/Pipeline/Pipeline->{closure:{closure:Illuminate/Pipeline/Pipeline::carry():194}:195}(Object(Illuminate/Http/Request))
#67 C:/Minor Project/Minor-Project/OpensourceE-commercewebsite/vendor/laravel/framework/src/Illuminate/Foundation/Http/Kernel.php(175): Illuminate/Pipeline/Pipeline->then(Object(Closure))
#68 C:/Minor Project/Minor-Project/OpensourceE-commercewebsite/vendor/laravel/framework/src/Illuminate/Foundation/Http/Kernel.php(144): Illuminate/Foundation/Http/Kernel->sendRequestThroughRouter(Object(Illuminate/Http/Request))
#69 C:/Minor Project/Minor-Project/OpensourceE-commercewebsite/vendor/laravel/framework/src/Illuminate/Foundation/Application.php(1220): Illuminate/Foundation/Http/Kernel->handle(Object(Illuminate/Http/Request))
#70 C:/Minor Project/Minor-Project/OpensourceE-commercewebsite/public/index.php(20): Illuminate/Foundation/Application->handleRequest(Object(Illuminate/Http/Request))
#71 {main}
"} 
[2026-07-24 04:03:31] local.ERROR: SQLSTATE[42S02]: Base table or view not found: 1146 Table 'laravel.addresses' doesn't exist (Connection: mysql, Host: 127.0.0.1, Port: 3306, Database: laravel, SQL: select count(*) as `aggregate` from `addresses` where `addresses`.`user_id` = 1 and `addresses`.`user_id` is not null) (View: C:\Minor Project\Minor-Project\OpensourceE-commercewebsite\resources\views\dashboard.blade.php) {"userId":1,"exception":"[object] (Illuminate\\View\\ViewException(code: 0): SQLSTATE[42S02]: Base table or view not found: 1146 Table 'laravel.addresses' doesn't exist (Connection: mysql, Host: 127.0.0.1, Port: 3306, Database: laravel, SQL: select count(*) as `aggregate` from `addresses` where `addresses`.`user_id` = 1 and `addresses`.`user_id` is not null) (View: C:\\Minor Project\\Minor-Project\\OpensourceE-commercewebsite\\resources\\views\\dashboard.blade.php) at C:/Minor Project/Minor-Project/OpensourceE-commercewebsite/vendor/laravel/framework/src/Illuminate/Database/Connection.php:857)
[stacktrace]
#0 C:/Minor Project/Minor-Project/OpensourceE-commercewebsite/vendor/laravel/framework/src/Illuminate/View/Engines/PhpEngine.php(59): Illuminate/View/Engines/CompilerEngine->handleViewException(Object(Illuminate/Database/QueryException), 0)
#1 C:/Minor Project/Minor-Project/OpensourceE-commercewebsite/vendor/laravel/framework/src/Illuminate/View/Engines/CompilerEngine.php(76): Illuminate/View/Engines/PhpEngine->evaluatePath('C://Minor Projec...', Array)
#2 C:/Minor Project/Minor-Project/OpensourceE-commercewebsite/vendor/laravel/framework/src/Illuminate/View/View.php(208): Illuminate/View/Engines/CompilerEngine->get('C://Minor Projec...', Array)
#3 C:/Minor Project/Minor-Project/OpensourceE-commercewebsite/vendor/laravel/framework/src/Illuminate/View/View.php(191): Illuminate/View/View->getContents()
#4 C:/Minor Project/Minor-Project/OpensourceE-commercewebsite/vendor/laravel/framework/src/Illuminate/View/View.php(160): Illuminate/View/View->renderContents()
#5 C:/Minor Project/Minor-Project/OpensourceE-commercewebsite/vendor/laravel/framework/src/Illuminate/Http/Response.php(82): Illuminate/View/View->render()
#6 C:/Minor Project/Minor-Project/OpensourceE-commercewebsite/vendor/laravel/framework/src/Illuminate/Http/Response.php(40): Illuminate/Http/Response->setContent(Object(Illuminate/View/View))
#7 C:/Minor Project/Minor-Project/OpensourceE-commercewebsite/vendor/laravel/framework/src/Illuminate/Routing/Router.php(939): Illuminate/Http/Response->__construct(Object(Illuminate/View/View), 200, Array)
#8 C:/Minor Project/Minor-Project/OpensourceE-commercewebsite/vendor/laravel/framework/src/Illuminate/Routing/Router.php(906): Illuminate/Routing/Router::toResponse(Object(Illuminate/Http/Request), Object(Illuminate/View/View))
#9 C:/Minor Project/Minor-Project/OpensourceE-commercewebsite/vendor/laravel/framework/src/Illuminate/Routing/Router.php(821): Illuminate/Routing/Router->prepareResponse(Object(Illuminate/Http/Request), Object(Illuminate/View/View))
#10 C:/Minor Project/Minor-Project/OpensourceE-commercewebsite/vendor/laravel/framework/src/Illuminate/Pipeline/Pipeline.php(180): Illuminate/Routing/Router->{closure:Illuminate/Routing/Router::runRouteWithinStack():821}(Object(Illuminate/Http/Request))
#11 C:/Minor Project/Minor-Project/OpensourceE-commercewebsite/vendor/laravel/boost/src/Middleware/InjectBoost.php(22): Illuminate/Pipeline/Pipeline->{closure:Illuminate/Pipeline/Pipeline::prepareDestination():178}(Object(Illuminate/Http/Request))
#12 C:/Minor Project/Minor-Project/OpensourceE-commercewebsite/vendor/laravel/framework/src/Illuminate/Pipeline/Pipeline.php(219): Laravel/Boost/Middleware/InjectBoost->handle(Object(Illuminate/Http/Request), Object(Closure))
#13 C:/Minor Project/Minor-Project/OpensourceE-commercewebsite/vendor/laravel/framework/src/Illuminate/Routing/Middleware/SubstituteBindings.php(52): Illuminate/Pipeline/Pipeline->{closure:{closure:Illuminate/Pipeline/Pipeline::carry():194}:195}(Object(Illuminate/Http/Request))
#14 C:/Minor Project/Minor-Project/OpensourceE-commercewebsite/vendor/laravel/framework/src/Illuminate/Pipeline/Pipeline.php(219): Illuminate/Routing/Middleware/SubstituteBindings->handle(Object(Illuminate/Http/Request), Object(Closure))
#15 C:/Minor Project/Minor-Project/OpensourceE-commercewebsite/vendor/laravel/framework/src/Illuminate/Foundation/Http/Middleware/PreventRequestForgery.php(104): Illuminate/Pipeline/Pipeline->{closure:{closure:Illuminate/Pipeline/Pipeline::carry():194}:195}(Object(Illuminate/Http/Request))
#16 C:/Minor Project/Minor-Project/OpensourceE-commercewebsite/vendor/laravel/framework/src/Illuminate/Pipeline/Pipeline.php(219): Illuminate/Foundation/Http/Middleware/PreventRequestForgery->handle(Object(Illuminate/Http/Request), Object(Closure))
#17 C:/Minor Project/Minor-Project/OpensourceE-commercewebsite/vendor/laravel/framework/src/Illuminate/View/Middleware/ShareErrorsFromSession.php(48): Illuminate/Pipeline/Pipeline->{closure:{closure:Illuminate/Pipeline/Pipeline::carry():194}:195}(Object(Illuminate/Http/Request))
#18 C:/Minor Project/Minor-Project/OpensourceE-commercewebsite/vendor/laravel/framework/src/Illuminate/Pipeline/Pipeline.php(219): Illuminate/View/Middleware/ShareErrorsFromSession->handle(Object(Illuminate/Http/Request), Object(Closure))
#19 C:/Minor Project/Minor-Project/OpensourceE-commercewebsite/vendor/laravel/framework/src/Illuminate/Session/Middleware/StartSession.php(120): Illuminate/Pipeline/Pipeline->{closure:{closure:Illuminate/Pipeline/Pipeline::carry():194}:195}(Object(Illuminate/Http/Request))
#20 C:/Minor Project/Minor-Project/OpensourceE-commercewebsite/vendor/laravel/framework/src/Illuminate/Session/Middleware/StartSession.php(63): Illuminate/Session/Middleware/StartSession->handleStatefulRequest(Object(Illuminate/Http/Request), Object(Illuminate/Session/Store), Object(Closure))
#21 C:/Minor Project/Minor-Project/OpensourceE-commercewebsite/vendor/laravel/framework/src/Illuminate/Pipeline/Pipeline.php(219): Illuminate/Session/Middleware/StartSession->handle(Object(Illuminate/Http/Request), Object(Closure))
#22 C:/Minor Project/Minor-Project/OpensourceE-commercewebsite/vendor/laravel/framework/src/Illuminate/Cookie/Middleware/AddQueuedCookiesToResponse.php(36): Illuminate/Pipeline/Pipeline->{closure:{closure:Illuminate/Pipeline/Pipeline::carry():194}:195}(Object(Illuminate/Http/Request))
#23 C:/Minor Project/Minor-Project/OpensourceE-commercewebsite/vendor/laravel/framework/src/Illuminate/Pipeline/Pipeline.php(219): Illuminate/Cookie/Middleware/AddQueuedCookiesToResponse->handle(Object(Illuminate/Http/Request), Object(Closure))
#24 C:/Minor Project/Minor-Project/OpensourceE-commercewebsite/vendor/laravel/framework/src/Illuminate/Cookie/Middleware/EncryptCookies.php(74): Illuminate/Pipeline/Pipeline->{closure:{closure:Illuminate/Pipeline/Pipeline::carry():194}:195}(Object(Illuminate/Http/Request))
#25 C:/Minor Project/Minor-Project/OpensourceE-commercewebsite/vendor/laravel/framework/src/Illuminate/Pipeline/Pipeline.php(219): Illuminate/Cookie/Middleware/EncryptCookies->handle(Object(Illuminate/Http/Request), Object(Closure))
#26 C:/Minor Project/Minor-Project/OpensourceE-commercewebsite/vendor/laravel/framework/src/Illuminate/Pipeline/Pipeline.php(137): Illuminate/Pipeline/Pipeline->{closure:{closure:Illuminate/Pipeline/Pipeline::carry():194}:195}(Object(Illuminate/Http/Request))
#27 C:/Minor Project/Minor-Project/OpensourceE-commercewebsite/vendor/laravel/framework/src/Illuminate/Routing/Router.php(821): Illuminate/Pipeline/Pipeline->then(Object(Closure))
#28 C:/Minor Project/Minor-Project/OpensourceE-commercewebsite/vendor/laravel/framework/src/Illuminate/Routing/Router.php(800): Illuminate/Routing/Router->runRouteWithinStack(Object(Illuminate/Routing/Route), Object(Illuminate/Http/Request))
#29 C:/Minor Project/Minor-Project/OpensourceE-commercewebsite/vendor/laravel/framework/src/Illuminate/Routing/Router.php(764): Illuminate/Routing/Router->runRoute(Object(Illuminate/Http/Request), Object(Illuminate/Routing/Route))
#30 C:/Minor Project/Minor-Project/OpensourceE-commercewebsite/vendor/laravel/framework/src/Illuminate/Routing/Router.php(753): Illuminate/Routing/Router->dispatchToRoute(Object(Illuminate/Http/Request))
#31 C:/Minor Project/Minor-Project/OpensourceE-commercewebsite/vendor/laravel/framework/src/Illuminate/Foundation/Http/Kernel.php(200): Illuminate/Routing/Router->dispatch(Object(Illuminate/Http/Request))
#32 C:/Minor Project/Minor-Project/OpensourceE-commercewebsite/vendor/laravel/framework/src/Illuminate/Pipeline/Pipeline.php(180): Illuminate/Foundation/Http/Kernel->{closure:Illuminate/Foundation/Http/Kernel::dispatchToRouter():197}(Object(Illuminate/Http/Request))
#33 C:/Minor Project/Minor-Project/OpensourceE-commercewebsite/vendor/laravel/framework/src/Illuminate/Foundation/Http/Middleware/TransformsRequest.php(21): Illuminate/Pipeline/Pipeline->{closure:Illuminate/Pipeline/Pipeline::prepareDestination():178}(Object(Illuminate/Http/Request))
#34 C:/Minor Project/Minor-Project/OpensourceE-commercewebsite/vendor/laravel/framework/src/Illuminate/Foundation/Http/Middleware/ConvertEmptyStringsToNull.php(31): Illuminate/Foundation/Http/Middleware/TransformsRequest->handle(Object(Illuminate/Http/Request), Object(Closure))
#35 C:/Minor Project/Minor-Project/OpensourceE-commercewebsite/vendor/laravel/framework/src/Illuminate/Pipeline/Pipeline.php(219): Illuminate/Foundation/Http/Middleware/ConvertEmptyStringsToNull->handle(Object(Illuminate/Http/Request), Object(Closure))
#36 C:/Minor Project/Minor-Project/OpensourceE-commercewebsite/vendor/laravel/framework/src/Illuminate/Foundation/Http/Middleware/TransformsRequest.php(21): Illuminate/Pipeline/Pipeline->{closure:{closure:Illuminate/Pipeline/Pipeline::carry():194}:195}(Object(Illuminate/Http/Request))
#37 C:/Minor Project/Minor-Project/OpensourceE-commercewebsite/vendor/laravel/framework/src/Illuminate/Foundation/Http/Middleware/TrimStrings.php(51): Illuminate/Foundation/Http/Middleware/TransformsRequest->handle(Object(Illuminate/Http/Request), Object(Closure))
#38 C:/Minor Project/Minor-Project/OpensourceE-commercewebsite/vendor/laravel/framework/src/Illuminate/Pipeline/Pipeline.php(219): Illuminate/Foundation/Http/Middleware/TrimStrings->handle(Object(Illuminate/Http/Request), Object(Closure))
#39 C:/Minor Project/Minor-Project/OpensourceE-commercewebsite/vendor/laravel/framework/src/Illuminate/Http/Middleware/ValidatePostSize.php(27): Illuminate/Pipeline/Pipeline->{closure:{closure:Illuminate/Pipeline/Pipeline::carry():194}:195}(Object(Illuminate/Http/Request))
#40 C:/Minor Project/Minor-Project/OpensourceE-commercewebsite/vendor/laravel/framework/src/Illuminate/Pipeline/Pipeline.php(219): Illuminate/Http/Middleware/ValidatePostSize->handle(Object(Illuminate/Http/Request), Object(Closure))
#41 C:/Minor Project/Minor-Project/OpensourceE-commercewebsite/vendor/laravel/framework/src/Illuminate/Foundation/Http/Middleware/PreventRequestsDuringMaintenance.php(109): Illuminate/Pipeline/Pipeline->{closure:{closure:Illuminate/Pipeline/Pipeline::carry():194}:195}(Object(Illuminate/Http/Request))
#42 C:/Minor Project/Minor-Project/OpensourceE-commercewebsite/vendor/laravel/framework/src/Illuminate/Pipeline/Pipeline.php(219): Illuminate/Foundation/Http/Middleware/PreventRequestsDuringMaintenance->handle(Object(Illuminate/Http/Request), Object(Closure))
#43 C:/Minor Project/Minor-Project/OpensourceE-commercewebsite/vendor/laravel/framework/src/Illuminate/Http/Middleware/HandleCors.php(61): Illuminate/Pipeline/Pipeline->{closure:{closure:Illuminate/Pipeline/Pipeline::carry():194}:195}(Object(Illuminate/Http/Request))
#44 C:/Minor Project/Minor-Project/OpensourceE-commercewebsite/vendor/laravel/framework/src/Illuminate/Pipeline/Pipeline.php(219): Illuminate/Http/Middleware/HandleCors->handle(Object(Illuminate/Http/Request), Object(Closure))
#45 C:/Minor Project/Minor-Project/OpensourceE-commercewebsite/vendor/laravel/framework/src/Illuminate/Http/Middleware/TrustProxies.php(58): Illuminate/Pipeline/Pipeline->{closure:{closure:Illuminate/Pipeline/Pipeline::carry():194}:195}(Object(Illuminate/Http/Request))
#46 C:/Minor Project/Minor-Project/OpensourceE-commercewebsite/vendor/laravel/framework/src/Illuminate/Pipeline/Pipeline.php(219): Illuminate/Http/Middleware/TrustProxies->handle(Object(Illuminate/Http/Request), Object(Closure))
#47 C:/Minor Project/Minor-Project/OpensourceE-commercewebsite/vendor/laravel/framework/src/Illuminate/Foundation/Http/Middleware/InvokeDeferredCallbacks.php(22): Illuminate/Pipeline/Pipeline->{closure:{closure:Illuminate/Pipeline/Pipeline::carry():194}:195}(Object(Illuminate/Http/Request))
#48 C:/Minor Project/Minor-Project/OpensourceE-commercewebsite/vendor/laravel/framework/src/Illuminate/Pipeline/Pipeline.php(219): Illuminate/Foundation/Http/Middleware/InvokeDeferredCallbacks->handle(Object(Illuminate/Http/Request), Object(Closure))
#49 C:/Minor Project/Minor-Project/OpensourceE-commercewebsite/vendor/laravel/framework/src/Illuminate/Http/Middleware/ValidatePathEncoding.php(28): Illuminate/Pipeline/Pipeline->{closure:{closure:Illuminate/Pipeline/Pipeline::carry():194}:195}(Object(Illuminate/Http/Request))
#50 C:/Minor Project/Minor-Project/OpensourceE-commercewebsite/vendor/laravel/framework/src/Illuminate/Pipeline/Pipeline.php(219): Illuminate/Http/Middleware/ValidatePathEncoding->handle(Object(Illuminate/Http/Request), Object(Closure))
#51 C:/Minor Project/Minor-Project/OpensourceE-commercewebsite/vendor/laravel/framework/src/Illuminate/Pipeline/Pipeline.php(137): Illuminate/Pipeline/Pipeline->{closure:{closure:Illuminate/Pipeline/Pipeline::carry():194}:195}(Object(Illuminate/Http/Request))
#52 C:/Minor Project/Minor-Project/OpensourceE-commercewebsite/vendor/laravel/framework/src/Illuminate/Foundation/Http/Kernel.php(175): Illuminate/Pipeline/Pipeline->then(Object(Closure))
#53 C:/Minor Project/Minor-Project/OpensourceE-commercewebsite/vendor/laravel/framework/src/Illuminate/Foundation/Http/Kernel.php(144): Illuminate/Foundation/Http/Kernel->sendRequestThroughRouter(Object(Illuminate/Http/Request))
#54 C:/Minor Project/Minor-Project/OpensourceE-commercewebsite/vendor/laravel/framework/src/Illuminate/Foundation/Application.php(1220): Illuminate/Foundation/Http/Kernel->handle(Object(Illuminate/Http/Request))
#55 C:/Minor Project/Minor-Project/OpensourceE-commercewebsite/public/index.php(20): Illuminate/Foundation/Application->handleRequest(Object(Illuminate/Http/Request))
#56 {main}

[previous exception] [object] (Illuminate\\Database\\QueryException(code: 42S02): SQLSTATE[42S02]: Base table or view not found: 1146 Table 'laravel.addresses' doesn't exist (Connection: mysql, Host: 127.0.0.1, Port: 3306, Database: laravel, SQL: select count(*) as `aggregate` from `addresses` where `addresses`.`user_id` = 1 and `addresses`.`user_id` is not null) at C:/Minor Project/Minor-Project/OpensourceE-commercewebsite/vendor/laravel/framework/src/Illuminate/Database/Connection.php:857)
[stacktrace]
#0 C:/Minor Project/Minor-Project/OpensourceE-commercewebsite/vendor/laravel/framework/src/Illuminate/Database/Connection.php(813): Illuminate/Database/Connection->runQueryCallback('select count(*)...', Array, Object(Closure))
#1 C:/Minor Project/Minor-Project/OpensourceE-commercewebsite/vendor/laravel/framework/src/Illuminate/Database/Connection.php(426): Illuminate/Database/Connection->run('select count(*)...', Array, Object(Closure))
#2 C:/Minor Project/Minor-Project/OpensourceE-commercewebsite/vendor/laravel/framework/src/Illuminate/Database/Query/Builder.php(3573): Illuminate/Database/Connection->select('select count(*)...', Array, true, Array)
#3 C:/Minor Project/Minor-Project/OpensourceE-commercewebsite/vendor/laravel/framework/src/Illuminate/Database/Query/Builder.php(3557): Illuminate/Database/Query/Builder->runSelect()
#4 C:/Minor Project/Minor-Project/OpensourceE-commercewebsite/vendor/laravel/framework/src/Illuminate/Database/Query/Builder.php(4073): Illuminate/Database/Query/Builder->get(Array)
#5 C:/Minor Project/Minor-Project/OpensourceE-commercewebsite/vendor/laravel/framework/src/Illuminate/Database/Query/Builder.php(4001): Illuminate/Database/Query/Builder->aggregate('count', Array)
#6 C:/Minor Project/Minor-Project/OpensourceE-commercewebsite/vendor/laravel/framework/src/Illuminate/Database/Eloquent/Builder.php(2271): Illuminate/Database/Query/Builder->count()
#7 C:/Minor Project/Minor-Project/OpensourceE-commercewebsite/vendor/laravel/framework/src/Illuminate/Support/Traits/ForwardsCalls.php(23): Illuminate/Database/Eloquent/Builder->__call('count', Array)
#8 C:/Minor Project/Minor-Project/OpensourceE-commercewebsite/vendor/laravel/framework/src/Illuminate/Support/Traits/ForwardsCalls.php(52): Illuminate/Database/Eloquent/Relations/Relation->forwardCallTo(Object(Illuminate/Database/Eloquent/Builder), 'count', Array)
#9 C:/Minor Project/Minor-Project/OpensourceE-commercewebsite/vendor/laravel/framework/src/Illuminate/Database/Eloquent/Relations/Relation.php(538): Illuminate/Database/Eloquent/Relations/Relation->forwardDecoratedCallTo(Object(Illuminate/Database/Eloquent/Builder), 'count', Array)
#10 C:/Minor Project/Minor-Project/OpensourceE-commercewebsite/storage/framework/views/2368be4065faeacf296edaa58e75f3de.php(172): Illuminate/Database/Eloquent/Relations/Relation->__call('count', Array)
#11 C:/Minor Project/Minor-Project/OpensourceE-commercewebsite/vendor/laravel/framework/src/Illuminate/Filesystem/Filesystem.php(123): require('C://Minor Projec...')
#12 C:/Minor Project/Minor-Project/OpensourceE-commercewebsite/vendor/laravel/framework/src/Illuminate/Filesystem/Filesystem.php(124): Illuminate/Filesystem/Filesystem::{closure:Illuminate/Filesystem/Filesystem::getRequire():120}()
#13 C:/Minor Project/Minor-Project/OpensourceE-commercewebsite/vendor/laravel/framework/src/Illuminate/View/Engines/PhpEngine.php(57): Illuminate/Filesystem/Filesystem->getRequire('C://Minor Projec...', Array)
#14 C:/Minor Project/Minor-Project/OpensourceE-commercewebsite/vendor/laravel/framework/src/Illuminate/View/Engines/CompilerEngine.php(76): Illuminate/View/Engines/PhpEngine->evaluatePath('C://Minor Projec...', Array)
#15 C:/Minor Project/Minor-Project/OpensourceE-commercewebsite/vendor/laravel/framework/src/Illuminate/View/View.php(208): Illuminate/View/Engines/CompilerEngine->get('C://Minor Projec...', Array)
#16 C:/Minor Project/Minor-Project/OpensourceE-commercewebsite/vendor/laravel/framework/src/Illuminate/View/View.php(191): Illuminate/View/View->getContents()
#17 C:/Minor Project/Minor-Project/OpensourceE-commercewebsite/vendor/laravel/framework/src/Illuminate/View/View.php(160): Illuminate/View/View->renderContents()
#18 C:/Minor Project/Minor-Project/OpensourceE-commercewebsite/vendor/laravel/framework/src/Illuminate/Http/Response.php(82): Illuminate/View/View->render()
#19 C:/Minor Project/Minor-Project/OpensourceE-commercewebsite/vendor/laravel/framework/src/Illuminate/Http/Response.php(40): Illuminate/Http/Response->setContent(Object(Illuminate/View/View))
#20 C:/Minor Project/Minor-Project/OpensourceE-commercewebsite/vendor/laravel/framework/src/Illuminate/Routing/Router.php(939): Illuminate/Http/Response->__construct(Object(Illuminate/View/View), 200, Array)
#21 C:/Minor Project/Minor-Project/OpensourceE-commercewebsite/vendor/laravel/framework/src/Illuminate/Routing/Router.php(906): Illuminate/Routing/Router::toResponse(Object(Illuminate/Http/Request), Object(Illuminate/View/View))
#22 C:/Minor Project/Minor-Project/OpensourceE-commercewebsite/vendor/laravel/framework/src/Illuminate/Routing/Router.php(821): Illuminate/Routing/Router->prepareResponse(Object(Illuminate/Http/Request), Object(Illuminate/View/View))
#23 C:/Minor Project/Minor-Project/OpensourceE-commercewebsite/vendor/laravel/framework/src/Illuminate/Pipeline/Pipeline.php(180): Illuminate/Routing/Router->{closure:Illuminate/Routing/Router::runRouteWithinStack():821}(Object(Illuminate/Http/Request))
#24 C:/Minor Project/Minor-Project/OpensourceE-commercewebsite/vendor/laravel/boost/src/Middleware/InjectBoost.php(22): Illuminate/Pipeline/Pipeline->{closure:Illuminate/Pipeline/Pipeline::prepareDestination():178}(Object(Illuminate/Http/Request))
#25 C:/Minor Project/Minor-Project/OpensourceE-commercewebsite/vendor/laravel/framework/src/Illuminate/Pipeline/Pipeline.php(219): Laravel/Boost/Middleware/InjectBoost->handle(Object(Illuminate/Http/Request), Object(Closure))
#26 C:/Minor Project/Minor-Project/OpensourceE-commercewebsite/vendor/laravel/framework/src/Illuminate/Routing/Middleware/SubstituteBindings.php(52): Illuminate/Pipeline/Pipeline->{closure:{closure:Illuminate/Pipeline/Pipeline::carry():194}:195}(Object(Illuminate/Http/Request))
#27 C:/Minor Project/Minor-Project/OpensourceE-commercewebsite/vendor/laravel/framework/src/Illuminate/Pipeline/Pipeline.php(219): Illuminate/Routing/Middleware/SubstituteBindings->handle(Object(Illuminate/Http/Request), Object(Closure))
#28 C:/Minor Project/Minor-Project/OpensourceE-commercewebsite/vendor/laravel/framework/src/Illuminate/Foundation/Http/Middleware/PreventRequestForgery.php(104): Illuminate/Pipeline/Pipeline->{closure:{closure:Illuminate/Pipeline/Pipeline::carry():194}:195}(Object(Illuminate/Http/Request))
#29 C:/Minor Project/Minor-Project/OpensourceE-commercewebsite/vendor/laravel/framework/src/Illuminate/Pipeline/Pipeline.php(219): Illuminate/Foundation/Http/Middleware/PreventRequestForgery->handle(Object(Illuminate/Http/Request), Object(Closure))
#30 C:/Minor Project/Minor-Project/OpensourceE-commercewebsite/vendor/laravel/framework/src/Illuminate/View/Middleware/ShareErrorsFromSession.php(48): Illuminate/Pipeline/Pipeline->{closure:{closure:Illuminate/Pipeline/Pipeline::carry():194}:195}(Object(Illuminate/Http/Request))
#31 C:/Minor Project/Minor-Project/OpensourceE-commercewebsite/vendor/laravel/framework/src/Illuminate/Pipeline/Pipeline.php(219): Illuminate/View/Middleware/ShareErrorsFromSession->handle(Object(Illuminate/Http/Request), Object(Closure))
#32 C:/Minor Project/Minor-Project/OpensourceE-commercewebsite/vendor/laravel/framework/src/Illuminate/Session/Middleware/StartSession.php(120): Illuminate/Pipeline/Pipeline->{closure:{closure:Illuminate/Pipeline/Pipeline::carry():194}:195}(Object(Illuminate/Http/Request))
#33 C:/Minor Project/Minor-Project/OpensourceE-commercewebsite/vendor/laravel/framework/src/Illuminate/Session/Middleware/StartSession.php(63): Illuminate/Session/Middleware/StartSession->handleStatefulRequest(Object(Illuminate/Http/Request), Object(Illuminate/Session/Store), Object(Closure))
#34 C:/Minor Project/Minor-Project/OpensourceE-commercewebsite/vendor/laravel/framework/src/Illuminate/Pipeline/Pipeline.php(219): Illuminate/Session/Middleware/StartSession->handle(Object(Illuminate/Http/Request), Object(Closure))
#35 C:/Minor Project/Minor-Project/OpensourceE-commercewebsite/vendor/laravel/framework/src/Illuminate/Cookie/Middleware/AddQueuedCookiesToResponse.php(36): Illuminate/Pipeline/Pipeline->{closure:{closure:Illuminate/Pipeline/Pipeline::carry():194}:195}(Object(Illuminate/Http/Request))
#36 C:/Minor Project/Minor-Project/OpensourceE-commercewebsite/vendor/laravel/framework/src/Illuminate/Pipeline/Pipeline.php(219): Illuminate/Cookie/Middleware/AddQueuedCookiesToResponse->handle(Object(Illuminate/Http/Request), Object(Closure))
#37 C:/Minor Project/Minor-Project/OpensourceE-commercewebsite/vendor/laravel/framework/src/Illuminate/Cookie/Middleware/EncryptCookies.php(74): Illuminate/Pipeline/Pipeline->{closure:{closure:Illuminate/Pipeline/Pipeline::carry():194}:195}(Object(Illuminate/Http/Request))
#38 C:/Minor Project/Minor-Project/OpensourceE-commercewebsite/vendor/laravel/framework/src/Illuminate/Pipeline/Pipeline.php(219): Illuminate/Cookie/Middleware/EncryptCookies->handle(Object(Illuminate/Http/Request), Object(Closure))
#39 C:/Minor Project/Minor-Project/OpensourceE-commercewebsite/vendor/laravel/framework/src/Illuminate/Pipeline/Pipeline.php(137): Illuminate/Pipeline/Pipeline->{closure:{closure:Illuminate/Pipeline/Pipeline::carry():194}:195}(Object(Illuminate/Http/Request))
#40 C:/Minor Project/Minor-Project/OpensourceE-commercewebsite/vendor/laravel/framework/src/Illuminate/Routing/Router.php(821): Illuminate/Pipeline/Pipeline->then(Object(Closure))
#41 C:/Minor Project/Minor-Project/OpensourceE-commercewebsite/vendor/laravel/framework/src/Illuminate/Routing/Router.php(800): Illuminate/Routing/Router->runRouteWithinStack(Object(Illuminate/Routing/Route), Object(Illuminate/Http/Request))
#42 C:/Minor Project/Minor-Project/OpensourceE-commercewebsite/vendor/laravel/framework/src/Illuminate/Routing/Router.php(764): Illuminate/Routing/Router->runRoute(Object(Illuminate/Http/Request), Object(Illuminate/Routing/Route))
#43 C:/Minor Project/Minor-Project/OpensourceE-commercewebsite/vendor/laravel/framework/src/Illuminate/Routing/Router.php(753): Illuminate/Routing/Router->dispatchToRoute(Object(Illuminate/Http/Request))
#44 C:/Minor Project/Minor-Project/OpensourceE-commercewebsite/vendor/laravel/framework/src/Illuminate/Foundation/Http/Kernel.php(200): Illuminate/Routing/Router->dispatch(Object(Illuminate/Http/Request))
#45 C:/Minor Project/Minor-Project/OpensourceE-commercewebsite/vendor/laravel/framework/src/Illuminate/Pipeline/Pipeline.php(180): Illuminate/Foundation/Http/Kernel->{closure:Illuminate/Foundation/Http/Kernel::dispatchToRouter():197}(Object(Illuminate/Http/Request))
#46 C:/Minor Project/Minor-Project/OpensourceE-commercewebsite/vendor/laravel/framework/src/Illuminate/Foundation/Http/Middleware/TransformsRequest.php(21): Illuminate/Pipeline/Pipeline->{closure:Illuminate/Pipeline/Pipeline::prepareDestination():178}(Object(Illuminate/Http/Request))
#47 C:/Minor Project/Minor-Project/OpensourceE-commercewebsite/vendor/laravel/framework/src/Illuminate/Foundation/Http/Middleware/ConvertEmptyStringsToNull.php(31): Illuminate/Foundation/Http/Middleware/TransformsRequest->handle(Object(Illuminate/Http/Request), Object(Closure))
#48 C:/Minor Project/Minor-Project/OpensourceE-commercewebsite/vendor/laravel/framework/src/Illuminate/Pipeline/Pipeline.php(219): Illuminate/Foundation/Http/Middleware/ConvertEmptyStringsToNull->handle(Object(Illuminate/Http/Request), Object(Closure))
#49 C:/Minor Project/Minor-Project/OpensourceE-commercewebsite/vendor/laravel/framework/src/Illuminate/Foundation/Http/Middleware/TransformsRequest.php(21): Illuminate/Pipeline/Pipeline->{closure:{closure:Illuminate/Pipeline/Pipeline::carry():194}:195}(Object(Illuminate/Http/Request))
#50 C:/Minor Project/Minor-Project/OpensourceE-commercewebsite/vendor/laravel/framework/src/Illuminate/Foundation/Http/Middleware/TrimStrings.php(51): Illuminate/Foundation/Http/Middleware/TransformsRequest->handle(Object(Illuminate/Http/Request), Object(Closure))
#51 C:/Minor Project/Minor-Project/OpensourceE-commercewebsite/vendor/laravel/framework/src/Illuminate/Pipeline/Pipeline.php(219): Illuminate/Foundation/Http/Middleware/TrimStrings->handle(Object(Illuminate/Http/Request), Object(Closure))
#52 C:/Minor Project/Minor-Project/OpensourceE-commercewebsite/vendor/laravel/framework/src/Illuminate/Http/Middleware/ValidatePostSize.php(27): Illuminate/Pipeline/Pipeline->{closure:{closure:Illuminate/Pipeline/Pipeline::carry():194}:195}(Object(Illuminate/Http/Request))
#53 C:/Minor Project/Minor-Project/OpensourceE-commercewebsite/vendor/laravel/framework/src/Illuminate/Pipeline/Pipeline.php(219): Illuminate/Http/Middleware/ValidatePostSize->handle(Object(Illuminate/Http/Request), Object(Closure))
#54 C:/Minor Project/Minor-Project/OpensourceE-commercewebsite/vendor/laravel/framework/src/Illuminate/Foundation/Http/Middleware/PreventRequestsDuringMaintenance.php(109): Illuminate/Pipeline/Pipeline->{closure:{closure:Illuminate/Pipeline/Pipeline::carry():194}:195}(Object(Illuminate/Http/Request))
#55 C:/Minor Project/Minor-Project/OpensourceE-commercewebsite/vendor/laravel/framework/src/Illuminate/Pipeline/Pipeline.php(219): Illuminate/Foundation/Http/Middleware/PreventRequestsDuringMaintenance->handle(Object(Illuminate/Http/Request), Object(Closure))
#56 C:/Minor Project/Minor-Project/OpensourceE-commercewebsite/vendor/laravel/framework/src/Illuminate/Http/Middleware/HandleCors.php(61): Illuminate/Pipeline/Pipeline->{closure:{closure:Illuminate/Pipeline/Pipeline::carry():194}:195}(Object(Illuminate/Http/Request))
#57 C:/Minor Project/Minor-Project/OpensourceE-commercewebsite/vendor/laravel/framework/src/Illuminate/Pipeline/Pipeline.php(219): Illuminate/Http/Middleware/HandleCors->handle(Object(Illuminate/Http/Request), Object(Closure))
#58 C:/Minor Project/Minor-Project/OpensourceE-commercewebsite/vendor/laravel/framework/src/Illuminate/Http/Middleware/TrustProxies.php(58): Illuminate/Pipeline/Pipeline->{closure:{closure:Illuminate/Pipeline/Pipeline::carry():194}:195}(Object(Illuminate/Http/Request))
#59 C:/Minor Project/Minor-Project/OpensourceE-commercewebsite/vendor/laravel/framework/src/Illuminate/Pipeline/Pipeline.php(219): Illuminate/Http/Middleware/TrustProxies->handle(Object(Illuminate/Http/Request), Object(Closure))
#60 C:/Minor Project/Minor-Project/OpensourceE-commercewebsite/vendor/laravel/framework/src/Illuminate/Foundation/Http/Middleware/InvokeDeferredCallbacks.php(22): Illuminate/Pipeline/Pipeline->{closure:{closure:Illuminate/Pipeline/Pipeline::carry():194}:195}(Object(Illuminate/Http/Request))
#61 C:/Minor Project/Minor-Project/OpensourceE-commercewebsite/vendor/laravel/framework/src/Illuminate/Pipeline/Pipeline.php(219): Illuminate/Foundation/Http/Middleware/InvokeDeferredCallbacks->handle(Object(Illuminate/Http/Request), Object(Closure))
#62 C:/Minor Project/Minor-Project/OpensourceE-commercewebsite/vendor/laravel/framework/src/Illuminate/Http/Middleware/ValidatePathEncoding.php(28): Illuminate/Pipeline/Pipeline->{closure:{closure:Illuminate/Pipeline/Pipeline::carry():194}:195}(Object(Illuminate/Http/Request))
#63 C:/Minor Project/Minor-Project/OpensourceE-commercewebsite/vendor/laravel/framework/src/Illuminate/Pipeline/Pipeline.php(219): Illuminate/Http/Middleware/ValidatePathEncoding->handle(Object(Illuminate/Http/Request), Object(Closure))
#64 C:/Minor Project/Minor-Project/OpensourceE-commercewebsite/vendor/laravel/framework/src/Illuminate/Pipeline/Pipeline.php(137): Illuminate/Pipeline/Pipeline->{closure:{closure:Illuminate/Pipeline/Pipeline::carry():194}:195}(Object(Illuminate/Http/Request))
#65 C:/Minor Project/Minor-Project/OpensourceE-commercewebsite/vendor/laravel/framework/src/Illuminate/Foundation/Http/Kernel.php(175): Illuminate/Pipeline/Pipeline->then(Object(Closure))
#66 C:/Minor Project/Minor-Project/OpensourceE-commercewebsite/vendor/laravel/framework/src/Illuminate/Foundation/Http/Kernel.php(144): Illuminate/Foundation/Http/Kernel->sendRequestThroughRouter(Object(Illuminate/Http/Request))
#67 C:/Minor Project/Minor-Project/OpensourceE-commercewebsite/vendor/laravel/framework/src/Illuminate/Foundation/Application.php(1220): Illuminate/Foundation/Http/Kernel->handle(Object(Illuminate/Http/Request))
#68 C:/Minor Project/Minor-Project/OpensourceE-commercewebsite/public/index.php(20): Illuminate/Foundation/Application->handleRequest(Object(Illuminate/Http/Request))
#69 {main}

[previous exception] [object] (PDOException(code: 42S02): SQLSTATE[42S02]: Base table or view not found: 1146 Table 'laravel.addresses' doesn't exist at C:/Minor Project/Minor-Project/OpensourceE-commercewebsite/vendor/laravel/framework/src/Illuminate/Database/Connection.php:435)
[stacktrace]
#0 C:/Minor Project/Minor-Project/OpensourceE-commercewebsite/vendor/laravel/framework/src/Illuminate/Database/Connection.php(435): PDO->prepare('select count(*)...')
#1 C:/Minor Project/Minor-Project/OpensourceE-commercewebsite/vendor/laravel/framework/src/Illuminate/Database/Connection.php(846): Illuminate/Database/Connection->{closure:Illuminate/Database/Connection::select():426}('select count(*)...', Array)
#2 C:/Minor Project/Minor-Project/OpensourceE-commercewebsite/vendor/laravel/framework/src/Illuminate/Database/Connection.php(813): Illuminate/Database/Connection->runQueryCallback('select count(*)...', Array, Object(Closure))
#3 C:/Minor Project/Minor-Project/OpensourceE-commercewebsite/vendor/laravel/framework/src/Illuminate/Database/Connection.php(426): Illuminate/Database/Connection->run('select count(*)...', Array, Object(Closure))
#4 C:/Minor Project/Minor-Project/OpensourceE-commercewebsite/vendor/laravel/framework/src/Illuminate/Database/Query/Builder.php(3573): Illuminate/Database/Connection->select('select count(*)...', Array, true, Array)
#5 C:/Minor Project/Minor-Project/OpensourceE-commercewebsite/vendor/laravel/framework/src/Illuminate/Database/Query/Builder.php(3557): Illuminate/Database/Query/Builder->runSelect()
#6 C:/Minor Project/Minor-Project/OpensourceE-commercewebsite/vendor/laravel/framework/src/Illuminate/Database/Query/Builder.php(4073): Illuminate/Database/Query/Builder->get(Array)
#7 C:/Minor Project/Minor-Project/OpensourceE-commercewebsite/vendor/laravel/framework/src/Illuminate/Database/Query/Builder.php(4001): Illuminate/Database/Query/Builder->aggregate('count', Array)
#8 C:/Minor Project/Minor-Project/OpensourceE-commercewebsite/vendor/laravel/framework/src/Illuminate/Database/Eloquent/Builder.php(2271): Illuminate/Database/Query/Builder->count()
#9 C:/Minor Project/Minor-Project/OpensourceE-commercewebsite/vendor/laravel/framework/src/Illuminate/Support/Traits/ForwardsCalls.php(23): Illuminate/Database/Eloquent/Builder->__call('count', Array)
#10 C:/Minor Project/Minor-Project/OpensourceE-commercewebsite/vendor/laravel/framework/src/Illuminate/Support/Traits/ForwardsCalls.php(52): Illuminate/Database/Eloquent/Relations/Relation->forwardCallTo(Object(Illuminate/Database/Eloquent/Builder), 'count', Array)
#11 C:/Minor Project/Minor-Project/OpensourceE-commercewebsite/vendor/laravel/framework/src/Illuminate/Database/Eloquent/Relations/Relation.php(538): Illuminate/Database/Eloquent/Relations/Relation->forwardDecoratedCallTo(Object(Illuminate/Database/Eloquent/Builder), 'count', Array)
#12 C:/Minor Project/Minor-Project/OpensourceE-commercewebsite/storage/framework/views/2368be4065faeacf296edaa58e75f3de.php(172): Illuminate/Database/Eloquent/Relations/Relation->__call('count', Array)
#13 C:/Minor Project/Minor-Project/OpensourceE-commercewebsite/vendor/laravel/framework/src/Illuminate/Filesystem/Filesystem.php(123): require('C://Minor Projec...')
#14 C:/Minor Project/Minor-Project/OpensourceE-commercewebsite/vendor/laravel/framework/src/Illuminate/Filesystem/Filesystem.php(124): Illuminate/Filesystem/Filesystem::{closure:Illuminate/Filesystem/Filesystem::getRequire():120}()
#15 C:/Minor Project/Minor-Project/OpensourceE-commercewebsite/vendor/laravel/framework/src/Illuminate/View/Engines/PhpEngine.php(57): Illuminate/Filesystem/Filesystem->getRequire('C://Minor Projec...', Array)
#16 C:/Minor Project/Minor-Project/OpensourceE-commercewebsite/vendor/laravel/framework/src/Illuminate/View/Engines/CompilerEngine.php(76): Illuminate/View/Engines/PhpEngine->evaluatePath('C://Minor Projec...', Array)
#17 C:/Minor Project/Minor-Project/OpensourceE-commercewebsite/vendor/laravel/framework/src/Illuminate/View/View.php(208): Illuminate/View/Engines/CompilerEngine->get('C://Minor Projec...', Array)
#18 C:/Minor Project/Minor-Project/OpensourceE-commercewebsite/vendor/laravel/framework/src/Illuminate/View/View.php(191): Illuminate/View/View->getContents()
#19 C:/Minor Project/Minor-Project/OpensourceE-commercewebsite/vendor/laravel/framework/src/Illuminate/View/View.php(160): Illuminate/View/View->renderContents()
#20 C:/Minor Project/Minor-Project/OpensourceE-commercewebsite/vendor/laravel/framework/src/Illuminate/Http/Response.php(82): Illuminate/View/View->render()
#21 C:/Minor Project/Minor-Project/OpensourceE-commercewebsite/vendor/laravel/framework/src/Illuminate/Http/Response.php(40): Illuminate/Http/Response->setContent(Object(Illuminate/View/View))
#22 C:/Minor Project/Minor-Project/OpensourceE-commercewebsite/vendor/laravel/framework/src/Illuminate/Routing/Router.php(939): Illuminate/Http/Response->__construct(Object(Illuminate/View/View), 200, Array)
#23 C:/Minor Project/Minor-Project/OpensourceE-commercewebsite/vendor/laravel/framework/src/Illuminate/Routing/Router.php(906): Illuminate/Routing/Router::toResponse(Object(Illuminate/Http/Request), Object(Illuminate/View/View))
#24 C:/Minor Project/Minor-Project/OpensourceE-commercewebsite/vendor/laravel/framework/src/Illuminate/Routing/Router.php(821): Illuminate/Routing/Router->prepareResponse(Object(Illuminate/Http/Request), Object(Illuminate/View/View))
#25 C:/Minor Project/Minor-Project/OpensourceE-commercewebsite/vendor/laravel/framework/src/Illuminate/Pipeline/Pipeline.php(180): Illuminate/Routing/Router->{closure:Illuminate/Routing/Router::runRouteWithinStack():821}(Object(Illuminate/Http/Request))
#26 C:/Minor Project/Minor-Project/OpensourceE-commercewebsite/vendor/laravel/boost/src/Middleware/InjectBoost.php(22): Illuminate/Pipeline/Pipeline->{closure:Illuminate/Pipeline/Pipeline::prepareDestination():178}(Object(Illuminate/Http/Request))
#27 C:/Minor Project/Minor-Project/OpensourceE-commercewebsite/vendor/laravel/framework/src/Illuminate/Pipeline/Pipeline.php(219): Laravel/Boost/Middleware/InjectBoost->handle(Object(Illuminate/Http/Request), Object(Closure))
#28 C:/Minor Project/Minor-Project/OpensourceE-commercewebsite/vendor/laravel/framework/src/Illuminate/Routing/Middleware/SubstituteBindings.php(52): Illuminate/Pipeline/Pipeline->{closure:{closure:Illuminate/Pipeline/Pipeline::carry():194}:195}(Object(Illuminate/Http/Request))
#29 C:/Minor Project/Minor-Project/OpensourceE-commercewebsite/vendor/laravel/framework/src/Illuminate/Pipeline/Pipeline.php(219): Illuminate/Routing/Middleware/SubstituteBindings->handle(Object(Illuminate/Http/Request), Object(Closure))
#30 C:/Minor Project/Minor-Project/OpensourceE-commercewebsite/vendor/laravel/framework/src/Illuminate/Foundation/Http/Middleware/PreventRequestForgery.php(104): Illuminate/Pipeline/Pipeline->{closure:{closure:Illuminate/Pipeline/Pipeline::carry():194}:195}(Object(Illuminate/Http/Request))
#31 C:/Minor Project/Minor-Project/OpensourceE-commercewebsite/vendor/laravel/framework/src/Illuminate/Pipeline/Pipeline.php(219): Illuminate/Foundation/Http/Middleware/PreventRequestForgery->handle(Object(Illuminate/Http/Request), Object(Closure))
#32 C:/Minor Project/Minor-Project/OpensourceE-commercewebsite/vendor/laravel/framework/src/Illuminate/View/Middleware/ShareErrorsFromSession.php(48): Illuminate/Pipeline/Pipeline->{closure:{closure:Illuminate/Pipeline/Pipeline::carry():194}:195}(Object(Illuminate/Http/Request))
#33 C:/Minor Project/Minor-Project/OpensourceE-commercewebsite/vendor/laravel/framework/src/Illuminate/Pipeline/Pipeline.php(219): Illuminate/View/Middleware/ShareErrorsFromSession->handle(Object(Illuminate/Http/Request), Object(Closure))
#34 C:/Minor Project/Minor-Project/OpensourceE-commercewebsite/vendor/laravel/framework/src/Illuminate/Session/Middleware/StartSession.php(120): Illuminate/Pipeline/Pipeline->{closure:{closure:Illuminate/Pipeline/Pipeline::carry():194}:195}(Object(Illuminate/Http/Request))
#35 C:/Minor Project/Minor-Project/OpensourceE-commercewebsite/vendor/laravel/framework/src/Illuminate/Session/Middleware/StartSession.php(63): Illuminate/Session/Middleware/StartSession->handleStatefulRequest(Object(Illuminate/Http/Request), Object(Illuminate/Session/Store), Object(Closure))
#36 C:/Minor Project/Minor-Project/OpensourceE-commercewebsite/vendor/laravel/framework/src/Illuminate/Pipeline/Pipeline.php(219): Illuminate/Session/Middleware/StartSession->handle(Object(Illuminate/Http/Request), Object(Closure))
#37 C:/Minor Project/Minor-Project/OpensourceE-commercewebsite/vendor/laravel/framework/src/Illuminate/Cookie/Middleware/AddQueuedCookiesToResponse.php(36): Illuminate/Pipeline/Pipeline->{closure:{closure:Illuminate/Pipeline/Pipeline::carry():194}:195}(Object(Illuminate/Http/Request))
#38 C:/Minor Project/Minor-Project/OpensourceE-commercewebsite/vendor/laravel/framework/src/Illuminate/Pipeline/Pipeline.php(219): Illuminate/Cookie/Middleware/AddQueuedCookiesToResponse->handle(Object(Illuminate/Http/Request), Object(Closure))
#39 C:/Minor Project/Minor-Project/OpensourceE-commercewebsite/vendor/laravel/framework/src/Illuminate/Cookie/Middleware/EncryptCookies.php(74): Illuminate/Pipeline/Pipeline->{closure:{closure:Illuminate/Pipeline/Pipeline::carry():194}:195}(Object(Illuminate/Http/Request))
#40 C:/Minor Project/Minor-Project/OpensourceE-commercewebsite/vendor/laravel/framework/src/Illuminate/Pipeline/Pipeline.php(219): Illuminate/Cookie/Middleware/EncryptCookies->handle(Object(Illuminate/Http/Request), Object(Closure))
#41 C:/Minor Project/Minor-Project/OpensourceE-commercewebsite/vendor/laravel/framework/src/Illuminate/Pipeline/Pipeline.php(137): Illuminate/Pipeline/Pipeline->{closure:{closure:Illuminate/Pipeline/Pipeline::carry():194}:195}(Object(Illuminate/Http/Request))
#42 C:/Minor Project/Minor-Project/OpensourceE-commercewebsite/vendor/laravel/framework/src/Illuminate/Routing/Router.php(821): Illuminate/Pipeline/Pipeline->then(Object(Closure))
#43 C:/Minor Project/Minor-Project/OpensourceE-commercewebsite/vendor/laravel/framework/src/Illuminate/Routing/Router.php(800): Illuminate/Routing/Router->runRouteWithinStack(Object(Illuminate/Routing/Route), Object(Illuminate/Http/Request))
#44 C:/Minor Project/Minor-Project/OpensourceE-commercewebsite/vendor/laravel/framework/src/Illuminate/Routing/Router.php(764): Illuminate/Routing/Router->runRoute(Object(Illuminate/Http/Request), Object(Illuminate/Routing/Route))
#45 C:/Minor Project/Minor-Project/OpensourceE-commercewebsite/vendor/laravel/framework/src/Illuminate/Routing/Router.php(753): Illuminate/Routing/Router->dispatchToRoute(Object(Illuminate/Http/Request))
#46 C:/Minor Project/Minor-Project/OpensourceE-commercewebsite/vendor/laravel/framework/src/Illuminate/Foundation/Http/Kernel.php(200): Illuminate/Routing/Router->dispatch(Object(Illuminate/Http/Request))
#47 C:/Minor Project/Minor-Project/OpensourceE-commercewebsite/vendor/laravel/framework/src/Illuminate/Pipeline/Pipeline.php(180): Illuminate/Foundation/Http/Kernel->{closure:Illuminate/Foundation/Http/Kernel::dispatchToRouter():197}(Object(Illuminate/Http/Request))
#48 C:/Minor Project/Minor-Project/OpensourceE-commercewebsite/vendor/laravel/framework/src/Illuminate/Foundation/Http/Middleware/TransformsRequest.php(21): Illuminate/Pipeline/Pipeline->{closure:Illuminate/Pipeline/Pipeline::prepareDestination():178}(Object(Illuminate/Http/Request))
#49 C:/Minor Project/Minor-Project/OpensourceE-commercewebsite/vendor/laravel/framework/src/Illuminate/Foundation/Http/Middleware/ConvertEmptyStringsToNull.php(31): Illuminate/Foundation/Http/Middleware/TransformsRequest->handle(Object(Illuminate/Http/Request), Object(Closure))
#50 C:/Minor Project/Minor-Project/OpensourceE-commercewebsite/vendor/laravel/framework/src/Illuminate/Pipeline/Pipeline.php(219): Illuminate/Foundation/Http/Middleware/ConvertEmptyStringsToNull->handle(Object(Illuminate/Http/Request), Object(Closure))
#51 C:/Minor Project/Minor-Project/OpensourceE-commercewebsite/vendor/laravel/framework/src/Illuminate/Foundation/Http/Middleware/TransformsRequest.php(21): Illuminate/Pipeline/Pipeline->{closure:{closure:Illuminate/Pipeline/Pipeline::carry():194}:195}(Object(Illuminate/Http/Request))
#52 C:/Minor Project/Minor-Project/OpensourceE-commercewebsite/vendor/laravel/framework/src/Illuminate/Foundation/Http/Middleware/TrimStrings.php(51): Illuminate/Foundation/Http/Middleware/TransformsRequest->handle(Object(Illuminate/Http/Request), Object(Closure))
#53 C:/Minor Project/Minor-Project/OpensourceE-commercewebsite/vendor/laravel/framework/src/Illuminate/Pipeline/Pipeline.php(219): Illuminate/Foundation/Http/Middleware/TrimStrings->handle(Object(Illuminate/Http/Request), Object(Closure))
#54 C:/Minor Project/Minor-Project/OpensourceE-commercewebsite/vendor/laravel/framework/src/Illuminate/Http/Middleware/ValidatePostSize.php(27): Illuminate/Pipeline/Pipeline->{closure:{closure:Illuminate/Pipeline/Pipeline::carry():194}:195}(Object(Illuminate/Http/Request))
#55 C:/Minor Project/Minor-Project/OpensourceE-commercewebsite/vendor/laravel/framework/src/Illuminate/Pipeline/Pipeline.php(219): Illuminate/Http/Middleware/ValidatePostSize->handle(Object(Illuminate/Http/Request), Object(Closure))
#56 C:/Minor Project/Minor-Project/OpensourceE-commercewebsite/vendor/laravel/framework/src/Illuminate/Foundation/Http/Middleware/PreventRequestsDuringMaintenance.php(109): Illuminate/Pipeline/Pipeline->{closure:{closure:Illuminate/Pipeline/Pipeline::carry():194}:195}(Object(Illuminate/Http/Request))
#57 C:/Minor Project/Minor-Project/OpensourceE-commercewebsite/vendor/laravel/framework/src/Illuminate/Pipeline/Pipeline.php(219): Illuminate/Foundation/Http/Middleware/PreventRequestsDuringMaintenance->handle(Object(Illuminate/Http/Request), Object(Closure))
#58 C:/Minor Project/Minor-Project/OpensourceE-commercewebsite/vendor/laravel/framework/src/Illuminate/Http/Middleware/HandleCors.php(61): Illuminate/Pipeline/Pipeline->{closure:{closure:Illuminate/Pipeline/Pipeline::carry():194}:195}(Object(Illuminate/Http/Request))
#59 C:/Minor Project/Minor-Project/OpensourceE-commercewebsite/vendor/laravel/framework/src/Illuminate/Pipeline/Pipeline.php(219): Illuminate/Http/Middleware/HandleCors->handle(Object(Illuminate/Http/Request), Object(Closure))
#60 C:/Minor Project/Minor-Project/OpensourceE-commercewebsite/vendor/laravel/framework/src/Illuminate/Http/Middleware/TrustProxies.php(58): Illuminate/Pipeline/Pipeline->{closure:{closure:Illuminate/Pipeline/Pipeline::carry():194}:195}(Object(Illuminate/Http/Request))
#61 C:/Minor Project/Minor-Project/OpensourceE-commercewebsite/vendor/laravel/framework/src/Illuminate/Pipeline/Pipeline.php(219): Illuminate/Http/Middleware/TrustProxies->handle(Object(Illuminate/Http/Request), Object(Closure))
#62 C:/Minor Project/Minor-Project/OpensourceE-commercewebsite/vendor/laravel/framework/src/Illuminate/Foundation/Http/Middleware/InvokeDeferredCallbacks.php(22): Illuminate/Pipeline/Pipeline->{closure:{closure:Illuminate/Pipeline/Pipeline::carry():194}:195}(Object(Illuminate/Http/Request))
#63 C:/Minor Project/Minor-Project/OpensourceE-commercewebsite/vendor/laravel/framework/src/Illuminate/Pipeline/Pipeline.php(219): Illuminate/Foundation/Http/Middleware/InvokeDeferredCallbacks->handle(Object(Illuminate/Http/Request), Object(Closure))
#64 C:/Minor Project/Minor-Project/OpensourceE-commercewebsite/vendor/laravel/framework/src/Illuminate/Http/Middleware/ValidatePathEncoding.php(28): Illuminate/Pipeline/Pipeline->{closure:{closure:Illuminate/Pipeline/Pipeline::carry():194}:195}(Object(Illuminate/Http/Request))
#65 C:/Minor Project/Minor-Project/OpensourceE-commercewebsite/vendor/laravel/framework/src/Illuminate/Pipeline/Pipeline.php(219): Illuminate/Http/Middleware/ValidatePathEncoding->handle(Object(Illuminate/Http/Request), Object(Closure))
#66 C:/Minor Project/Minor-Project/OpensourceE-commercewebsite/vendor/laravel/framework/src/Illuminate/Pipeline/Pipeline.php(137): Illuminate/Pipeline/Pipeline->{closure:{closure:Illuminate/Pipeline/Pipeline::carry():194}:195}(Object(Illuminate/Http/Request))
#67 C:/Minor Project/Minor-Project/OpensourceE-commercewebsite/vendor/laravel/framework/src/Illuminate/Foundation/Http/Kernel.php(175): Illuminate/Pipeline/Pipeline->then(Object(Closure))
#68 C:/Minor Project/Minor-Project/OpensourceE-commercewebsite/vendor/laravel/framework/src/Illuminate/Foundation/Http/Kernel.php(144): Illuminate/Foundation/Http/Kernel->sendRequestThroughRouter(Object(Illuminate/Http/Request))
#69 C:/Minor Project/Minor-Project/OpensourceE-commercewebsite/vendor/laravel/framework/src/Illuminate/Foundation/Application.php(1220): Illuminate/Foundation/Http/Kernel->handle(Object(Illuminate/Http/Request))
#70 C:/Minor Project/Minor-Project/OpensourceE-commercewebsite/public/index.php(20): Illuminate/Foundation/Application->handleRequest(Object(Illuminate/Http/Request))
#71 {main}
"} 
[2026-07-24 04:05:17] local.ERROR: SQLSTATE[42S01]: Base table or view already exists: 1050 Table 'addresses' already exists (Connection: mysql, Host: 127.0.0.1, Port: 3306, Database: laravel, SQL: create table `addresses` (`id` bigint unsigned not null auto_increment primary key, `created_at` timestamp null, `updated_at` timestamp null) default character set utf8mb4 collate 'utf8mb4_unicode_ci') {"exception":"[object] (Illuminate\\Database\\QueryException(code: 42S01): SQLSTATE[42S01]: Base table or view already exists: 1050 Table 'addresses' already exists (Connection: mysql, Host: 127.0.0.1, Port: 3306, Database: laravel, SQL: create table `addresses` (`id` bigint unsigned not null auto_increment primary key, `created_at` timestamp null, `updated_at` timestamp null) default character set utf8mb4 collate 'utf8mb4_unicode_ci') at C:/Minor Project/Minor-Project/OpensourceE-commercewebsite/vendor/laravel/framework/src/Illuminate/Database/Connection.php:857)
[stacktrace]
#0 C:/Minor Project/Minor-Project/OpensourceE-commercewebsite/vendor/laravel/framework/src/Illuminate/Database/Connection.php(813): Illuminate/Database/Connection->runQueryCallback('create table `a...', Array, Object(Closure))
#1 C:/Minor Project/Minor-Project/OpensourceE-commercewebsite/vendor/laravel/framework/src/Illuminate/Database/Connection.php(590): Illuminate/Database/Connection->run('create table `a...', Array, Object(Closure))
#2 C:/Minor Project/Minor-Project/OpensourceE-commercewebsite/vendor/laravel/framework/src/Illuminate/Database/Schema/Blueprint.php(122): Illuminate/Database/Connection->statement('create table `a...')
#3 C:/Minor Project/Minor-Project/OpensourceE-commercewebsite/vendor/laravel/framework/src/Illuminate/Database/Schema/Builder.php(702): Illuminate/Database/Schema/Blueprint->build()
#4 C:/Minor Project/Minor-Project/OpensourceE-commercewebsite/vendor/laravel/framework/src/Illuminate/Database/Schema/Builder.php(520): Illuminate/Database/Schema/Builder->build(Object(Illuminate/Database/Schema/Blueprint))
#5 C:/Minor Project/Minor-Project/OpensourceE-commercewebsite/vendor/laravel/framework/src/Illuminate/Support/Facades/Facade.php(363): Illuminate/Database/Schema/Builder->create('addresses', Object(Closure))
#6 C:/Minor Project/Minor-Project/OpensourceE-commercewebsite/database/migrations/2026_07_24_040415_create_addresses_table.php(14): Illuminate/Support/Facades/Facade::__callStatic('create', Array)
#7 C:/Minor Project/Minor-Project/OpensourceE-commercewebsite/vendor/laravel/framework/src/Illuminate/Database/Migrations/Migrator.php(517): Illuminate/Database/Migrations/Migration@anonymous->up()
#8 C:/Minor Project/Minor-Project/OpensourceE-commercewebsite/vendor/laravel/framework/src/Illuminate/Database/Migrations/Migrator.php(442): Illuminate/Database/Migrations/Migrator->runMethod(Object(Illuminate/Database/MySqlConnection), Object(Illuminate/Database/Migrations/Migration@anonymous), 'up')
#9 C:/Minor Project/Minor-Project/OpensourceE-commercewebsite/vendor/laravel/framework/src/Illuminate/Database/Migrations/Migrator.php(451): Illuminate/Database/Migrations/Migrator->{closure:Illuminate/Database/Migrations/Migrator::runMigration():438}()
#10 C:/Minor Project/Minor-Project/OpensourceE-commercewebsite/vendor/laravel/framework/src/Illuminate/Database/Migrations/Migrator.php(253): Illuminate/Database/Migrations/Migrator->runMigration(Object(Illuminate/Database/Migrations/Migration@anonymous), 'up', '2026_07_24_0404...')
#11 C:/Minor Project/Minor-Project/OpensourceE-commercewebsite/vendor/laravel/framework/src/Illuminate/Console/View/Components/Task.php(43): Illuminate/Database/Migrations/Migrator->{closure:Illuminate/Database/Migrations/Migrator::runUp():253}()
#12 C:/Minor Project/Minor-Project/OpensourceE-commercewebsite/vendor/laravel/framework/src/Illuminate/Database/Migrations/Migrator.php(853): Illuminate/Console/View/Components/Task->render('2026_07_24_0404...', Object(Closure))
#13 C:/Minor Project/Minor-Project/OpensourceE-commercewebsite/vendor/laravel/framework/src/Illuminate/Database/Migrations/Migrator.php(253): Illuminate/Database/Migrations/Migrator->write('Illuminate//Cons...', '2026_07_24_0404...', Object(Closure))
#14 C:/Minor Project/Minor-Project/OpensourceE-commercewebsite/vendor/laravel/framework/src/Illuminate/Database/Migrations/Migrator.php(211): Illuminate/Database/Migrations/Migrator->runUp('C://Minor Projec...', 2, false)
#15 C:/Minor Project/Minor-Project/OpensourceE-commercewebsite/vendor/laravel/framework/src/Illuminate/Database/Migrations/Migrator.php(138): Illuminate/Database/Migrations/Migrator->runPending(Array, Array)
#16 C:/Minor Project/Minor-Project/OpensourceE-commercewebsite/vendor/laravel/framework/src/Illuminate/Database/Console/Migrations/MigrateCommand.php(118): Illuminate/Database/Migrations/Migrator->run(Array, Array)
#17 C:/Minor Project/Minor-Project/OpensourceE-commercewebsite/vendor/laravel/framework/src/Illuminate/Database/Migrations/Migrator.php(672): Illuminate/Database/Console/Migrations/MigrateCommand->{closure:Illuminate/Database/Console/Migrations/MigrateCommand::runMigrations():111}()
#18 C:/Minor Project/Minor-Project/OpensourceE-commercewebsite/vendor/laravel/framework/src/Illuminate/Database/Console/Migrations/MigrateCommand.php(111): Illuminate/Database/Migrations/Migrator->usingConnection(NULL, Object(Closure))
#19 C:/Minor Project/Minor-Project/OpensourceE-commercewebsite/vendor/laravel/framework/src/Illuminate/Database/Console/Migrations/MigrateCommand.php(90): Illuminate/Database/Console/Migrations/MigrateCommand->runMigrations()
#20 C:/Minor Project/Minor-Project/OpensourceE-commercewebsite/vendor/laravel/framework/src/Illuminate/Container/BoundMethod.php(36): Illuminate/Database/Console/Migrations/MigrateCommand->handle()
#21 C:/Minor Project/Minor-Project/OpensourceE-commercewebsite/vendor/laravel/framework/src/Illuminate/Container/Util.php(43): Illuminate/Container/BoundMethod::{closure:Illuminate/Container/BoundMethod::call():35}()
#22 C:/Minor Project/Minor-Project/OpensourceE-commercewebsite/vendor/laravel/framework/src/Illuminate/Container/BoundMethod.php(96): Illuminate/Container/Util::unwrapIfClosure(Object(Closure))
#23 C:/Minor Project/Minor-Project/OpensourceE-commercewebsite/vendor/laravel/framework/src/Illuminate/Container/BoundMethod.php(35): Illuminate/Container/BoundMethod::callBoundMethod(Object(Illuminate/Foundation/Application), Array, Object(Closure))
#24 C:/Minor Project/Minor-Project/OpensourceE-commercewebsite/vendor/laravel/framework/src/Illuminate/Container/Container.php(799): Illuminate/Container/BoundMethod::call(Object(Illuminate/Foundation/Application), Array, Array, NULL)
#25 C:/Minor Project/Minor-Project/OpensourceE-commercewebsite/vendor/laravel/framework/src/Illuminate/Console/Command.php(280): Illuminate/Container/Container->call(Array)
#26 C:/Minor Project/Minor-Project/OpensourceE-commercewebsite/vendor/symfony/console/Command/Command.php(284): Illuminate/Console/Command->execute(Object(Symfony/Component/Console/Input/ArgvInput), Object(Illuminate/Console/OutputStyle))
#27 C:/Minor Project/Minor-Project/OpensourceE-commercewebsite/vendor/laravel/framework/src/Illuminate/Console/Command.php(249): Symfony/Component/Console/Command/Command->run(Object(Symfony/Component/Console/Input/ArgvInput), Object(Illuminate/Console/OutputStyle))
#28 C:/Minor Project/Minor-Project/OpensourceE-commercewebsite/vendor/symfony/console/Application.php(1144): Illuminate/Console/Command->run(Object(Symfony/Component/Console/Input/ArgvInput), Object(Symfony/Component/Console/Output/ConsoleOutput))
#29 C:/Minor Project/Minor-Project/OpensourceE-commercewebsite/vendor/symfony/console/Application.php(379): Symfony/Component/Console/Application->doRunCommand(Object(Illuminate/Database/Console/Migrations/MigrateCommand), Object(Symfony/Component/Console/Input/ArgvInput), Object(Symfony/Component/Console/Output/ConsoleOutput))
#30 C:/Minor Project/Minor-Project/OpensourceE-commercewebsite/vendor/symfony/console/Application.php(218): Symfony/Component/Console/Application->doRun(Object(Symfony/Component/Console/Input/ArgvInput), Object(Symfony/Component/Console/Output/ConsoleOutput))
#31 C:/Minor Project/Minor-Project/OpensourceE-commercewebsite/vendor/laravel/framework/src/Illuminate/Foundation/Console/Kernel.php(198): Symfony/Component/Console/Application->run(Object(Symfony/Component/Console/Input/ArgvInput), Object(Symfony/Component/Console/Output/ConsoleOutput))
#32 C:/Minor Project/Minor-Project/OpensourceE-commercewebsite/vendor/laravel/framework/src/Illuminate/Foundation/Application.php(1235): Illuminate/Foundation/Console/Kernel->handle(Object(Symfony/Component/Console/Input/ArgvInput), Object(Symfony/Component/Console/Output/ConsoleOutput))
#33 C:/Minor Project/Minor-Project/OpensourceE-commercewebsite/artisan(16): Illuminate/Foundation/Application->handleCommand(Object(Symfony/Component/Console/Input/ArgvInput))
#34 {main}

[previous exception] [object] (PDOException(code: 42S01): SQLSTATE[42S01]: Base table or view already exists: 1050 Table 'addresses' already exists at C:/Minor Project/Minor-Project/OpensourceE-commercewebsite/vendor/laravel/framework/src/Illuminate/Database/Connection.php:601)
[stacktrace]
#0 C:/Minor Project/Minor-Project/OpensourceE-commercewebsite/vendor/laravel/framework/src/Illuminate/Database/Connection.php(601): PDOStatement->execute()
#1 C:/Minor Project/Minor-Project/OpensourceE-commercewebsite/vendor/laravel/framework/src/Illuminate/Database/Connection.php(846): Illuminate/Database/Connection->{closure:Illuminate/Database/Connection::statement():590}('create table `a...', Array)
#2 C:/Minor Project/Minor-Project/OpensourceE-commercewebsite/vendor/laravel/framework/src/Illuminate/Database/Connection.php(813): Illuminate/Database/Connection->runQueryCallback('create table `a...', Array, Object(Closure))
#3 C:/Minor Project/Minor-Project/OpensourceE-commercewebsite/vendor/laravel/framework/src/Illuminate/Database/Connection.php(590): Illuminate/Database/Connection->run('create table `a...', Array, Object(Closure))
#4 C:/Minor Project/Minor-Project/OpensourceE-commercewebsite/vendor/laravel/framework/src/Illuminate/Database/Schema/Blueprint.php(122): Illuminate/Database/Connection->statement('create table `a...')
#5 C:/Minor Project/Minor-Project/OpensourceE-commercewebsite/vendor/laravel/framework/src/Illuminate/Database/Schema/Builder.php(702): Illuminate/Database/Schema/Blueprint->build()
#6 C:/Minor Project/Minor-Project/OpensourceE-commercewebsite/vendor/laravel/framework/src/Illuminate/Database/Schema/Builder.php(520): Illuminate/Database/Schema/Builder->build(Object(Illuminate/Database/Schema/Blueprint))
#7 C:/Minor Project/Minor-Project/OpensourceE-commercewebsite/vendor/laravel/framework/src/Illuminate/Support/Facades/Facade.php(363): Illuminate/Database/Schema/Builder->create('addresses', Object(Closure))
#8 C:/Minor Project/Minor-Project/OpensourceE-commercewebsite/database/migrations/2026_07_24_040415_create_addresses_table.php(14): Illuminate/Support/Facades/Facade::__callStatic('create', Array)
#9 C:/Minor Project/Minor-Project/OpensourceE-commercewebsite/vendor/laravel/framework/src/Illuminate/Database/Migrations/Migrator.php(517): Illuminate/Database/Migrations/Migration@anonymous->up()
#10 C:/Minor Project/Minor-Project/OpensourceE-commercewebsite/vendor/laravel/framework/src/Illuminate/Database/Migrations/Migrator.php(442): Illuminate/Database/Migrations/Migrator->runMethod(Object(Illuminate/Database/MySqlConnection), Object(Illuminate/Database/Migrations/Migration@anonymous), 'up')
#11 C:/Minor Project/Minor-Project/OpensourceE-commercewebsite/vendor/laravel/framework/src/Illuminate/Database/Migrations/Migrator.php(451): Illuminate/Database/Migrations/Migrator->{closure:Illuminate/Database/Migrations/Migrator::runMigration():438}()
#12 C:/Minor Project/Minor-Project/OpensourceE-commercewebsite/vendor/laravel/framework/src/Illuminate/Database/Migrations/Migrator.php(253): Illuminate/Database/Migrations/Migrator->runMigration(Object(Illuminate/Database/Migrations/Migration@anonymous), 'up', '2026_07_24_0404...')
#13 C:/Minor Project/Minor-Project/OpensourceE-commercewebsite/vendor/laravel/framework/src/Illuminate/Console/View/Components/Task.php(43): Illuminate/Database/Migrations/Migrator->{closure:Illuminate/Database/Migrations/Migrator::runUp():253}()
#14 C:/Minor Project/Minor-Project/OpensourceE-commercewebsite/vendor/laravel/framework/src/Illuminate/Database/Migrations/Migrator.php(853): Illuminate/Console/View/Components/Task->render('2026_07_24_0404...', Object(Closure))
#15 C:/Minor Project/Minor-Project/OpensourceE-commercewebsite/vendor/laravel/framework/src/Illuminate/Database/Migrations/Migrator.php(253): Illuminate/Database/Migrations/Migrator->write('Illuminate//Cons...', '2026_07_24_0404...', Object(Closure))
#16 C:/Minor Project/Minor-Project/OpensourceE-commercewebsite/vendor/laravel/framework/src/Illuminate/Database/Migrations/Migrator.php(211): Illuminate/Database/Migrations/Migrator->runUp('C://Minor Projec...', 2, false)
#17 C:/Minor Project/Minor-Project/OpensourceE-commercewebsite/vendor/laravel/framework/src/Illuminate/Database/Migrations/Migrator.php(138): Illuminate/Database/Migrations/Migrator->runPending(Array, Array)
#18 C:/Minor Project/Minor-Project/OpensourceE-commercewebsite/vendor/laravel/framework/src/Illuminate/Database/Console/Migrations/MigrateCommand.php(118): Illuminate/Database/Migrations/Migrator->run(Array, Array)
#19 C:/Minor Project/Minor-Project/OpensourceE-commercewebsite/vendor/laravel/framework/src/Illuminate/Database/Migrations/Migrator.php(672): Illuminate/Database/Console/Migrations/MigrateCommand->{closure:Illuminate/Database/Console/Migrations/MigrateCommand::runMigrations():111}()
#20 C:/Minor Project/Minor-Project/OpensourceE-commercewebsite/vendor/laravel/framework/src/Illuminate/Database/Console/Migrations/MigrateCommand.php(111): Illuminate/Database/Migrations/Migrator->usingConnection(NULL, Object(Closure))
#21 C:/Minor Project/Minor-Project/OpensourceE-commercewebsite/vendor/laravel/framework/src/Illuminate/Database/Console/Migrations/MigrateCommand.php(90): Illuminate/Database/Console/Migrations/MigrateCommand->runMigrations()
#22 C:/Minor Project/Minor-Project/OpensourceE-commercewebsite/vendor/laravel/framework/src/Illuminate/Container/BoundMethod.php(36): Illuminate/Database/Console/Migrations/MigrateCommand->handle()
#23 C:/Minor Project/Minor-Project/OpensourceE-commercewebsite/vendor/laravel/framework/src/Illuminate/Container/Util.php(43): Illuminate/Container/BoundMethod::{closure:Illuminate/Container/BoundMethod::call():35}()
#24 C:/Minor Project/Minor-Project/OpensourceE-commercewebsite/vendor/laravel/framework/src/Illuminate/Container/BoundMethod.php(96): Illuminate/Container/Util::unwrapIfClosure(Object(Closure))
#25 C:/Minor Project/Minor-Project/OpensourceE-commercewebsite/vendor/laravel/framework/src/Illuminate/Container/BoundMethod.php(35): Illuminate/Container/BoundMethod::callBoundMethod(Object(Illuminate/Foundation/Application), Array, Object(Closure))
#26 C:/Minor Project/Minor-Project/OpensourceE-commercewebsite/vendor/laravel/framework/src/Illuminate/Container/Container.php(799): Illuminate/Container/BoundMethod::call(Object(Illuminate/Foundation/Application), Array, Array, NULL)
#27 C:/Minor Project/Minor-Project/OpensourceE-commercewebsite/vendor/laravel/framework/src/Illuminate/Console/Command.php(280): Illuminate/Container/Container->call(Array)
#28 C:/Minor Project/Minor-Project/OpensourceE-commercewebsite/vendor/symfony/console/Command/Command.php(284): Illuminate/Console/Command->execute(Object(Symfony/Component/Console/Input/ArgvInput), Object(Illuminate/Console/OutputStyle))
#29 C:/Minor Project/Minor-Project/OpensourceE-commercewebsite/vendor/laravel/framework/src/Illuminate/Console/Command.php(249): Symfony/Component/Console/Command/Command->run(Object(Symfony/Component/Console/Input/ArgvInput), Object(Illuminate/Console/OutputStyle))
#30 C:/Minor Project/Minor-Project/OpensourceE-commercewebsite/vendor/symfony/console/Application.php(1144): Illuminate/Console/Command->run(Object(Symfony/Component/Console/Input/ArgvInput), Object(Symfony/Component/Console/Output/ConsoleOutput))
#31 C:/Minor Project/Minor-Project/OpensourceE-commercewebsite/vendor/symfony/console/Application.php(379): Symfony/Component/Console/Application->doRunCommand(Object(Illuminate/Database/Console/Migrations/MigrateCommand), Object(Symfony/Component/Console/Input/ArgvInput), Object(Symfony/Component/Console/Output/ConsoleOutput))
#32 C:/Minor Project/Minor-Project/OpensourceE-commercewebsite/vendor/symfony/console/Application.php(218): Symfony/Component/Console/Application->doRun(Object(Symfony/Component/Console/Input/ArgvInput), Object(Symfony/Component/Console/Output/ConsoleOutput))
#33 C:/Minor Project/Minor-Project/OpensourceE-commercewebsite/vendor/laravel/framework/src/Illuminate/Foundation/Console/Kernel.php(198): Symfony/Component/Console/Application->run(Object(Symfony/Component/Console/Input/ArgvInput), Object(Symfony/Component/Console/Output/ConsoleOutput))
#34 C:/Minor Project/Minor-Project/OpensourceE-commercewebsite/vendor/laravel/framework/src/Illuminate/Foundation/Application.php(1235): Illuminate/Foundation/Console/Kernel->handle(Object(Symfony/Component/Console/Input/ArgvInput), Object(Symfony/Component/Console/Output/ConsoleOutput))
#35 C:/Minor Project/Minor-Project/OpensourceE-commercewebsite/artisan(16): Illuminate/Foundation/Application->handleCommand(Object(Symfony/Component/Console/Input/ArgvInput))
#36 {main}
"} 
[2026-07-24 04:07:25] local.ERROR: SQLSTATE[42S01]: Base table or view already exists: 1050 Table 'addresses' already exists (Connection: mysql, Host: 127.0.0.1, Port: 3306, Database: laravel, SQL: create table `addresses` (`id` bigint unsigned not null auto_increment primary key, `created_at` timestamp null, `updated_at` timestamp null) default character set utf8mb4 collate 'utf8mb4_unicode_ci') {"exception":"[object] (Illuminate\\Database\\QueryException(code: 42S01): SQLSTATE[42S01]: Base table or view already exists: 1050 Table 'addresses' already exists (Connection: mysql, Host: 127.0.0.1, Port: 3306, Database: laravel, SQL: create table `addresses` (`id` bigint unsigned not null auto_increment primary key, `created_at` timestamp null, `updated_at` timestamp null) default character set utf8mb4 collate 'utf8mb4_unicode_ci') at C:/Minor Project/Minor-Project/OpensourceE-commercewebsite/vendor/laravel/framework/src/Illuminate/Database/Connection.php:857)
[stacktrace]
#0 C:/Minor Project/Minor-Project/OpensourceE-commercewebsite/vendor/laravel/framework/src/Illuminate/Database/Connection.php(813): Illuminate/Database/Connection->runQueryCallback('create table `a...', Array, Object(Closure))
#1 C:/Minor Project/Minor-Project/OpensourceE-commercewebsite/vendor/laravel/framework/src/Illuminate/Database/Connection.php(590): Illuminate/Database/Connection->run('create table `a...', Array, Object(Closure))
#2 C:/Minor Project/Minor-Project/OpensourceE-commercewebsite/vendor/laravel/framework/src/Illuminate/Database/Schema/Blueprint.php(122): Illuminate/Database/Connection->statement('create table `a...')
#3 C:/Minor Project/Minor-Project/OpensourceE-commercewebsite/vendor/laravel/framework/src/Illuminate/Database/Schema/Builder.php(702): Illuminate/Database/Schema/Blueprint->build()
#4 C:/Minor Project/Minor-Project/OpensourceE-commercewebsite/vendor/laravel/framework/src/Illuminate/Database/Schema/Builder.php(520): Illuminate/Database/Schema/Builder->build(Object(Illuminate/Database/Schema/Blueprint))
#5 C:/Minor Project/Minor-Project/OpensourceE-commercewebsite/vendor/laravel/framework/src/Illuminate/Support/Facades/Facade.php(363): Illuminate/Database/Schema/Builder->create('addresses', Object(Closure))
#6 C:/Minor Project/Minor-Project/OpensourceE-commercewebsite/database/migrations/2026_07_24_040415_create_addresses_table.php(14): Illuminate/Support/Facades/Facade::__callStatic('create', Array)
#7 C:/Minor Project/Minor-Project/OpensourceE-commercewebsite/vendor/laravel/framework/src/Illuminate/Database/Migrations/Migrator.php(517): Illuminate/Database/Migrations/Migration@anonymous->up()
#8 C:/Minor Project/Minor-Project/OpensourceE-commercewebsite/vendor/laravel/framework/src/Illuminate/Database/Migrations/Migrator.php(442): Illuminate/Database/Migrations/Migrator->runMethod(Object(Illuminate/Database/MySqlConnection), Object(Illuminate/Database/Migrations/Migration@anonymous), 'up')
#9 C:/Minor Project/Minor-Project/OpensourceE-commercewebsite/vendor/laravel/framework/src/Illuminate/Database/Migrations/Migrator.php(451): Illuminate/Database/Migrations/Migrator->{closure:Illuminate/Database/Migrations/Migrator::runMigration():438}()
#10 C:/Minor Project/Minor-Project/OpensourceE-commercewebsite/vendor/laravel/framework/src/Illuminate/Database/Migrations/Migrator.php(253): Illuminate/Database/Migrations/Migrator->runMigration(Object(Illuminate/Database/Migrations/Migration@anonymous), 'up', '2026_07_24_0404...')
#11 C:/Minor Project/Minor-Project/OpensourceE-commercewebsite/vendor/laravel/framework/src/Illuminate/Console/View/Components/Task.php(43): Illuminate/Database/Migrations/Migrator->{closure:Illuminate/Database/Migrations/Migrator::runUp():253}()
#12 C:/Minor Project/Minor-Project/OpensourceE-commercewebsite/vendor/laravel/framework/src/Illuminate/Database/Migrations/Migrator.php(853): Illuminate/Console/View/Components/Task->render('2026_07_24_0404...', Object(Closure))
#13 C:/Minor Project/Minor-Project/OpensourceE-commercewebsite/vendor/laravel/framework/src/Illuminate/Database/Migrations/Migrator.php(253): Illuminate/Database/Migrations/Migrator->write('Illuminate//Cons...', '2026_07_24_0404...', Object(Closure))
#14 C:/Minor Project/Minor-Project/OpensourceE-commercewebsite/vendor/laravel/framework/src/Illuminate/Database/Migrations/Migrator.php(211): Illuminate/Database/Migrations/Migrator->runUp('C://Minor Projec...', 3, false)
#15 C:/Minor Project/Minor-Project/OpensourceE-commercewebsite/vendor/laravel/framework/src/Illuminate/Database/Migrations/Migrator.php(138): Illuminate/Database/Migrations/Migrator->runPending(Array, Array)
#16 C:/Minor Project/Minor-Project/OpensourceE-commercewebsite/vendor/laravel/framework/src/Illuminate/Database/Console/Migrations/MigrateCommand.php(118): Illuminate/Database/Migrations/Migrator->run(Array, Array)
#17 C:/Minor Project/Minor-Project/OpensourceE-commercewebsite/vendor/laravel/framework/src/Illuminate/Database/Migrations/Migrator.php(672): Illuminate/Database/Console/Migrations/MigrateCommand->{closure:Illuminate/Database/Console/Migrations/MigrateCommand::runMigrations():111}()
#18 C:/Minor Project/Minor-Project/OpensourceE-commercewebsite/vendor/laravel/framework/src/Illuminate/Database/Console/Migrations/MigrateCommand.php(111): Illuminate/Database/Migrations/Migrator->usingConnection(NULL, Object(Closure))
#19 C:/Minor Project/Minor-Project/OpensourceE-commercewebsite/vendor/laravel/framework/src/Illuminate/Database/Console/Migrations/MigrateCommand.php(90): Illuminate/Database/Console/Migrations/MigrateCommand->runMigrations()
#20 C:/Minor Project/Minor-Project/OpensourceE-commercewebsite/vendor/laravel/framework/src/Illuminate/Container/BoundMethod.php(36): Illuminate/Database/Console/Migrations/MigrateCommand->handle()
#21 C:/Minor Project/Minor-Project/OpensourceE-commercewebsite/vendor/laravel/framework/src/Illuminate/Container/Util.php(43): Illuminate/Container/BoundMethod::{closure:Illuminate/Container/BoundMethod::call():35}()
#22 C:/Minor Project/Minor-Project/OpensourceE-commercewebsite/vendor/laravel/framework/src/Illuminate/Container/BoundMethod.php(96): Illuminate/Container/Util::unwrapIfClosure(Object(Closure))
#23 C:/Minor Project/Minor-Project/OpensourceE-commercewebsite/vendor/laravel/framework/src/Illuminate/Container/BoundMethod.php(35): Illuminate/Container/BoundMethod::callBoundMethod(Object(Illuminate/Foundation/Application), Array, Object(Closure))
#24 C:/Minor Project/Minor-Project/OpensourceE-commercewebsite/vendor/laravel/framework/src/Illuminate/Container/Container.php(799): Illuminate/Container/BoundMethod::call(Object(Illuminate/Foundation/Application), Array, Array, NULL)
#25 C:/Minor Project/Minor-Project/OpensourceE-commercewebsite/vendor/laravel/framework/src/Illuminate/Console/Command.php(280): Illuminate/Container/Container->call(Array)
#26 C:/Minor Project/Minor-Project/OpensourceE-commercewebsite/vendor/symfony/console/Command/Command.php(284): Illuminate/Console/Command->execute(Object(Symfony/Component/Console/Input/ArgvInput), Object(Illuminate/Console/OutputStyle))
#27 C:/Minor Project/Minor-Project/OpensourceE-commercewebsite/vendor/laravel/framework/src/Illuminate/Console/Command.php(249): Symfony/Component/Console/Command/Command->run(Object(Symfony/Component/Console/Input/ArgvInput), Object(Illuminate/Console/OutputStyle))
#28 C:/Minor Project/Minor-Project/OpensourceE-commercewebsite/vendor/symfony/console/Application.php(1144): Illuminate/Console/Command->run(Object(Symfony/Component/Console/Input/ArgvInput), Object(Symfony/Component/Console/Output/ConsoleOutput))
#29 C:/Minor Project/Minor-Project/OpensourceE-commercewebsite/vendor/symfony/console/Application.php(379): Symfony/Component/Console/Application->doRunCommand(Object(Illuminate/Database/Console/Migrations/MigrateCommand), Object(Symfony/Component/Console/Input/ArgvInput), Object(Symfony/Component/Console/Output/ConsoleOutput))
#30 C:/Minor Project/Minor-Project/OpensourceE-commercewebsite/vendor/symfony/console/Application.php(218): Symfony/Component/Console/Application->doRun(Object(Symfony/Component/Console/Input/ArgvInput), Object(Symfony/Component/Console/Output/ConsoleOutput))
#31 C:/Minor Project/Minor-Project/OpensourceE-commercewebsite/vendor/laravel/framework/src/Illuminate/Foundation/Console/Kernel.php(198): Symfony/Component/Console/Application->run(Object(Symfony/Component/Console/Input/ArgvInput), Object(Symfony/Component/Console/Output/ConsoleOutput))
#32 C:/Minor Project/Minor-Project/OpensourceE-commercewebsite/vendor/laravel/framework/src/Illuminate/Foundation/Application.php(1235): Illuminate/Foundation/Console/Kernel->handle(Object(Symfony/Component/Console/Input/ArgvInput), Object(Symfony/Component/Console/Output/ConsoleOutput))
#33 C:/Minor Project/Minor-Project/OpensourceE-commercewebsite/artisan(16): Illuminate/Foundation/Application->handleCommand(Object(Symfony/Component/Console/Input/ArgvInput))
#34 {main}

[previous exception] [object] (PDOException(code: 42S01): SQLSTATE[42S01]: Base table or view already exists: 1050 Table 'addresses' already exists at C:/Minor Project/Minor-Project/OpensourceE-commercewebsite/vendor/laravel/framework/src/Illuminate/Database/Connection.php:601)
[stacktrace]
#0 C:/Minor Project/Minor-Project/OpensourceE-commercewebsite/vendor/laravel/framework/src/Illuminate/Database/Connection.php(601): PDOStatement->execute()
#1 C:/Minor Project/Minor-Project/OpensourceE-commercewebsite/vendor/laravel/framework/src/Illuminate/Database/Connection.php(846): Illuminate/Database/Connection->{closure:Illuminate/Database/Connection::statement():590}('create table `a...', Array)
#2 C:/Minor Project/Minor-Project/OpensourceE-commercewebsite/vendor/laravel/framework/src/Illuminate/Database/Connection.php(813): Illuminate/Database/Connection->runQueryCallback('create table `a...', Array, Object(Closure))
#3 C:/Minor Project/Minor-Project/OpensourceE-commercewebsite/vendor/laravel/framework/src/Illuminate/Database/Connection.php(590): Illuminate/Database/Connection->run('create table `a...', Array, Object(Closure))
#4 C:/Minor Project/Minor-Project/OpensourceE-commercewebsite/vendor/laravel/framework/src/Illuminate/Database/Schema/Blueprint.php(122): Illuminate/Database/Connection->statement('create table `a...')
#5 C:/Minor Project/Minor-Project/OpensourceE-commercewebsite/vendor/laravel/framework/src/Illuminate/Database/Schema/Builder.php(702): Illuminate/Database/Schema/Blueprint->build()
#6 C:/Minor Project/Minor-Project/OpensourceE-commercewebsite/vendor/laravel/framework/src/Illuminate/Database/Schema/Builder.php(520): Illuminate/Database/Schema/Builder->build(Object(Illuminate/Database/Schema/Blueprint))
#7 C:/Minor Project/Minor-Project/OpensourceE-commercewebsite/vendor/laravel/framework/src/Illuminate/Support/Facades/Facade.php(363): Illuminate/Database/Schema/Builder->create('addresses', Object(Closure))
#8 C:/Minor Project/Minor-Project/OpensourceE-commercewebsite/database/migrations/2026_07_24_040415_create_addresses_table.php(14): Illuminate/Support/Facades/Facade::__callStatic('create', Array)
#9 C:/Minor Project/Minor-Project/OpensourceE-commercewebsite/vendor/laravel/framework/src/Illuminate/Database/Migrations/Migrator.php(517): Illuminate/Database/Migrations/Migration@anonymous->up()
#10 C:/Minor Project/Minor-Project/OpensourceE-commercewebsite/vendor/laravel/framework/src/Illuminate/Database/Migrations/Migrator.php(442): Illuminate/Database/Migrations/Migrator->runMethod(Object(Illuminate/Database/MySqlConnection), Object(Illuminate/Database/Migrations/Migration@anonymous), 'up')
#11 C:/Minor Project/Minor-Project/OpensourceE-commercewebsite/vendor/laravel/framework/src/Illuminate/Database/Migrations/Migrator.php(451): Illuminate/Database/Migrations/Migrator->{closure:Illuminate/Database/Migrations/Migrator::runMigration():438}()
#12 C:/Minor Project/Minor-Project/OpensourceE-commercewebsite/vendor/laravel/framework/src/Illuminate/Database/Migrations/Migrator.php(253): Illuminate/Database/Migrations/Migrator->runMigration(Object(Illuminate/Database/Migrations/Migration@anonymous), 'up', '2026_07_24_0404...')
#13 C:/Minor Project/Minor-Project/OpensourceE-commercewebsite/vendor/laravel/framework/src/Illuminate/Console/View/Components/Task.php(43): Illuminate/Database/Migrations/Migrator->{closure:Illuminate/Database/Migrations/Migrator::runUp():253}()
#14 C:/Minor Project/Minor-Project/OpensourceE-commercewebsite/vendor/laravel/framework/src/Illuminate/Database/Migrations/Migrator.php(853): Illuminate/Console/View/Components/Task->render('2026_07_24_0404...', Object(Closure))
#15 C:/Minor Project/Minor-Project/OpensourceE-commercewebsite/vendor/laravel/framework/src/Illuminate/Database/Migrations/Migrator.php(253): Illuminate/Database/Migrations/Migrator->write('Illuminate//Cons...', '2026_07_24_0404...', Object(Closure))
#16 C:/Minor Project/Minor-Project/OpensourceE-commercewebsite/vendor/laravel/framework/src/Illuminate/Database/Migrations/Migrator.php(211): Illuminate/Database/Migrations/Migrator->runUp('C://Minor Projec...', 3, false)
#17 C:/Minor Project/Minor-Project/OpensourceE-commercewebsite/vendor/laravel/framework/src/Illuminate/Database/Migrations/Migrator.php(138): Illuminate/Database/Migrations/Migrator->runPending(Array, Array)
#18 C:/Minor Project/Minor-Project/OpensourceE-commercewebsite/vendor/laravel/framework/src/Illuminate/Database/Console/Migrations/MigrateCommand.php(118): Illuminate/Database/Migrations/Migrator->run(Array, Array)
#19 C:/Minor Project/Minor-Project/OpensourceE-commercewebsite/vendor/laravel/framework/src/Illuminate/Database/Migrations/Migrator.php(672): Illuminate/Database/Console/Migrations/MigrateCommand->{closure:Illuminate/Database/Console/Migrations/MigrateCommand::runMigrations():111}()
#20 C:/Minor Project/Minor-Project/OpensourceE-commercewebsite/vendor/laravel/framework/src/Illuminate/Database/Console/Migrations/MigrateCommand.php(111): Illuminate/Database/Migrations/Migrator->usingConnection(NULL, Object(Closure))
#21 C:/Minor Project/Minor-Project/OpensourceE-commercewebsite/vendor/laravel/framework/src/Illuminate/Database/Console/Migrations/MigrateCommand.php(90): Illuminate/Database/Console/Migrations/MigrateCommand->runMigrations()
#22 C:/Minor Project/Minor-Project/OpensourceE-commercewebsite/vendor/laravel/framework/src/Illuminate/Container/BoundMethod.php(36): Illuminate/Database/Console/Migrations/MigrateCommand->handle()
#23 C:/Minor Project/Minor-Project/OpensourceE-commercewebsite/vendor/laravel/framework/src/Illuminate/Container/Util.php(43): Illuminate/Container/BoundMethod::{closure:Illuminate/Container/BoundMethod::call():35}()
#24 C:/Minor Project/Minor-Project/OpensourceE-commercewebsite/vendor/laravel/framework/src/Illuminate/Container/BoundMethod.php(96): Illuminate/Container/Util::unwrapIfClosure(Object(Closure))
#25 C:/Minor Project/Minor-Project/OpensourceE-commercewebsite/vendor/laravel/framework/src/Illuminate/Container/BoundMethod.php(35): Illuminate/Container/BoundMethod::callBoundMethod(Object(Illuminate/Foundation/Application), Array, Object(Closure))
#26 C:/Minor Project/Minor-Project/OpensourceE-commercewebsite/vendor/laravel/framework/src/Illuminate/Container/Container.php(799): Illuminate/Container/BoundMethod::call(Object(Illuminate/Foundation/Application), Array, Array, NULL)
#27 C:/Minor Project/Minor-Project/OpensourceE-commercewebsite/vendor/laravel/framework/src/Illuminate/Console/Command.php(280): Illuminate/Container/Container->call(Array)
#28 C:/Minor Project/Minor-Project/OpensourceE-commercewebsite/vendor/symfony/console/Command/Command.php(284): Illuminate/Console/Command->execute(Object(Symfony/Component/Console/Input/ArgvInput), Object(Illuminate/Console/OutputStyle))
#29 C:/Minor Project/Minor-Project/OpensourceE-commercewebsite/vendor/laravel/framework/src/Illuminate/Console/Command.php(249): Symfony/Component/Console/Command/Command->run(Object(Symfony/Component/Console/Input/ArgvInput), Object(Illuminate/Console/OutputStyle))
#30 C:/Minor Project/Minor-Project/OpensourceE-commercewebsite/vendor/symfony/console/Application.php(1144): Illuminate/Console/Command->run(Object(Symfony/Component/Console/Input/ArgvInput), Object(Symfony/Component/Console/Output/ConsoleOutput))
#31 C:/Minor Project/Minor-Project/OpensourceE-commercewebsite/vendor/symfony/console/Application.php(379): Symfony/Component/Console/Application->doRunCommand(Object(Illuminate/Database/Console/Migrations/MigrateCommand), Object(Symfony/Component/Console/Input/ArgvInput), Object(Symfony/Component/Console/Output/ConsoleOutput))
#32 C:/Minor Project/Minor-Project/OpensourceE-commercewebsite/vendor/symfony/console/Application.php(218): Symfony/Component/Console/Application->doRun(Object(Symfony/Component/Console/Input/ArgvInput), Object(Symfony/Component/Console/Output/ConsoleOutput))
#33 C:/Minor Project/Minor-Project/OpensourceE-commercewebsite/vendor/laravel/framework/src/Illuminate/Foundation/Console/Kernel.php(198): Symfony/Component/Console/Application->run(Object(Symfony/Component/Console/Input/ArgvInput), Object(Symfony/Component/Console/Output/ConsoleOutput))
#34 C:/Minor Project/Minor-Project/OpensourceE-commercewebsite/vendor/laravel/framework/src/Illuminate/Foundation/Application.php(1235): Illuminate/Foundation/Console/Kernel->handle(Object(Symfony/Component/Console/Input/ArgvInput), Object(Symfony/Component/Console/Output/ConsoleOutput))
#35 C:/Minor Project/Minor-Project/OpensourceE-commercewebsite/artisan(16): Illuminate/Foundation/Application->handleCommand(Object(Symfony/Component/Console/Input/ArgvInput))
#36 {main}
"} 
[2026-07-24 04:08:13] local.ERROR: SQLSTATE[42S01]: Base table or view already exists: 1050 Table 'addresses' already exists (Connection: mysql, Host: 127.0.0.1, Port: 3306, Database: laravel, SQL: create table `addresses` (`id` bigint unsigned not null auto_increment primary key, `created_at` timestamp null, `updated_at` timestamp null) default character set utf8mb4 collate 'utf8mb4_unicode_ci') {"exception":"[object] (Illuminate\\Database\\QueryException(code: 42S01): SQLSTATE[42S01]: Base table or view already exists: 1050 Table 'addresses' already exists (Connection: mysql, Host: 127.0.0.1, Port: 3306, Database: laravel, SQL: create table `addresses` (`id` bigint unsigned not null auto_increment primary key, `created_at` timestamp null, `updated_at` timestamp null) default character set utf8mb4 collate 'utf8mb4_unicode_ci') at C:/Minor Project/Minor-Project/OpensourceE-commercewebsite/vendor/laravel/framework/src/Illuminate/Database/Connection.php:857)
[stacktrace]
#0 C:/Minor Project/Minor-Project/OpensourceE-commercewebsite/vendor/laravel/framework/src/Illuminate/Database/Connection.php(813): Illuminate/Database/Connection->runQueryCallback('create table `a...', Array, Object(Closure))
#1 C:/Minor Project/Minor-Project/OpensourceE-commercewebsite/vendor/laravel/framework/src/Illuminate/Database/Connection.php(590): Illuminate/Database/Connection->run('create table `a...', Array, Object(Closure))
#2 C:/Minor Project/Minor-Project/OpensourceE-commercewebsite/vendor/laravel/framework/src/Illuminate/Database/Schema/Blueprint.php(122): Illuminate/Database/Connection->statement('create table `a...')
#3 C:/Minor Project/Minor-Project/OpensourceE-commercewebsite/vendor/laravel/framework/src/Illuminate/Database/Schema/Builder.php(702): Illuminate/Database/Schema/Blueprint->build()
#4 C:/Minor Project/Minor-Project/OpensourceE-commercewebsite/vendor/laravel/framework/src/Illuminate/Database/Schema/Builder.php(520): Illuminate/Database/Schema/Builder->build(Object(Illuminate/Database/Schema/Blueprint))
#5 C:/Minor Project/Minor-Project/OpensourceE-commercewebsite/vendor/laravel/framework/src/Illuminate/Support/Facades/Facade.php(363): Illuminate/Database/Schema/Builder->create('addresses', Object(Closure))
#6 C:/Minor Project/Minor-Project/OpensourceE-commercewebsite/database/migrations/2026_07_24_040415_create_addresses_table.php(14): Illuminate/Support/Facades/Facade::__callStatic('create', Array)
#7 C:/Minor Project/Minor-Project/OpensourceE-commercewebsite/vendor/laravel/framework/src/Illuminate/Database/Migrations/Migrator.php(517): Illuminate/Database/Migrations/Migration@anonymous->up()
#8 C:/Minor Project/Minor-Project/OpensourceE-commercewebsite/vendor/laravel/framework/src/Illuminate/Database/Migrations/Migrator.php(442): Illuminate/Database/Migrations/Migrator->runMethod(Object(Illuminate/Database/MySqlConnection), Object(Illuminate/Database/Migrations/Migration@anonymous), 'up')
#9 C:/Minor Project/Minor-Project/OpensourceE-commercewebsite/vendor/laravel/framework/src/Illuminate/Database/Migrations/Migrator.php(451): Illuminate/Database/Migrations/Migrator->{closure:Illuminate/Database/Migrations/Migrator::runMigration():438}()
#10 C:/Minor Project/Minor-Project/OpensourceE-commercewebsite/vendor/laravel/framework/src/Illuminate/Database/Migrations/Migrator.php(253): Illuminate/Database/Migrations/Migrator->runMigration(Object(Illuminate/Database/Migrations/Migration@anonymous), 'up', '2026_07_24_0404...')
#11 C:/Minor Project/Minor-Project/OpensourceE-commercewebsite/vendor/laravel/framework/src/Illuminate/Console/View/Components/Task.php(43): Illuminate/Database/Migrations/Migrator->{closure:Illuminate/Database/Migrations/Migrator::runUp():253}()
#12 C:/Minor Project/Minor-Project/OpensourceE-commercewebsite/vendor/laravel/framework/src/Illuminate/Database/Migrations/Migrator.php(853): Illuminate/Console/View/Components/Task->render('2026_07_24_0404...', Object(Closure))
#13 C:/Minor Project/Minor-Project/OpensourceE-commercewebsite/vendor/laravel/framework/src/Illuminate/Database/Migrations/Migrator.php(253): Illuminate/Database/Migrations/Migrator->write('Illuminate//Cons...', '2026_07_24_0404...', Object(Closure))
#14 C:/Minor Project/Minor-Project/OpensourceE-commercewebsite/vendor/laravel/framework/src/Illuminate/Database/Migrations/Migrator.php(211): Illuminate/Database/Migrations/Migrator->runUp('C://Minor Projec...', 1, false)
#15 C:/Minor Project/Minor-Project/OpensourceE-commercewebsite/vendor/laravel/framework/src/Illuminate/Database/Migrations/Migrator.php(138): Illuminate/Database/Migrations/Migrator->runPending(Array, Array)
#16 C:/Minor Project/Minor-Project/OpensourceE-commercewebsite/vendor/laravel/framework/src/Illuminate/Database/Console/Migrations/MigrateCommand.php(118): Illuminate/Database/Migrations/Migrator->run(Array, Array)
#17 C:/Minor Project/Minor-Project/OpensourceE-commercewebsite/vendor/laravel/framework/src/Illuminate/Database/Migrations/Migrator.php(672): Illuminate/Database/Console/Migrations/MigrateCommand->{closure:Illuminate/Database/Console/Migrations/MigrateCommand::runMigrations():111}()
#18 C:/Minor Project/Minor-Project/OpensourceE-commercewebsite/vendor/laravel/framework/src/Illuminate/Database/Console/Migrations/MigrateCommand.php(111): Illuminate/Database/Migrations/Migrator->usingConnection(NULL, Object(Closure))
#19 C:/Minor Project/Minor-Project/OpensourceE-commercewebsite/vendor/laravel/framework/src/Illuminate/Database/Console/Migrations/MigrateCommand.php(90): Illuminate/Database/Console/Migrations/MigrateCommand->runMigrations()
#20 C:/Minor Project/Minor-Project/OpensourceE-commercewebsite/vendor/laravel/framework/src/Illuminate/Container/BoundMethod.php(36): Illuminate/Database/Console/Migrations/MigrateCommand->handle()
#21 C:/Minor Project/Minor-Project/OpensourceE-commercewebsite/vendor/laravel/framework/src/Illuminate/Container/Util.php(43): Illuminate/Container/BoundMethod::{closure:Illuminate/Container/BoundMethod::call():35}()
#22 C:/Minor Project/Minor-Project/OpensourceE-commercewebsite/vendor/laravel/framework/src/Illuminate/Container/BoundMethod.php(96): Illuminate/Container/Util::unwrapIfClosure(Object(Closure))
#23 C:/Minor Project/Minor-Project/OpensourceE-commercewebsite/vendor/laravel/framework/src/Illuminate/Container/BoundMethod.php(35): Illuminate/Container/BoundMethod::callBoundMethod(Object(Illuminate/Foundation/Application), Array, Object(Closure))
#24 C:/Minor Project/Minor-Project/OpensourceE-commercewebsite/vendor/laravel/framework/src/Illuminate/Container/Container.php(799): Illuminate/Container/BoundMethod::call(Object(Illuminate/Foundation/Application), Array, Array, NULL)
#25 C:/Minor Project/Minor-Project/OpensourceE-commercewebsite/vendor/laravel/framework/src/Illuminate/Console/Command.php(280): Illuminate/Container/Container->call(Array)
#26 C:/Minor Project/Minor-Project/OpensourceE-commercewebsite/vendor/symfony/console/Command/Command.php(284): Illuminate/Console/Command->execute(Object(Symfony/Component/Console/Input/ArrayInput), Object(Illuminate/Console/OutputStyle))
#27 C:/Minor Project/Minor-Project/OpensourceE-commercewebsite/vendor/laravel/framework/src/Illuminate/Console/Command.php(249): Symfony/Component/Console/Command/Command->run(Object(Symfony/Component/Console/Input/ArrayInput), Object(Illuminate/Console/OutputStyle))
#28 C:/Minor Project/Minor-Project/OpensourceE-commercewebsite/vendor/laravel/framework/src/Illuminate/Console/Concerns/CallsCommands.php(68): Illuminate/Console/Command->run(Object(Symfony/Component/Console/Input/ArrayInput), Object(Illuminate/Console/OutputStyle))
#29 C:/Minor Project/Minor-Project/OpensourceE-commercewebsite/vendor/laravel/framework/src/Illuminate/Console/Concerns/CallsCommands.php(29): Illuminate/Console/Command->runCommand('migrate', Array, Object(Illuminate/Console/OutputStyle))
#30 C:/Minor Project/Minor-Project/OpensourceE-commercewebsite/vendor/laravel/framework/src/Illuminate/Database/Console/Migrations/FreshCommand.php(88): Illuminate/Console/Command->call('migrate', Array)
#31 C:/Minor Project/Minor-Project/OpensourceE-commercewebsite/vendor/laravel/framework/src/Illuminate/Container/BoundMethod.php(36): Illuminate/Database/Console/Migrations/FreshCommand->handle()
#32 C:/Minor Project/Minor-Project/OpensourceE-commercewebsite/vendor/laravel/framework/src/Illuminate/Container/Util.php(43): Illuminate/Container/BoundMethod::{closure:Illuminate/Container/BoundMethod::call():35}()
#33 C:/Minor Project/Minor-Project/OpensourceE-commercewebsite/vendor/laravel/framework/src/Illuminate/Container/BoundMethod.php(96): Illuminate/Container/Util::unwrapIfClosure(Object(Closure))
#34 C:/Minor Project/Minor-Project/OpensourceE-commercewebsite/vendor/laravel/framework/src/Illuminate/Container/BoundMethod.php(35): Illuminate/Container/BoundMethod::callBoundMethod(Object(Illuminate/Foundation/Application), Array, Object(Closure))
#35 C:/Minor Project/Minor-Project/OpensourceE-commercewebsite/vendor/laravel/framework/src/Illuminate/Container/Container.php(799): Illuminate/Container/BoundMethod::call(Object(Illuminate/Foundation/Application), Array, Array, NULL)
#36 C:/Minor Project/Minor-Project/OpensourceE-commercewebsite/vendor/laravel/framework/src/Illuminate/Console/Command.php(280): Illuminate/Container/Container->call(Array)
#37 C:/Minor Project/Minor-Project/OpensourceE-commercewebsite/vendor/symfony/console/Command/Command.php(284): Illuminate/Console/Command->execute(Object(Symfony/Component/Console/Input/ArgvInput), Object(Illuminate/Console/OutputStyle))
#38 C:/Minor Project/Minor-Project/OpensourceE-commercewebsite/vendor/laravel/framework/src/Illuminate/Console/Command.php(249): Symfony/Component/Console/Command/Command->run(Object(Symfony/Component/Console/Input/ArgvInput), Object(Illuminate/Console/OutputStyle))
#39 C:/Minor Project/Minor-Project/OpensourceE-commercewebsite/vendor/symfony/console/Application.php(1144): Illuminate/Console/Command->run(Object(Symfony/Component/Console/Input/ArgvInput), Object(Symfony/Component/Console/Output/ConsoleOutput))
#40 C:/Minor Project/Minor-Project/OpensourceE-commercewebsite/vendor/symfony/console/Application.php(379): Symfony/Component/Console/Application->doRunCommand(Object(Illuminate/Database/Console/Migrations/FreshCommand), Object(Symfony/Component/Console/Input/ArgvInput), Object(Symfony/Component/Console/Output/ConsoleOutput))
#41 C:/Minor Project/Minor-Project/OpensourceE-commercewebsite/vendor/symfony/console/Application.php(218): Symfony/Component/Console/Application->doRun(Object(Symfony/Component/Console/Input/ArgvInput), Object(Symfony/Component/Console/Output/ConsoleOutput))
#42 C:/Minor Project/Minor-Project/OpensourceE-commercewebsite/vendor/laravel/framework/src/Illuminate/Foundation/Console/Kernel.php(198): Symfony/Component/Console/Application->run(Object(Symfony/Component/Console/Input/ArgvInput), Object(Symfony/Component/Console/Output/ConsoleOutput))
#43 C:/Minor Project/Minor-Project/OpensourceE-commercewebsite/vendor/laravel/framework/src/Illuminate/Foundation/Application.php(1235): Illuminate/Foundation/Console/Kernel->handle(Object(Symfony/Component/Console/Input/ArgvInput), Object(Symfony/Component/Console/Output/ConsoleOutput))
#44 C:/Minor Project/Minor-Project/OpensourceE-commercewebsite/artisan(16): Illuminate/Foundation/Application->handleCommand(Object(Symfony/Component/Console/Input/ArgvInput))
#45 {main}

[previous exception] [object] (PDOException(code: 42S01): SQLSTATE[42S01]: Base table or view already exists: 1050 Table 'addresses' already exists at C:/Minor Project/Minor-Project/OpensourceE-commercewebsite/vendor/laravel/framework/src/Illuminate/Database/Connection.php:601)
[stacktrace]
#0 C:/Minor Project/Minor-Project/OpensourceE-commercewebsite/vendor/laravel/framework/src/Illuminate/Database/Connection.php(601): PDOStatement->execute()
#1 C:/Minor Project/Minor-Project/OpensourceE-commercewebsite/vendor/laravel/framework/src/Illuminate/Database/Connection.php(846): Illuminate/Database/Connection->{closure:Illuminate/Database/Connection::statement():590}('create table `a...', Array)
#2 C:/Minor Project/Minor-Project/OpensourceE-commercewebsite/vendor/laravel/framework/src/Illuminate/Database/Connection.php(813): Illuminate/Database/Connection->runQueryCallback('create table `a...', Array, Object(Closure))
#3 C:/Minor Project/Minor-Project/OpensourceE-commercewebsite/vendor/laravel/framework/src/Illuminate/Database/Connection.php(590): Illuminate/Database/Connection->run('create table `a...', Array, Object(Closure))
#4 C:/Minor Project/Minor-Project/OpensourceE-commercewebsite/vendor/laravel/framework/src/Illuminate/Database/Schema/Blueprint.php(122): Illuminate/Database/Connection->statement('create table `a...')
#5 C:/Minor Project/Minor-Project/OpensourceE-commercewebsite/vendor/laravel/framework/src/Illuminate/Database/Schema/Builder.php(702): Illuminate/Database/Schema/Blueprint->build()
#6 C:/Minor Project/Minor-Project/OpensourceE-commercewebsite/vendor/laravel/framework/src/Illuminate/Database/Schema/Builder.php(520): Illuminate/Database/Schema/Builder->build(Object(Illuminate/Database/Schema/Blueprint))
#7 C:/Minor Project/Minor-Project/OpensourceE-commercewebsite/vendor/laravel/framework/src/Illuminate/Support/Facades/Facade.php(363): Illuminate/Database/Schema/Builder->create('addresses', Object(Closure))
#8 C:/Minor Project/Minor-Project/OpensourceE-commercewebsite/database/migrations/2026_07_24_040415_create_addresses_table.php(14): Illuminate/Support/Facades/Facade::__callStatic('create', Array)
#9 C:/Minor Project/Minor-Project/OpensourceE-commercewebsite/vendor/laravel/framework/src/Illuminate/Database/Migrations/Migrator.php(517): Illuminate/Database/Migrations/Migration@anonymous->up()
#10 C:/Minor Project/Minor-Project/OpensourceE-commercewebsite/vendor/laravel/framework/src/Illuminate/Database/Migrations/Migrator.php(442): Illuminate/Database/Migrations/Migrator->runMethod(Object(Illuminate/Database/MySqlConnection), Object(Illuminate/Database/Migrations/Migration@anonymous), 'up')
#11 C:/Minor Project/Minor-Project/OpensourceE-commercewebsite/vendor/laravel/framework/src/Illuminate/Database/Migrations/Migrator.php(451): Illuminate/Database/Migrations/Migrator->{closure:Illuminate/Database/Migrations/Migrator::runMigration():438}()
#12 C:/Minor Project/Minor-Project/OpensourceE-commercewebsite/vendor/laravel/framework/src/Illuminate/Database/Migrations/Migrator.php(253): Illuminate/Database/Migrations/Migrator->runMigration(Object(Illuminate/Database/Migrations/Migration@anonymous), 'up', '2026_07_24_0404...')
#13 C:/Minor Project/Minor-Project/OpensourceE-commercewebsite/vendor/laravel/framework/src/Illuminate/Console/View/Components/Task.php(43): Illuminate/Database/Migrations/Migrator->{closure:Illuminate/Database/Migrations/Migrator::runUp():253}()
#14 C:/Minor Project/Minor-Project/OpensourceE-commercewebsite/vendor/laravel/framework/src/Illuminate/Database/Migrations/Migrator.php(853): Illuminate/Console/View/Components/Task->render('2026_07_24_0404...', Object(Closure))
#15 C:/Minor Project/Minor-Project/OpensourceE-commercewebsite/vendor/laravel/framework/src/Illuminate/Database/Migrations/Migrator.php(253): Illuminate/Database/Migrations/Migrator->write('Illuminate//Cons...', '2026_07_24_0404...', Object(Closure))
#16 C:/Minor Project/Minor-Project/OpensourceE-commercewebsite/vendor/laravel/framework/src/Illuminate/Database/Migrations/Migrator.php(211): Illuminate/Database/Migrations/Migrator->runUp('C://Minor Projec...', 1, false)
#17 C:/Minor Project/Minor-Project/OpensourceE-commercewebsite/vendor/laravel/framework/src/Illuminate/Database/Migrations/Migrator.php(138): Illuminate/Database/Migrations/Migrator->runPending(Array, Array)
#18 C:/Minor Project/Minor-Project/OpensourceE-commercewebsite/vendor/laravel/framework/src/Illuminate/Database/Console/Migrations/MigrateCommand.php(118): Illuminate/Database/Migrations/Migrator->run(Array, Array)
#19 C:/Minor Project/Minor-Project/OpensourceE-commercewebsite/vendor/laravel/framework/src/Illuminate/Database/Migrations/Migrator.php(672): Illuminate/Database/Console/Migrations/MigrateCommand->{closure:Illuminate/Database/Console/Migrations/MigrateCommand::runMigrations():111}()
#20 C:/Minor Project/Minor-Project/OpensourceE-commercewebsite/vendor/laravel/framework/src/Illuminate/Database/Console/Migrations/MigrateCommand.php(111): Illuminate/Database/Migrations/Migrator->usingConnection(NULL, Object(Closure))
#21 C:/Minor Project/Minor-Project/OpensourceE-commercewebsite/vendor/laravel/framework/src/Illuminate/Database/Console/Migrations/MigrateCommand.php(90): Illuminate/Database/Console/Migrations/MigrateCommand->runMigrations()
#22 C:/Minor Project/Minor-Project/OpensourceE-commercewebsite/vendor/laravel/framework/src/Illuminate/Container/BoundMethod.php(36): Illuminate/Database/Console/Migrations/MigrateCommand->handle()
#23 C:/Minor Project/Minor-Project/OpensourceE-commercewebsite/vendor/laravel/framework/src/Illuminate/Container/Util.php(43): Illuminate/Container/BoundMethod::{closure:Illuminate/Container/BoundMethod::call():35}()
#24 C:/Minor Project/Minor-Project/OpensourceE-commercewebsite/vendor/laravel/framework/src/Illuminate/Container/BoundMethod.php(96): Illuminate/Container/Util::unwrapIfClosure(Object(Closure))
#25 C:/Minor Project/Minor-Project/OpensourceE-commercewebsite/vendor/laravel/framework/src/Illuminate/Container/BoundMethod.php(35): Illuminate/Container/BoundMethod::callBoundMethod(Object(Illuminate/Foundation/Application), Array, Object(Closure))
#26 C:/Minor Project/Minor-Project/OpensourceE-commercewebsite/vendor/laravel/framework/src/Illuminate/Container/Container.php(799): Illuminate/Container/BoundMethod::call(Object(Illuminate/Foundation/Application), Array, Array, NULL)
#27 C:/Minor Project/Minor-Project/OpensourceE-commercewebsite/vendor/laravel/framework/src/Illuminate/Console/Command.php(280): Illuminate/Container/Container->call(Array)
#28 C:/Minor Project/Minor-Project/OpensourceE-commercewebsite/vendor/symfony/console/Command/Command.php(284): Illuminate/Console/Command->execute(Object(Symfony/Component/Console/Input/ArrayInput), Object(Illuminate/Console/OutputStyle))
#29 C:/Minor Project/Minor-Project/OpensourceE-commercewebsite/vendor/laravel/framework/src/Illuminate/Console/Command.php(249): Symfony/Component/Console/Command/Command->run(Object(Symfony/Component/Console/Input/ArrayInput), Object(Illuminate/Console/OutputStyle))
#30 C:/Minor Project/Minor-Project/OpensourceE-commercewebsite/vendor/laravel/framework/src/Illuminate/Console/Concerns/CallsCommands.php(68): Illuminate/Console/Command->run(Object(Symfony/Component/Console/Input/ArrayInput), Object(Illuminate/Console/OutputStyle))
#31 C:/Minor Project/Minor-Project/OpensourceE-commercewebsite/vendor/laravel/framework/src/Illuminate/Console/Concerns/CallsCommands.php(29): Illuminate/Console/Command->runCommand('migrate', Array, Object(Illuminate/Console/OutputStyle))
#32 C:/Minor Project/Minor-Project/OpensourceE-commercewebsite/vendor/laravel/framework/src/Illuminate/Database/Console/Migrations/FreshCommand.php(88): Illuminate/Console/Command->call('migrate', Array)
#33 C:/Minor Project/Minor-Project/OpensourceE-commercewebsite/vendor/laravel/framework/src/Illuminate/Container/BoundMethod.php(36): Illuminate/Database/Console/Migrations/FreshCommand->handle()
#34 C:/Minor Project/Minor-Project/OpensourceE-commercewebsite/vendor/laravel/framework/src/Illuminate/Container/Util.php(43): Illuminate/Container/BoundMethod::{closure:Illuminate/Container/BoundMethod::call():35}()
#35 C:/Minor Project/Minor-Project/OpensourceE-commercewebsite/vendor/laravel/framework/src/Illuminate/Container/BoundMethod.php(96): Illuminate/Container/Util::unwrapIfClosure(Object(Closure))
#36 C:/Minor Project/Minor-Project/OpensourceE-commercewebsite/vendor/laravel/framework/src/Illuminate/Container/BoundMethod.php(35): Illuminate/Container/BoundMethod::callBoundMethod(Object(Illuminate/Foundation/Application), Array, Object(Closure))
#37 C:/Minor Project/Minor-Project/OpensourceE-commercewebsite/vendor/laravel/framework/src/Illuminate/Container/Container.php(799): Illuminate/Container/BoundMethod::call(Object(Illuminate/Foundation/Application), Array, Array, NULL)
#38 C:/Minor Project/Minor-Project/OpensourceE-commercewebsite/vendor/laravel/framework/src/Illuminate/Console/Command.php(280): Illuminate/Container/Container->call(Array)
#39 C:/Minor Project/Minor-Project/OpensourceE-commercewebsite/vendor/symfony/console/Command/Command.php(284): Illuminate/Console/Command->execute(Object(Symfony/Component/Console/Input/ArgvInput), Object(Illuminate/Console/OutputStyle))
#40 C:/Minor Project/Minor-Project/OpensourceE-commercewebsite/vendor/laravel/framework/src/Illuminate/Console/Command.php(249): Symfony/Component/Console/Command/Command->run(Object(Symfony/Component/Console/Input/ArgvInput), Object(Illuminate/Console/OutputStyle))
#41 C:/Minor Project/Minor-Project/OpensourceE-commercewebsite/vendor/symfony/console/Application.php(1144): Illuminate/Console/Command->run(Object(Symfony/Component/Console/Input/ArgvInput), Object(Symfony/Component/Console/Output/ConsoleOutput))
#42 C:/Minor Project/Minor-Project/OpensourceE-commercewebsite/vendor/symfony/console/Application.php(379): Symfony/Component/Console/Application->doRunCommand(Object(Illuminate/Database/Console/Migrations/FreshCommand), Object(Symfony/Component/Console/Input/ArgvInput), Object(Symfony/Component/Console/Output/ConsoleOutput))
#43 C:/Minor Project/Minor-Project/OpensourceE-commercewebsite/vendor/symfony/console/Application.php(218): Symfony/Component/Console/Application->doRun(Object(Symfony/Component/Console/Input/ArgvInput), Object(Symfony/Component/Console/Output/ConsoleOutput))
#44 C:/Minor Project/Minor-Project/OpensourceE-commercewebsite/vendor/laravel/framework/src/Illuminate/Foundation/Console/Kernel.php(198): Symfony/Component/Console/Application->run(Object(Symfony/Component/Console/Input/ArgvInput), Object(Symfony/Component/Console/Output/ConsoleOutput))
#45 C:/Minor Project/Minor-Project/OpensourceE-commercewebsite/vendor/laravel/framework/src/Illuminate/Foundation/Application.php(1235): Illuminate/Foundation/Console/Kernel->handle(Object(Symfony/Component/Console/Input/ArgvInput), Object(Symfony/Component/Console/Output/ConsoleOutput))
#46 C:/Minor Project/Minor-Project/OpensourceE-commercewebsite/artisan(16): Illuminate/Foundation/Application->handleCommand(Object(Symfony/Component/Console/Input/ArgvInput))
#47 {main}
"} 
[2026-07-24 04:08:25] local.ERROR: SQLSTATE[42S01]: Base table or view already exists: 1050 Table 'addresses' already exists (Connection: mysql, Host: 127.0.0.1, Port: 3306, Database: laravel, SQL: create table `addresses` (`id` bigint unsigned not null auto_increment primary key, `created_at` timestamp null, `updated_at` timestamp null) default character set utf8mb4 collate 'utf8mb4_unicode_ci') {"exception":"[object] (Illuminate\\Database\\QueryException(code: 42S01): SQLSTATE[42S01]: Base table or view already exists: 1050 Table 'addresses' already exists (Connection: mysql, Host: 127.0.0.1, Port: 3306, Database: laravel, SQL: create table `addresses` (`id` bigint unsigned not null auto_increment primary key, `created_at` timestamp null, `updated_at` timestamp null) default character set utf8mb4 collate 'utf8mb4_unicode_ci') at C:/Minor Project/Minor-Project/OpensourceE-commercewebsite/vendor/laravel/framework/src/Illuminate/Database/Connection.php:857)
[stacktrace]
#0 C:/Minor Project/Minor-Project/OpensourceE-commercewebsite/vendor/laravel/framework/src/Illuminate/Database/Connection.php(813): Illuminate/Database/Connection->runQueryCallback('create table `a...', Array, Object(Closure))
#1 C:/Minor Project/Minor-Project/OpensourceE-commercewebsite/vendor/laravel/framework/src/Illuminate/Database/Connection.php(590): Illuminate/Database/Connection->run('create table `a...', Array, Object(Closure))
#2 C:/Minor Project/Minor-Project/OpensourceE-commercewebsite/vendor/laravel/framework/src/Illuminate/Database/Schema/Blueprint.php(122): Illuminate/Database/Connection->statement('create table `a...')
#3 C:/Minor Project/Minor-Project/OpensourceE-commercewebsite/vendor/laravel/framework/src/Illuminate/Database/Schema/Builder.php(702): Illuminate/Database/Schema/Blueprint->build()
#4 C:/Minor Project/Minor-Project/OpensourceE-commercewebsite/vendor/laravel/framework/src/Illuminate/Database/Schema/Builder.php(520): Illuminate/Database/Schema/Builder->build(Object(Illuminate/Database/Schema/Blueprint))
#5 C:/Minor Project/Minor-Project/OpensourceE-commercewebsite/vendor/laravel/framework/src/Illuminate/Support/Facades/Facade.php(363): Illuminate/Database/Schema/Builder->create('addresses', Object(Closure))
#6 C:/Minor Project/Minor-Project/OpensourceE-commercewebsite/database/migrations/2026_07_24_040415_create_addresses_table.php(14): Illuminate/Support/Facades/Facade::__callStatic('create', Array)
#7 C:/Minor Project/Minor-Project/OpensourceE-commercewebsite/vendor/laravel/framework/src/Illuminate/Database/Migrations/Migrator.php(517): Illuminate/Database/Migrations/Migration@anonymous->up()
#8 C:/Minor Project/Minor-Project/OpensourceE-commercewebsite/vendor/laravel/framework/src/Illuminate/Database/Migrations/Migrator.php(442): Illuminate/Database/Migrations/Migrator->runMethod(Object(Illuminate/Database/MySqlConnection), Object(Illuminate/Database/Migrations/Migration@anonymous), 'up')
#9 C:/Minor Project/Minor-Project/OpensourceE-commercewebsite/vendor/laravel/framework/src/Illuminate/Database/Migrations/Migrator.php(451): Illuminate/Database/Migrations/Migrator->{closure:Illuminate/Database/Migrations/Migrator::runMigration():438}()
#10 C:/Minor Project/Minor-Project/OpensourceE-commercewebsite/vendor/laravel/framework/src/Illuminate/Database/Migrations/Migrator.php(253): Illuminate/Database/Migrations/Migrator->runMigration(Object(Illuminate/Database/Migrations/Migration@anonymous), 'up', '2026_07_24_0404...')
#11 C:/Minor Project/Minor-Project/OpensourceE-commercewebsite/vendor/laravel/framework/src/Illuminate/Console/View/Components/Task.php(43): Illuminate/Database/Migrations/Migrator->{closure:Illuminate/Database/Migrations/Migrator::runUp():253}()
#12 C:/Minor Project/Minor-Project/OpensourceE-commercewebsite/vendor/laravel/framework/src/Illuminate/Database/Migrations/Migrator.php(853): Illuminate/Console/View/Components/Task->render('2026_07_24_0404...', Object(Closure))
#13 C:/Minor Project/Minor-Project/OpensourceE-commercewebsite/vendor/laravel/framework/src/Illuminate/Database/Migrations/Migrator.php(253): Illuminate/Database/Migrations/Migrator->write('Illuminate//Cons...', '2026_07_24_0404...', Object(Closure))
#14 C:/Minor Project/Minor-Project/OpensourceE-commercewebsite/vendor/laravel/framework/src/Illuminate/Database/Migrations/Migrator.php(211): Illuminate/Database/Migrations/Migrator->runUp('C://Minor Projec...', 2, false)
#15 C:/Minor Project/Minor-Project/OpensourceE-commercewebsite/vendor/laravel/framework/src/Illuminate/Database/Migrations/Migrator.php(138): Illuminate/Database/Migrations/Migrator->runPending(Array, Array)
#16 C:/Minor Project/Minor-Project/OpensourceE-commercewebsite/vendor/laravel/framework/src/Illuminate/Database/Console/Migrations/MigrateCommand.php(118): Illuminate/Database/Migrations/Migrator->run(Array, Array)
#17 C:/Minor Project/Minor-Project/OpensourceE-commercewebsite/vendor/laravel/framework/src/Illuminate/Database/Migrations/Migrator.php(672): Illuminate/Database/Console/Migrations/MigrateCommand->{closure:Illuminate/Database/Console/Migrations/MigrateCommand::runMigrations():111}()
#18 C:/Minor Project/Minor-Project/OpensourceE-commercewebsite/vendor/laravel/framework/src/Illuminate/Database/Console/Migrations/MigrateCommand.php(111): Illuminate/Database/Migrations/Migrator->usingConnection(NULL, Object(Closure))
#19 C:/Minor Project/Minor-Project/OpensourceE-commercewebsite/vendor/laravel/framework/src/Illuminate/Database/Console/Migrations/MigrateCommand.php(90): Illuminate/Database/Console/Migrations/MigrateCommand->runMigrations()
#20 C:/Minor Project/Minor-Project/OpensourceE-commercewebsite/vendor/laravel/framework/src/Illuminate/Container/BoundMethod.php(36): Illuminate/Database/Console/Migrations/MigrateCommand->handle()
#21 C:/Minor Project/Minor-Project/OpensourceE-commercewebsite/vendor/laravel/framework/src/Illuminate/Container/Util.php(43): Illuminate/Container/BoundMethod::{closure:Illuminate/Container/BoundMethod::call():35}()
#22 C:/Minor Project/Minor-Project/OpensourceE-commercewebsite/vendor/laravel/framework/src/Illuminate/Container/BoundMethod.php(96): Illuminate/Container/Util::unwrapIfClosure(Object(Closure))
#23 C:/Minor Project/Minor-Project/OpensourceE-commercewebsite/vendor/laravel/framework/src/Illuminate/Container/BoundMethod.php(35): Illuminate/Container/BoundMethod::callBoundMethod(Object(Illuminate/Foundation/Application), Array, Object(Closure))
#24 C:/Minor Project/Minor-Project/OpensourceE-commercewebsite/vendor/laravel/framework/src/Illuminate/Container/Container.php(799): Illuminate/Container/BoundMethod::call(Object(Illuminate/Foundation/Application), Array, Array, NULL)
#25 C:/Minor Project/Minor-Project/OpensourceE-commercewebsite/vendor/laravel/framework/src/Illuminate/Console/Command.php(280): Illuminate/Container/Container->call(Array)
#26 C:/Minor Project/Minor-Project/OpensourceE-commercewebsite/vendor/symfony/console/Command/Command.php(284): Illuminate/Console/Command->execute(Object(Symfony/Component/Console/Input/ArgvInput), Object(Illuminate/Console/OutputStyle))
#27 C:/Minor Project/Minor-Project/OpensourceE-commercewebsite/vendor/laravel/framework/src/Illuminate/Console/Command.php(249): Symfony/Component/Console/Command/Command->run(Object(Symfony/Component/Console/Input/ArgvInput), Object(Illuminate/Console/OutputStyle))
#28 C:/Minor Project/Minor-Project/OpensourceE-commercewebsite/vendor/symfony/console/Application.php(1144): Illuminate/Console/Command->run(Object(Symfony/Component/Console/Input/ArgvInput), Object(Symfony/Component/Console/Output/ConsoleOutput))
#29 C:/Minor Project/Minor-Project/OpensourceE-commercewebsite/vendor/symfony/console/Application.php(379): Symfony/Component/Console/Application->doRunCommand(Object(Illuminate/Database/Console/Migrations/MigrateCommand), Object(Symfony/Component/Console/Input/ArgvInput), Object(Symfony/Component/Console/Output/ConsoleOutput))
#30 C:/Minor Project/Minor-Project/OpensourceE-commercewebsite/vendor/symfony/console/Application.php(218): Symfony/Component/Console/Application->doRun(Object(Symfony/Component/Console/Input/ArgvInput), Object(Symfony/Component/Console/Output/ConsoleOutput))
#31 C:/Minor Project/Minor-Project/OpensourceE-commercewebsite/vendor/laravel/framework/src/Illuminate/Foundation/Console/Kernel.php(198): Symfony/Component/Console/Application->run(Object(Symfony/Component/Console/Input/ArgvInput), Object(Symfony/Component/Console/Output/ConsoleOutput))
#32 C:/Minor Project/Minor-Project/OpensourceE-commercewebsite/vendor/laravel/framework/src/Illuminate/Foundation/Application.php(1235): Illuminate/Foundation/Console/Kernel->handle(Object(Symfony/Component/Console/Input/ArgvInput), Object(Symfony/Component/Console/Output/ConsoleOutput))
#33 C:/Minor Project/Minor-Project/OpensourceE-commercewebsite/artisan(16): Illuminate/Foundation/Application->handleCommand(Object(Symfony/Component/Console/Input/ArgvInput))
#34 {main}

[previous exception] [object] (PDOException(code: 42S01): SQLSTATE[42S01]: Base table or view already exists: 1050 Table 'addresses' already exists at C:/Minor Project/Minor-Project/OpensourceE-commercewebsite/vendor/laravel/framework/src/Illuminate/Database/Connection.php:601)
[stacktrace]
#0 C:/Minor Project/Minor-Project/OpensourceE-commercewebsite/vendor/laravel/framework/src/Illuminate/Database/Connection.php(601): PDOStatement->execute()
#1 C:/Minor Project/Minor-Project/OpensourceE-commercewebsite/vendor/laravel/framework/src/Illuminate/Database/Connection.php(846): Illuminate/Database/Connection->{closure:Illuminate/Database/Connection::statement():590}('create table `a...', Array)
#2 C:/Minor Project/Minor-Project/OpensourceE-commercewebsite/vendor/laravel/framework/src/Illuminate/Database/Connection.php(813): Illuminate/Database/Connection->runQueryCallback('create table `a...', Array, Object(Closure))
#3 C:/Minor Project/Minor-Project/OpensourceE-commercewebsite/vendor/laravel/framework/src/Illuminate/Database/Connection.php(590): Illuminate/Database/Connection->run('create table `a...', Array, Object(Closure))
#4 C:/Minor Project/Minor-Project/OpensourceE-commercewebsite/vendor/laravel/framework/src/Illuminate/Database/Schema/Blueprint.php(122): Illuminate/Database/Connection->statement('create table `a...')
#5 C:/Minor Project/Minor-Project/OpensourceE-commercewebsite/vendor/laravel/framework/src/Illuminate/Database/Schema/Builder.php(702): Illuminate/Database/Schema/Blueprint->build()
#6 C:/Minor Project/Minor-Project/OpensourceE-commercewebsite/vendor/laravel/framework/src/Illuminate/Database/Schema/Builder.php(520): Illuminate/Database/Schema/Builder->build(Object(Illuminate/Database/Schema/Blueprint))
#7 C:/Minor Project/Minor-Project/OpensourceE-commercewebsite/vendor/laravel/framework/src/Illuminate/Support/Facades/Facade.php(363): Illuminate/Database/Schema/Builder->create('addresses', Object(Closure))
#8 C:/Minor Project/Minor-Project/OpensourceE-commercewebsite/database/migrations/2026_07_24_040415_create_addresses_table.php(14): Illuminate/Support/Facades/Facade::__callStatic('create', Array)
#9 C:/Minor Project/Minor-Project/OpensourceE-commercewebsite/vendor/laravel/framework/src/Illuminate/Database/Migrations/Migrator.php(517): Illuminate/Database/Migrations/Migration@anonymous->up()
#10 C:/Minor Project/Minor-Project/OpensourceE-commercewebsite/vendor/laravel/framework/src/Illuminate/Database/Migrations/Migrator.php(442): Illuminate/Database/Migrations/Migrator->runMethod(Object(Illuminate/Database/MySqlConnection), Object(Illuminate/Database/Migrations/Migration@anonymous), 'up')
#11 C:/Minor Project/Minor-Project/OpensourceE-commercewebsite/vendor/laravel/framework/src/Illuminate/Database/Migrations/Migrator.php(451): Illuminate/Database/Migrations/Migrator->{closure:Illuminate/Database/Migrations/Migrator::runMigration():438}()
#12 C:/Minor Project/Minor-Project/OpensourceE-commercewebsite/vendor/laravel/framework/src/Illuminate/Database/Migrations/Migrator.php(253): Illuminate/Database/Migrations/Migrator->runMigration(Object(Illuminate/Database/Migrations/Migration@anonymous), 'up', '2026_07_24_0404...')
#13 C:/Minor Project/Minor-Project/OpensourceE-commercewebsite/vendor/laravel/framework/src/Illuminate/Console/View/Components/Task.php(43): Illuminate/Database/Migrations/Migrator->{closure:Illuminate/Database/Migrations/Migrator::runUp():253}()
#14 C:/Minor Project/Minor-Project/OpensourceE-commercewebsite/vendor/laravel/framework/src/Illuminate/Database/Migrations/Migrator.php(853): Illuminate/Console/View/Components/Task->render('2026_07_24_0404...', Object(Closure))
#15 C:/Minor Project/Minor-Project/OpensourceE-commercewebsite/vendor/laravel/framework/src/Illuminate/Database/Migrations/Migrator.php(253): Illuminate/Database/Migrations/Migrator->write('Illuminate//Cons...', '2026_07_24_0404...', Object(Closure))
#16 C:/Minor Project/Minor-Project/OpensourceE-commercewebsite/vendor/laravel/framework/src/Illuminate/Database/Migrations/Migrator.php(211): Illuminate/Database/Migrations/Migrator->runUp('C://Minor Projec...', 2, false)
#17 C:/Minor Project/Minor-Project/OpensourceE-commercewebsite/vendor/laravel/framework/src/Illuminate/Database/Migrations/Migrator.php(138): Illuminate/Database/Migrations/Migrator->runPending(Array, Array)
#18 C:/Minor Project/Minor-Project/OpensourceE-commercewebsite/vendor/laravel/framework/src/Illuminate/Database/Console/Migrations/MigrateCommand.php(118): Illuminate/Database/Migrations/Migrator->run(Array, Array)
#19 C:/Minor Project/Minor-Project/OpensourceE-commercewebsite/vendor/laravel/framework/src/Illuminate/Database/Migrations/Migrator.php(672): Illuminate/Database/Console/Migrations/MigrateCommand->{closure:Illuminate/Database/Console/Migrations/MigrateCommand::runMigrations():111}()
#20 C:/Minor Project/Minor-Project/OpensourceE-commercewebsite/vendor/laravel/framework/src/Illuminate/Database/Console/Migrations/MigrateCommand.php(111): Illuminate/Database/Migrations/Migrator->usingConnection(NULL, Object(Closure))
#21 C:/Minor Project/Minor-Project/OpensourceE-commercewebsite/vendor/laravel/framework/src/Illuminate/Database/Console/Migrations/MigrateCommand.php(90): Illuminate/Database/Console/Migrations/MigrateCommand->runMigrations()
#22 C:/Minor Project/Minor-Project/OpensourceE-commercewebsite/vendor/laravel/framework/src/Illuminate/Container/BoundMethod.php(36): Illuminate/Database/Console/Migrations/MigrateCommand->handle()
#23 C:/Minor Project/Minor-Project/OpensourceE-commercewebsite/vendor/laravel/framework/src/Illuminate/Container/Util.php(43): Illuminate/Container/BoundMethod::{closure:Illuminate/Container/BoundMethod::call():35}()
#24 C:/Minor Project/Minor-Project/OpensourceE-commercewebsite/vendor/laravel/framework/src/Illuminate/Container/BoundMethod.php(96): Illuminate/Container/Util::unwrapIfClosure(Object(Closure))
#25 C:/Minor Project/Minor-Project/OpensourceE-commercewebsite/vendor/laravel/framework/src/Illuminate/Container/BoundMethod.php(35): Illuminate/Container/BoundMethod::callBoundMethod(Object(Illuminate/Foundation/Application), Array, Object(Closure))
#26 C:/Minor Project/Minor-Project/OpensourceE-commercewebsite/vendor/laravel/framework/src/Illuminate/Container/Container.php(799): Illuminate/Container/BoundMethod::call(Object(Illuminate/Foundation/Application), Array, Array, NULL)
#27 C:/Minor Project/Minor-Project/OpensourceE-commercewebsite/vendor/laravel/framework/src/Illuminate/Console/Command.php(280): Illuminate/Container/Container->call(Array)
#28 C:/Minor Project/Minor-Project/OpensourceE-commercewebsite/vendor/symfony/console/Command/Command.php(284): Illuminate/Console/Command->execute(Object(Symfony/Component/Console/Input/ArgvInput), Object(Illuminate/Console/OutputStyle))
#29 C:/Minor Project/Minor-Project/OpensourceE-commercewebsite/vendor/laravel/framework/src/Illuminate/Console/Command.php(249): Symfony/Component/Console/Command/Command->run(Object(Symfony/Component/Console/Input/ArgvInput), Object(Illuminate/Console/OutputStyle))
#30 C:/Minor Project/Minor-Project/OpensourceE-commercewebsite/vendor/symfony/console/Application.php(1144): Illuminate/Console/Command->run(Object(Symfony/Component/Console/Input/ArgvInput), Object(Symfony/Component/Console/Output/ConsoleOutput))
#31 C:/Minor Project/Minor-Project/OpensourceE-commercewebsite/vendor/symfony/console/Application.php(379): Symfony/Component/Console/Application->doRunCommand(Object(Illuminate/Database/Console/Migrations/MigrateCommand), Object(Symfony/Component/Console/Input/ArgvInput), Object(Symfony/Component/Console/Output/ConsoleOutput))
#32 C:/Minor Project/Minor-Project/OpensourceE-commercewebsite/vendor/symfony/console/Application.php(218): Symfony/Component/Console/Application->doRun(Object(Symfony/Component/Console/Input/ArgvInput), Object(Symfony/Component/Console/Output/ConsoleOutput))
#33 C:/Minor Project/Minor-Project/OpensourceE-commercewebsite/vendor/laravel/framework/src/Illuminate/Foundation/Console/Kernel.php(198): Symfony/Component/Console/Application->run(Object(Symfony/Component/Console/Input/ArgvInput), Object(Symfony/Component/Console/Output/ConsoleOutput))
#34 C:/Minor Project/Minor-Project/OpensourceE-commercewebsite/vendor/laravel/framework/src/Illuminate/Foundation/Application.php(1235): Illuminate/Foundation/Console/Kernel->handle(Object(Symfony/Component/Console/Input/ArgvInput), Object(Symfony/Component/Console/Output/ConsoleOutput))
#35 C:/Minor Project/Minor-Project/OpensourceE-commercewebsite/artisan(16): Illuminate/Foundation/Application->handleCommand(Object(Symfony/Component/Console/Input/ArgvInput))
#36 {main}
"} 
[2026-07-24 04:09:12] local.ERROR: SQLSTATE[42S01]: Base table or view already exists: 1050 Table 'addresses' already exists (Connection: mysql, Host: 127.0.0.1, Port: 3306, Database: laravel, SQL: create table `addresses` (`id` bigint unsigned not null auto_increment primary key, `created_at` timestamp null, `updated_at` timestamp null) default character set utf8mb4 collate 'utf8mb4_unicode_ci') {"exception":"[object] (Illuminate\\Database\\QueryException(code: 42S01): SQLSTATE[42S01]: Base table or view already exists: 1050 Table 'addresses' already exists (Connection: mysql, Host: 127.0.0.1, Port: 3306, Database: laravel, SQL: create table `addresses` (`id` bigint unsigned not null auto_increment primary key, `created_at` timestamp null, `updated_at` timestamp null) default character set utf8mb4 collate 'utf8mb4_unicode_ci') at C:/Minor Project/Minor-Project/OpensourceE-commercewebsite/vendor/laravel/framework/src/Illuminate/Database/Connection.php:857)
[stacktrace]
#0 C:/Minor Project/Minor-Project/OpensourceE-commercewebsite/vendor/laravel/framework/src/Illuminate/Database/Connection.php(813): Illuminate/Database/Connection->runQueryCallback('create table `a...', Array, Object(Closure))
#1 C:/Minor Project/Minor-Project/OpensourceE-commercewebsite/vendor/laravel/framework/src/Illuminate/Database/Connection.php(590): Illuminate/Database/Connection->run('create table `a...', Array, Object(Closure))
#2 C:/Minor Project/Minor-Project/OpensourceE-commercewebsite/vendor/laravel/framework/src/Illuminate/Database/Schema/Blueprint.php(122): Illuminate/Database/Connection->statement('create table `a...')
#3 C:/Minor Project/Minor-Project/OpensourceE-commercewebsite/vendor/laravel/framework/src/Illuminate/Database/Schema/Builder.php(702): Illuminate/Database/Schema/Blueprint->build()
#4 C:/Minor Project/Minor-Project/OpensourceE-commercewebsite/vendor/laravel/framework/src/Illuminate/Database/Schema/Builder.php(520): Illuminate/Database/Schema/Builder->build(Object(Illuminate/Database/Schema/Blueprint))
#5 C:/Minor Project/Minor-Project/OpensourceE-commercewebsite/vendor/laravel/framework/src/Illuminate/Support/Facades/Facade.php(363): Illuminate/Database/Schema/Builder->create('addresses', Object(Closure))
#6 C:/Minor Project/Minor-Project/OpensourceE-commercewebsite/database/migrations/2026_07_24_040415_create_addresses_table.php(14): Illuminate/Support/Facades/Facade::__callStatic('create', Array)
#7 C:/Minor Project/Minor-Project/OpensourceE-commercewebsite/vendor/laravel/framework/src/Illuminate/Database/Migrations/Migrator.php(517): Illuminate/Database/Migrations/Migration@anonymous->up()
#8 C:/Minor Project/Minor-Project/OpensourceE-commercewebsite/vendor/laravel/framework/src/Illuminate/Database/Migrations/Migrator.php(442): Illuminate/Database/Migrations/Migrator->runMethod(Object(Illuminate/Database/MySqlConnection), Object(Illuminate/Database/Migrations/Migration@anonymous), 'up')
#9 C:/Minor Project/Minor-Project/OpensourceE-commercewebsite/vendor/laravel/framework/src/Illuminate/Database/Migrations/Migrator.php(451): Illuminate/Database/Migrations/Migrator->{closure:Illuminate/Database/Migrations/Migrator::runMigration():438}()
#10 C:/Minor Project/Minor-Project/OpensourceE-commercewebsite/vendor/laravel/framework/src/Illuminate/Database/Migrations/Migrator.php(253): Illuminate/Database/Migrations/Migrator->runMigration(Object(Illuminate/Database/Migrations/Migration@anonymous), 'up', '2026_07_24_0404...')
#11 C:/Minor Project/Minor-Project/OpensourceE-commercewebsite/vendor/laravel/framework/src/Illuminate/Console/View/Components/Task.php(43): Illuminate/Database/Migrations/Migrator->{closure:Illuminate/Database/Migrations/Migrator::runUp():253}()
#12 C:/Minor Project/Minor-Project/OpensourceE-commercewebsite/vendor/laravel/framework/src/Illuminate/Database/Migrations/Migrator.php(853): Illuminate/Console/View/Components/Task->render('2026_07_24_0404...', Object(Closure))
#13 C:/Minor Project/Minor-Project/OpensourceE-commercewebsite/vendor/laravel/framework/src/Illuminate/Database/Migrations/Migrator.php(253): Illuminate/Database/Migrations/Migrator->write('Illuminate//Cons...', '2026_07_24_0404...', Object(Closure))
#14 C:/Minor Project/Minor-Project/OpensourceE-commercewebsite/vendor/laravel/framework/src/Illuminate/Database/Migrations/Migrator.php(211): Illuminate/Database/Migrations/Migrator->runUp('C://Minor Projec...', 1, false)
#15 C:/Minor Project/Minor-Project/OpensourceE-commercewebsite/vendor/laravel/framework/src/Illuminate/Database/Migrations/Migrator.php(138): Illuminate/Database/Migrations/Migrator->runPending(Array, Array)
#16 C:/Minor Project/Minor-Project/OpensourceE-commercewebsite/vendor/laravel/framework/src/Illuminate/Database/Console/Migrations/MigrateCommand.php(118): Illuminate/Database/Migrations/Migrator->run(Array, Array)
#17 C:/Minor Project/Minor-Project/OpensourceE-commercewebsite/vendor/laravel/framework/src/Illuminate/Database/Migrations/Migrator.php(672): Illuminate/Database/Console/Migrations/MigrateCommand->{closure:Illuminate/Database/Console/Migrations/MigrateCommand::runMigrations():111}()
#18 C:/Minor Project/Minor-Project/OpensourceE-commercewebsite/vendor/laravel/framework/src/Illuminate/Database/Console/Migrations/MigrateCommand.php(111): Illuminate/Database/Migrations/Migrator->usingConnection(NULL, Object(Closure))
#19 C:/Minor Project/Minor-Project/OpensourceE-commercewebsite/vendor/laravel/framework/src/Illuminate/Database/Console/Migrations/MigrateCommand.php(90): Illuminate/Database/Console/Migrations/MigrateCommand->runMigrations()
#20 C:/Minor Project/Minor-Project/OpensourceE-commercewebsite/vendor/laravel/framework/src/Illuminate/Container/BoundMethod.php(36): Illuminate/Database/Console/Migrations/MigrateCommand->handle()
#21 C:/Minor Project/Minor-Project/OpensourceE-commercewebsite/vendor/laravel/framework/src/Illuminate/Container/Util.php(43): Illuminate/Container/BoundMethod::{closure:Illuminate/Container/BoundMethod::call():35}()
#22 C:/Minor Project/Minor-Project/OpensourceE-commercewebsite/vendor/laravel/framework/src/Illuminate/Container/BoundMethod.php(96): Illuminate/Container/Util::unwrapIfClosure(Object(Closure))
#23 C:/Minor Project/Minor-Project/OpensourceE-commercewebsite/vendor/laravel/framework/src/Illuminate/Container/BoundMethod.php(35): Illuminate/Container/BoundMethod::callBoundMethod(Object(Illuminate/Foundation/Application), Array, Object(Closure))
#24 C:/Minor Project/Minor-Project/OpensourceE-commercewebsite/vendor/laravel/framework/src/Illuminate/Container/Container.php(799): Illuminate/Container/BoundMethod::call(Object(Illuminate/Foundation/Application), Array, Array, NULL)
#25 C:/Minor Project/Minor-Project/OpensourceE-commercewebsite/vendor/laravel/framework/src/Illuminate/Console/Command.php(280): Illuminate/Container/Container->call(Array)
#26 C:/Minor Project/Minor-Project/OpensourceE-commercewebsite/vendor/symfony/console/Command/Command.php(284): Illuminate/Console/Command->execute(Object(Symfony/Component/Console/Input/ArrayInput), Object(Illuminate/Console/OutputStyle))
#27 C:/Minor Project/Minor-Project/OpensourceE-commercewebsite/vendor/laravel/framework/src/Illuminate/Console/Command.php(249): Symfony/Component/Console/Command/Command->run(Object(Symfony/Component/Console/Input/ArrayInput), Object(Illuminate/Console/OutputStyle))
#28 C:/Minor Project/Minor-Project/OpensourceE-commercewebsite/vendor/laravel/framework/src/Illuminate/Console/Concerns/CallsCommands.php(68): Illuminate/Console/Command->run(Object(Symfony/Component/Console/Input/ArrayInput), Object(Illuminate/Console/OutputStyle))
#29 C:/Minor Project/Minor-Project/OpensourceE-commercewebsite/vendor/laravel/framework/src/Illuminate/Console/Concerns/CallsCommands.php(29): Illuminate/Console/Command->runCommand('migrate', Array, Object(Illuminate/Console/OutputStyle))
#30 C:/Minor Project/Minor-Project/OpensourceE-commercewebsite/vendor/laravel/framework/src/Illuminate/Database/Console/Migrations/FreshCommand.php(88): Illuminate/Console/Command->call('migrate', Array)
#31 C:/Minor Project/Minor-Project/OpensourceE-commercewebsite/vendor/laravel/framework/src/Illuminate/Container/BoundMethod.php(36): Illuminate/Database/Console/Migrations/FreshCommand->handle()
#32 C:/Minor Project/Minor-Project/OpensourceE-commercewebsite/vendor/laravel/framework/src/Illuminate/Container/Util.php(43): Illuminate/Container/BoundMethod::{closure:Illuminate/Container/BoundMethod::call():35}()
#33 C:/Minor Project/Minor-Project/OpensourceE-commercewebsite/vendor/laravel/framework/src/Illuminate/Container/BoundMethod.php(96): Illuminate/Container/Util::unwrapIfClosure(Object(Closure))
#34 C:/Minor Project/Minor-Project/OpensourceE-commercewebsite/vendor/laravel/framework/src/Illuminate/Container/BoundMethod.php(35): Illuminate/Container/BoundMethod::callBoundMethod(Object(Illuminate/Foundation/Application), Array, Object(Closure))
#35 C:/Minor Project/Minor-Project/OpensourceE-commercewebsite/vendor/laravel/framework/src/Illuminate/Container/Container.php(799): Illuminate/Container/BoundMethod::call(Object(Illuminate/Foundation/Application), Array, Array, NULL)
#36 C:/Minor Project/Minor-Project/OpensourceE-commercewebsite/vendor/laravel/framework/src/Illuminate/Console/Command.php(280): Illuminate/Container/Container->call(Array)
#37 C:/Minor Project/Minor-Project/OpensourceE-commercewebsite/vendor/symfony/console/Command/Command.php(284): Illuminate/Console/Command->execute(Object(Symfony/Component/Console/Input/ArgvInput), Object(Illuminate/Console/OutputStyle))
#38 C:/Minor Project/Minor-Project/OpensourceE-commercewebsite/vendor/laravel/framework/src/Illuminate/Console/Command.php(249): Symfony/Component/Console/Command/Command->run(Object(Symfony/Component/Console/Input/ArgvInput), Object(Illuminate/Console/OutputStyle))
#39 C:/Minor Project/Minor-Project/OpensourceE-commercewebsite/vendor/symfony/console/Application.php(1144): Illuminate/Console/Command->run(Object(Symfony/Component/Console/Input/ArgvInput), Object(Symfony/Component/Console/Output/ConsoleOutput))
#40 C:/Minor Project/Minor-Project/OpensourceE-commercewebsite/vendor/symfony/console/Application.php(379): Symfony/Component/Console/Application->doRunCommand(Object(Illuminate/Database/Console/Migrations/FreshCommand), Object(Symfony/Component/Console/Input/ArgvInput), Object(Symfony/Component/Console/Output/ConsoleOutput))
#41 C:/Minor Project/Minor-Project/OpensourceE-commercewebsite/vendor/symfony/console/Application.php(218): Symfony/Component/Console/Application->doRun(Object(Symfony/Component/Console/Input/ArgvInput), Object(Symfony/Component/Console/Output/ConsoleOutput))
#42 C:/Minor Project/Minor-Project/OpensourceE-commercewebsite/vendor/laravel/framework/src/Illuminate/Foundation/Console/Kernel.php(198): Symfony/Component/Console/Application->run(Object(Symfony/Component/Console/Input/ArgvInput), Object(Symfony/Component/Console/Output/ConsoleOutput))
#43 C:/Minor Project/Minor-Project/OpensourceE-commercewebsite/vendor/laravel/framework/src/Illuminate/Foundation/Application.php(1235): Illuminate/Foundation/Console/Kernel->handle(Object(Symfony/Component/Console/Input/ArgvInput), Object(Symfony/Component/Console/Output/ConsoleOutput))
#44 C:/Minor Project/Minor-Project/OpensourceE-commercewebsite/artisan(16): Illuminate/Foundation/Application->handleCommand(Object(Symfony/Component/Console/Input/ArgvInput))
#45 {main}

[previous exception] [object] (PDOException(code: 42S01): SQLSTATE[42S01]: Base table or view already exists: 1050 Table 'addresses' already exists at C:/Minor Project/Minor-Project/OpensourceE-commercewebsite/vendor/laravel/framework/src/Illuminate/Database/Connection.php:601)
[stacktrace]
#0 C:/Minor Project/Minor-Project/OpensourceE-commercewebsite/vendor/laravel/framework/src/Illuminate/Database/Connection.php(601): PDOStatement->execute()
#1 C:/Minor Project/Minor-Project/OpensourceE-commercewebsite/vendor/laravel/framework/src/Illuminate/Database/Connection.php(846): Illuminate/Database/Connection->{closure:Illuminate/Database/Connection::statement():590}('create table `a...', Array)
#2 C:/Minor Project/Minor-Project/OpensourceE-commercewebsite/vendor/laravel/framework/src/Illuminate/Database/Connection.php(813): Illuminate/Database/Connection->runQueryCallback('create table `a...', Array, Object(Closure))
#3 C:/Minor Project/Minor-Project/OpensourceE-commercewebsite/vendor/laravel/framework/src/Illuminate/Database/Connection.php(590): Illuminate/Database/Connection->run('create table `a...', Array, Object(Closure))
#4 C:/Minor Project/Minor-Project/OpensourceE-commercewebsite/vendor/laravel/framework/src/Illuminate/Database/Schema/Blueprint.php(122): Illuminate/Database/Connection->statement('create table `a...')
#5 C:/Minor Project/Minor-Project/OpensourceE-commercewebsite/vendor/laravel/framework/src/Illuminate/Database/Schema/Builder.php(702): Illuminate/Database/Schema/Blueprint->build()
#6 C:/Minor Project/Minor-Project/OpensourceE-commercewebsite/vendor/laravel/framework/src/Illuminate/Database/Schema/Builder.php(520): Illuminate/Database/Schema/Builder->build(Object(Illuminate/Database/Schema/Blueprint))
#7 C:/Minor Project/Minor-Project/OpensourceE-commercewebsite/vendor/laravel/framework/src/Illuminate/Support/Facades/Facade.php(363): Illuminate/Database/Schema/Builder->create('addresses', Object(Closure))
#8 C:/Minor Project/Minor-Project/OpensourceE-commercewebsite/database/migrations/2026_07_24_040415_create_addresses_table.php(14): Illuminate/Support/Facades/Facade::__callStatic('create', Array)
#9 C:/Minor Project/Minor-Project/OpensourceE-commercewebsite/vendor/laravel/framework/src/Illuminate/Database/Migrations/Migrator.php(517): Illuminate/Database/Migrations/Migration@anonymous->up()
#10 C:/Minor Project/Minor-Project/OpensourceE-commercewebsite/vendor/laravel/framework/src/Illuminate/Database/Migrations/Migrator.php(442): Illuminate/Database/Migrations/Migrator->runMethod(Object(Illuminate/Database/MySqlConnection), Object(Illuminate/Database/Migrations/Migration@anonymous), 'up')
#11 C:/Minor Project/Minor-Project/OpensourceE-commercewebsite/vendor/laravel/framework/src/Illuminate/Database/Migrations/Migrator.php(451): Illuminate/Database/Migrations/Migrator->{closure:Illuminate/Database/Migrations/Migrator::runMigration():438}()
#12 C:/Minor Project/Minor-Project/OpensourceE-commercewebsite/vendor/laravel/framework/src/Illuminate/Database/Migrations/Migrator.php(253): Illuminate/Database/Migrations/Migrator->runMigration(Object(Illuminate/Database/Migrations/Migration@anonymous), 'up', '2026_07_24_0404...')
#13 C:/Minor Project/Minor-Project/OpensourceE-commercewebsite/vendor/laravel/framework/src/Illuminate/Console/View/Components/Task.php(43): Illuminate/Database/Migrations/Migrator->{closure:Illuminate/Database/Migrations/Migrator::runUp():253}()
#14 C:/Minor Project/Minor-Project/OpensourceE-commercewebsite/vendor/laravel/framework/src/Illuminate/Database/Migrations/Migrator.php(853): Illuminate/Console/View/Components/Task->render('2026_07_24_0404...', Object(Closure))
#15 C:/Minor Project/Minor-Project/OpensourceE-commercewebsite/vendor/laravel/framework/src/Illuminate/Database/Migrations/Migrator.php(253): Illuminate/Database/Migrations/Migrator->write('Illuminate//Cons...', '2026_07_24_0404...', Object(Closure))
#16 C:/Minor Project/Minor-Project/OpensourceE-commercewebsite/vendor/laravel/framework/src/Illuminate/Database/Migrations/Migrator.php(211): Illuminate/Database/Migrations/Migrator->runUp('C://Minor Projec...', 1, false)
#17 C:/Minor Project/Minor-Project/OpensourceE-commercewebsite/vendor/laravel/framework/src/Illuminate/Database/Migrations/Migrator.php(138): Illuminate/Database/Migrations/Migrator->runPending(Array, Array)
#18 C:/Minor Project/Minor-Project/OpensourceE-commercewebsite/vendor/laravel/framework/src/Illuminate/Database/Console/Migrations/MigrateCommand.php(118): Illuminate/Database/Migrations/Migrator->run(Array, Array)
#19 C:/Minor Project/Minor-Project/OpensourceE-commercewebsite/vendor/laravel/framework/src/Illuminate/Database/Migrations/Migrator.php(672): Illuminate/Database/Console/Migrations/MigrateCommand->{closure:Illuminate/Database/Console/Migrations/MigrateCommand::runMigrations():111}()
#20 C:/Minor Project/Minor-Project/OpensourceE-commercewebsite/vendor/laravel/framework/src/Illuminate/Database/Console/Migrations/MigrateCommand.php(111): Illuminate/Database/Migrations/Migrator->usingConnection(NULL, Object(Closure))
#21 C:/Minor Project/Minor-Project/OpensourceE-commercewebsite/vendor/laravel/framework/src/Illuminate/Database/Console/Migrations/MigrateCommand.php(90): Illuminate/Database/Console/Migrations/MigrateCommand->runMigrations()
#22 C:/Minor Project/Minor-Project/OpensourceE-commercewebsite/vendor/laravel/framework/src/Illuminate/Container/BoundMethod.php(36): Illuminate/Database/Console/Migrations/MigrateCommand->handle()
#23 C:/Minor Project/Minor-Project/OpensourceE-commercewebsite/vendor/laravel/framework/src/Illuminate/Container/Util.php(43): Illuminate/Container/BoundMethod::{closure:Illuminate/Container/BoundMethod::call():35}()
#24 C:/Minor Project/Minor-Project/OpensourceE-commercewebsite/vendor/laravel/framework/src/Illuminate/Container/BoundMethod.php(96): Illuminate/Container/Util::unwrapIfClosure(Object(Closure))
#25 C:/Minor Project/Minor-Project/OpensourceE-commercewebsite/vendor/laravel/framework/src/Illuminate/Container/BoundMethod.php(35): Illuminate/Container/BoundMethod::callBoundMethod(Object(Illuminate/Foundation/Application), Array, Object(Closure))
#26 C:/Minor Project/Minor-Project/OpensourceE-commercewebsite/vendor/laravel/framework/src/Illuminate/Container/Container.php(799): Illuminate/Container/BoundMethod::call(Object(Illuminate/Foundation/Application), Array, Array, NULL)
#27 C:/Minor Project/Minor-Project/OpensourceE-commercewebsite/vendor/laravel/framework/src/Illuminate/Console/Command.php(280): Illuminate/Container/Container->call(Array)
#28 C:/Minor Project/Minor-Project/OpensourceE-commercewebsite/vendor/symfony/console/Command/Command.php(284): Illuminate/Console/Command->execute(Object(Symfony/Component/Console/Input/ArrayInput), Object(Illuminate/Console/OutputStyle))
#29 C:/Minor Project/Minor-Project/OpensourceE-commercewebsite/vendor/laravel/framework/src/Illuminate/Console/Command.php(249): Symfony/Component/Console/Command/Command->run(Object(Symfony/Component/Console/Input/ArrayInput), Object(Illuminate/Console/OutputStyle))
#30 C:/Minor Project/Minor-Project/OpensourceE-commercewebsite/vendor/laravel/framework/src/Illuminate/Console/Concerns/CallsCommands.php(68): Illuminate/Console/Command->run(Object(Symfony/Component/Console/Input/ArrayInput), Object(Illuminate/Console/OutputStyle))
#31 C:/Minor Project/Minor-Project/OpensourceE-commercewebsite/vendor/laravel/framework/src/Illuminate/Console/Concerns/CallsCommands.php(29): Illuminate/Console/Command->runCommand('migrate', Array, Object(Illuminate/Console/OutputStyle))
#32 C:/Minor Project/Minor-Project/OpensourceE-commercewebsite/vendor/laravel/framework/src/Illuminate/Database/Console/Migrations/FreshCommand.php(88): Illuminate/Console/Command->call('migrate', Array)
#33 C:/Minor Project/Minor-Project/OpensourceE-commercewebsite/vendor/laravel/framework/src/Illuminate/Container/BoundMethod.php(36): Illuminate/Database/Console/Migrations/FreshCommand->handle()
#34 C:/Minor Project/Minor-Project/OpensourceE-commercewebsite/vendor/laravel/framework/src/Illuminate/Container/Util.php(43): Illuminate/Container/BoundMethod::{closure:Illuminate/Container/BoundMethod::call():35}()
#35 C:/Minor Project/Minor-Project/OpensourceE-commercewebsite/vendor/laravel/framework/src/Illuminate/Container/BoundMethod.php(96): Illuminate/Container/Util::unwrapIfClosure(Object(Closure))
#36 C:/Minor Project/Minor-Project/OpensourceE-commercewebsite/vendor/laravel/framework/src/Illuminate/Container/BoundMethod.php(35): Illuminate/Container/BoundMethod::callBoundMethod(Object(Illuminate/Foundation/Application), Array, Object(Closure))
#37 C:/Minor Project/Minor-Project/OpensourceE-commercewebsite/vendor/laravel/framework/src/Illuminate/Container/Container.php(799): Illuminate/Container/BoundMethod::call(Object(Illuminate/Foundation/Application), Array, Array, NULL)
#38 C:/Minor Project/Minor-Project/OpensourceE-commercewebsite/vendor/laravel/framework/src/Illuminate/Console/Command.php(280): Illuminate/Container/Container->call(Array)
#39 C:/Minor Project/Minor-Project/OpensourceE-commercewebsite/vendor/symfony/console/Command/Command.php(284): Illuminate/Console/Command->execute(Object(Symfony/Component/Console/Input/ArgvInput), Object(Illuminate/Console/OutputStyle))
#40 C:/Minor Project/Minor-Project/OpensourceE-commercewebsite/vendor/laravel/framework/src/Illuminate/Console/Command.php(249): Symfony/Component/Console/Command/Command->run(Object(Symfony/Component/Console/Input/ArgvInput), Object(Illuminate/Console/OutputStyle))
#41 C:/Minor Project/Minor-Project/OpensourceE-commercewebsite/vendor/symfony/console/Application.php(1144): Illuminate/Console/Command->run(Object(Symfony/Component/Console/Input/ArgvInput), Object(Symfony/Component/Console/Output/ConsoleOutput))
#42 C:/Minor Project/Minor-Project/OpensourceE-commercewebsite/vendor/symfony/console/Application.php(379): Symfony/Component/Console/Application->doRunCommand(Object(Illuminate/Database/Console/Migrations/FreshCommand), Object(Symfony/Component/Console/Input/ArgvInput), Object(Symfony/Component/Console/Output/ConsoleOutput))
#43 C:/Minor Project/Minor-Project/OpensourceE-commercewebsite/vendor/symfony/console/Application.php(218): Symfony/Component/Console/Application->doRun(Object(Symfony/Component/Console/Input/ArgvInput), Object(Symfony/Component/Console/Output/ConsoleOutput))
#44 C:/Minor Project/Minor-Project/OpensourceE-commercewebsite/vendor/laravel/framework/src/Illuminate/Foundation/Console/Kernel.php(198): Symfony/Component/Console/Application->run(Object(Symfony/Component/Console/Input/ArgvInput), Object(Symfony/Component/Console/Output/ConsoleOutput))
#45 C:/Minor Project/Minor-Project/OpensourceE-commercewebsite/vendor/laravel/framework/src/Illuminate/Foundation/Application.php(1235): Illuminate/Foundation/Console/Kernel->handle(Object(Symfony/Component/Console/Input/ArgvInput), Object(Symfony/Component/Console/Output/ConsoleOutput))
#46 C:/Minor Project/Minor-Project/OpensourceE-commercewebsite/artisan(16): Illuminate/Foundation/Application->handleCommand(Object(Symfony/Component/Console/Input/ArgvInput))
#47 {main}
"} 
[2026-07-24 04:16:57] local.ERROR: Call to undefined method App\Http\Controllers\AddressController::authorize() {"userId":1,"exception":"[object] (Error(code: 0): Call to undefined method App\\Http\\Controllers\\AddressController::authorize() at C:/Minor Project/Minor-Project/OpensourceE-commercewebsite/app/Http/Controllers/AddressController.php:67)
[stacktrace]
#0 C:/Minor Project/Minor-Project/OpensourceE-commercewebsite/vendor/laravel/framework/src/Illuminate/Routing/ControllerDispatcher.php(46): App/Http/Controllers/AddressController->edit(Object(App/Models/Address))
#1 C:/Minor Project/Minor-Project/OpensourceE-commercewebsite/vendor/laravel/framework/src/Illuminate/Routing/Route.php(276): Illuminate/Routing/ControllerDispatcher->dispatch(Object(Illuminate/Routing/Route), Object(App/Http/Controllers/AddressController), 'edit')
#2 C:/Minor Project/Minor-Project/OpensourceE-commercewebsite/vendor/laravel/framework/src/Illuminate/Routing/Route.php(216): Illuminate/Routing/Route->runController()
#3 C:/Minor Project/Minor-Project/OpensourceE-commercewebsite/vendor/laravel/framework/src/Illuminate/Routing/Router.php(822): Illuminate/Routing/Route->run()
#4 C:/Minor Project/Minor-Project/OpensourceE-commercewebsite/vendor/laravel/framework/src/Illuminate/Pipeline/Pipeline.php(180): Illuminate/Routing/Router->{closure:Illuminate/Routing/Router::runRouteWithinStack():821}(Object(Illuminate/Http/Request))
#5 C:/Minor Project/Minor-Project/OpensourceE-commercewebsite/vendor/laravel/boost/src/Middleware/InjectBoost.php(22): Illuminate/Pipeline/Pipeline->{closure:Illuminate/Pipeline/Pipeline::prepareDestination():178}(Object(Illuminate/Http/Request))
#6 C:/Minor Project/Minor-Project/OpensourceE-commercewebsite/vendor/laravel/framework/src/Illuminate/Pipeline/Pipeline.php(219): Laravel/Boost/Middleware/InjectBoost->handle(Object(Illuminate/Http/Request), Object(Closure))
#7 C:/Minor Project/Minor-Project/OpensourceE-commercewebsite/vendor/laravel/framework/src/Illuminate/Routing/Middleware/SubstituteBindings.php(52): Illuminate/Pipeline/Pipeline->{closure:{closure:Illuminate/Pipeline/Pipeline::carry():194}:195}(Object(Illuminate/Http/Request))
#8 C:/Minor Project/Minor-Project/OpensourceE-commercewebsite/vendor/laravel/framework/src/Illuminate/Pipeline/Pipeline.php(219): Illuminate/Routing/Middleware/SubstituteBindings->handle(Object(Illuminate/Http/Request), Object(Closure))
#9 C:/Minor Project/Minor-Project/OpensourceE-commercewebsite/vendor/laravel/framework/src/Illuminate/Auth/Middleware/Authenticate.php(63): Illuminate/Pipeline/Pipeline->{closure:{closure:Illuminate/Pipeline/Pipeline::carry():194}:195}(Object(Illuminate/Http/Request))
#10 C:/Minor Project/Minor-Project/OpensourceE-commercewebsite/vendor/laravel/framework/src/Illuminate/Pipeline/Pipeline.php(219): Illuminate/Auth/Middleware/Authenticate->handle(Object(Illuminate/Http/Request), Object(Closure))
#11 C:/Minor Project/Minor-Project/OpensourceE-commercewebsite/vendor/laravel/framework/src/Illuminate/Foundation/Http/Middleware/PreventRequestForgery.php(104): Illuminate/Pipeline/Pipeline->{closure:{closure:Illuminate/Pipeline/Pipeline::carry():194}:195}(Object(Illuminate/Http/Request))
#12 C:/Minor Project/Minor-Project/OpensourceE-commercewebsite/vendor/laravel/framework/src/Illuminate/Pipeline/Pipeline.php(219): Illuminate/Foundation/Http/Middleware/PreventRequestForgery->handle(Object(Illuminate/Http/Request), Object(Closure))
#13 C:/Minor Project/Minor-Project/OpensourceE-commercewebsite/vendor/laravel/framework/src/Illuminate/View/Middleware/ShareErrorsFromSession.php(48): Illuminate/Pipeline/Pipeline->{closure:{closure:Illuminate/Pipeline/Pipeline::carry():194}:195}(Object(Illuminate/Http/Request))
#14 C:/Minor Project/Minor-Project/OpensourceE-commercewebsite/vendor/laravel/framework/src/Illuminate/Pipeline/Pipeline.php(219): Illuminate/View/Middleware/ShareErrorsFromSession->handle(Object(Illuminate/Http/Request), Object(Closure))
#15 C:/Minor Project/Minor-Project/OpensourceE-commercewebsite/vendor/laravel/framework/src/Illuminate/Session/Middleware/StartSession.php(120): Illuminate/Pipeline/Pipeline->{closure:{closure:Illuminate/Pipeline/Pipeline::carry():194}:195}(Object(Illuminate/Http/Request))
#16 C:/Minor Project/Minor-Project/OpensourceE-commercewebsite/vendor/laravel/framework/src/Illuminate/Session/Middleware/StartSession.php(63): Illuminate/Session/Middleware/StartSession->handleStatefulRequest(Object(Illuminate/Http/Request), Object(Illuminate/Session/Store), Object(Closure))
#17 C:/Minor Project/Minor-Project/OpensourceE-commercewebsite/vendor/laravel/framework/src/Illuminate/Pipeline/Pipeline.php(219): Illuminate/Session/Middleware/StartSession->handle(Object(Illuminate/Http/Request), Object(Closure))
#18 C:/Minor Project/Minor-Project/OpensourceE-commercewebsite/vendor/laravel/framework/src/Illuminate/Cookie/Middleware/AddQueuedCookiesToResponse.php(36): Illuminate/Pipeline/Pipeline->{closure:{closure:Illuminate/Pipeline/Pipeline::carry():194}:195}(Object(Illuminate/Http/Request))
#19 C:/Minor Project/Minor-Project/OpensourceE-commercewebsite/vendor/laravel/framework/src/Illuminate/Pipeline/Pipeline.php(219): Illuminate/Cookie/Middleware/AddQueuedCookiesToResponse->handle(Object(Illuminate/Http/Request), Object(Closure))
#20 C:/Minor Project/Minor-Project/OpensourceE-commercewebsite/vendor/laravel/framework/src/Illuminate/Cookie/Middleware/EncryptCookies.php(74): Illuminate/Pipeline/Pipeline->{closure:{closure:Illuminate/Pipeline/Pipeline::carry():194}:195}(Object(Illuminate/Http/Request))
#21 C:/Minor Project/Minor-Project/OpensourceE-commercewebsite/vendor/laravel/framework/src/Illuminate/Pipeline/Pipeline.php(219): Illuminate/Cookie/Middleware/EncryptCookies->handle(Object(Illuminate/Http/Request), Object(Closure))
#22 C:/Minor Project/Minor-Project/OpensourceE-commercewebsite/vendor/laravel/framework/src/Illuminate/Pipeline/Pipeline.php(137): Illuminate/Pipeline/Pipeline->{closure:{closure:Illuminate/Pipeline/Pipeline::carry():194}:195}(Object(Illuminate/Http/Request))
#23 C:/Minor Project/Minor-Project/OpensourceE-commercewebsite/vendor/laravel/framework/src/Illuminate/Routing/Router.php(821): Illuminate/Pipeline/Pipeline->then(Object(Closure))
#24 C:/Minor Project/Minor-Project/OpensourceE-commercewebsite/vendor/laravel/framework/src/Illuminate/Routing/Router.php(800): Illuminate/Routing/Router->runRouteWithinStack(Object(Illuminate/Routing/Route), Object(Illuminate/Http/Request))
#25 C:/Minor Project/Minor-Project/OpensourceE-commercewebsite/vendor/laravel/framework/src/Illuminate/Routing/Router.php(764): Illuminate/Routing/Router->runRoute(Object(Illuminate/Http/Request), Object(Illuminate/Routing/Route))
#26 C:/Minor Project/Minor-Project/OpensourceE-commercewebsite/vendor/laravel/framework/src/Illuminate/Routing/Router.php(753): Illuminate/Routing/Router->dispatchToRoute(Object(Illuminate/Http/Request))
#27 C:/Minor Project/Minor-Project/OpensourceE-commercewebsite/vendor/laravel/framework/src/Illuminate/Foundation/Http/Kernel.php(200): Illuminate/Routing/Router->dispatch(Object(Illuminate/Http/Request))
#28 C:/Minor Project/Minor-Project/OpensourceE-commercewebsite/vendor/laravel/framework/src/Illuminate/Pipeline/Pipeline.php(180): Illuminate/Foundation/Http/Kernel->{closure:Illuminate/Foundation/Http/Kernel::dispatchToRouter():197}(Object(Illuminate/Http/Request))
#29 C:/Minor Project/Minor-Project/OpensourceE-commercewebsite/vendor/laravel/framework/src/Illuminate/Foundation/Http/Middleware/TransformsRequest.php(21): Illuminate/Pipeline/Pipeline->{closure:Illuminate/Pipeline/Pipeline::prepareDestination():178}(Object(Illuminate/Http/Request))
#30 C:/Minor Project/Minor-Project/OpensourceE-commercewebsite/vendor/laravel/framework/src/Illuminate/Foundation/Http/Middleware/ConvertEmptyStringsToNull.php(31): Illuminate/Foundation/Http/Middleware/TransformsRequest->handle(Object(Illuminate/Http/Request), Object(Closure))
#31 C:/Minor Project/Minor-Project/OpensourceE-commercewebsite/vendor/laravel/framework/src/Illuminate/Pipeline/Pipeline.php(219): Illuminate/Foundation/Http/Middleware/ConvertEmptyStringsToNull->handle(Object(Illuminate/Http/Request), Object(Closure))
#32 C:/Minor Project/Minor-Project/OpensourceE-commercewebsite/vendor/laravel/framework/src/Illuminate/Foundation/Http/Middleware/TransformsRequest.php(21): Illuminate/Pipeline/Pipeline->{closure:{closure:Illuminate/Pipeline/Pipeline::carry():194}:195}(Object(Illuminate/Http/Request))
#33 C:/Minor Project/Minor-Project/OpensourceE-commercewebsite/vendor/laravel/framework/src/Illuminate/Foundation/Http/Middleware/TrimStrings.php(51): Illuminate/Foundation/Http/Middleware/TransformsRequest->handle(Object(Illuminate/Http/Request), Object(Closure))
#34 C:/Minor Project/Minor-Project/OpensourceE-commercewebsite/vendor/laravel/framework/src/Illuminate/Pipeline/Pipeline.php(219): Illuminate/Foundation/Http/Middleware/TrimStrings->handle(Object(Illuminate/Http/Request), Object(Closure))
#35 C:/Minor Project/Minor-Project/OpensourceE-commercewebsite/vendor/laravel/framework/src/Illuminate/Http/Middleware/ValidatePostSize.php(27): Illuminate/Pipeline/Pipeline->{closure:{closure:Illuminate/Pipeline/Pipeline::carry():194}:195}(Object(Illuminate/Http/Request))
#36 C:/Minor Project/Minor-Project/OpensourceE-commercewebsite/vendor/laravel/framework/src/Illuminate/Pipeline/Pipeline.php(219): Illuminate/Http/Middleware/ValidatePostSize->handle(Object(Illuminate/Http/Request), Object(Closure))
#37 C:/Minor Project/Minor-Project/OpensourceE-commercewebsite/vendor/laravel/framework/src/Illuminate/Foundation/Http/Middleware/PreventRequestsDuringMaintenance.php(109): Illuminate/Pipeline/Pipeline->{closure:{closure:Illuminate/Pipeline/Pipeline::carry():194}:195}(Object(Illuminate/Http/Request))
#38 C:/Minor Project/Minor-Project/OpensourceE-commercewebsite/vendor/laravel/framework/src/Illuminate/Pipeline/Pipeline.php(219): Illuminate/Foundation/Http/Middleware/PreventRequestsDuringMaintenance->handle(Object(Illuminate/Http/Request), Object(Closure))
#39 C:/Minor Project/Minor-Project/OpensourceE-commercewebsite/vendor/laravel/framework/src/Illuminate/Http/Middleware/HandleCors.php(61): Illuminate/Pipeline/Pipeline->{closure:{closure:Illuminate/Pipeline/Pipeline::carry():194}:195}(Object(Illuminate/Http/Request))
#40 C:/Minor Project/Minor-Project/OpensourceE-commercewebsite/vendor/laravel/framework/src/Illuminate/Pipeline/Pipeline.php(219): Illuminate/Http/Middleware/HandleCors->handle(Object(Illuminate/Http/Request), Object(Closure))
#41 C:/Minor Project/Minor-Project/OpensourceE-commercewebsite/vendor/laravel/framework/src/Illuminate/Http/Middleware/TrustProxies.php(58): Illuminate/Pipeline/Pipeline->{closure:{closure:Illuminate/Pipeline/Pipeline::carry():194}:195}(Object(Illuminate/Http/Request))
#42 C:/Minor Project/Minor-Project/OpensourceE-commercewebsite/vendor/laravel/framework/src/Illuminate/Pipeline/Pipeline.php(219): Illuminate/Http/Middleware/TrustProxies->handle(Object(Illuminate/Http/Request), Object(Closure))
#43 C:/Minor Project/Minor-Project/OpensourceE-commercewebsite/vendor/laravel/framework/src/Illuminate/Foundation/Http/Middleware/InvokeDeferredCallbacks.php(22): Illuminate/Pipeline/Pipeline->{closure:{closure:Illuminate/Pipeline/Pipeline::carry():194}:195}(Object(Illuminate/Http/Request))
#44 C:/Minor Project/Minor-Project/OpensourceE-commercewebsite/vendor/laravel/framework/src/Illuminate/Pipeline/Pipeline.php(219): Illuminate/Foundation/Http/Middleware/InvokeDeferredCallbacks->handle(Object(Illuminate/Http/Request), Object(Closure))
#45 C:/Minor Project/Minor-Project/OpensourceE-commercewebsite/vendor/laravel/framework/src/Illuminate/Http/Middleware/ValidatePathEncoding.php(28): Illuminate/Pipeline/Pipeline->{closure:{closure:Illuminate/Pipeline/Pipeline::carry():194}:195}(Object(Illuminate/Http/Request))
#46 C:/Minor Project/Minor-Project/OpensourceE-commercewebsite/vendor/laravel/framework/src/Illuminate/Pipeline/Pipeline.php(219): Illuminate/Http/Middleware/ValidatePathEncoding->handle(Object(Illuminate/Http/Request), Object(Closure))
#47 C:/Minor Project/Minor-Project/OpensourceE-commercewebsite/vendor/laravel/framework/src/Illuminate/Pipeline/Pipeline.php(137): Illuminate/Pipeline/Pipeline->{closure:{closure:Illuminate/Pipeline/Pipeline::carry():194}:195}(Object(Illuminate/Http/Request))
#48 C:/Minor Project/Minor-Project/OpensourceE-commercewebsite/vendor/laravel/framework/src/Illuminate/Foundation/Http/Kernel.php(175): Illuminate/Pipeline/Pipeline->then(Object(Closure))
#49 C:/Minor Project/Minor-Project/OpensourceE-commercewebsite/vendor/laravel/framework/src/Illuminate/Foundation/Http/Kernel.php(144): Illuminate/Foundation/Http/Kernel->sendRequestThroughRouter(Object(Illuminate/Http/Request))
#50 C:/Minor Project/Minor-Project/OpensourceE-commercewebsite/vendor/laravel/framework/src/Illuminate/Foundation/Application.php(1220): Illuminate/Foundation/Http/Kernel->handle(Object(Illuminate/Http/Request))
#51 C:/Minor Project/Minor-Project/OpensourceE-commercewebsite/public/index.php(20): Illuminate/Foundation/Application->handleRequest(Object(Illuminate/Http/Request))
#52 {main}
"} 
[2026-07-24 04:17:05] local.ERROR: Call to undefined method App\Http\Controllers\AddressController::authorize() {"userId":1,"exception":"[object] (Error(code: 0): Call to undefined method App\\Http\\Controllers\\AddressController::authorize() at C:/Minor Project/Minor-Project/OpensourceE-commercewebsite/app/Http/Controllers/AddressController.php:67)
[stacktrace]
#0 C:/Minor Project/Minor-Project/OpensourceE-commercewebsite/vendor/laravel/framework/src/Illuminate/Routing/ControllerDispatcher.php(46): App/Http/Controllers/AddressController->edit(Object(App/Models/Address))
#1 C:/Minor Project/Minor-Project/OpensourceE-commercewebsite/vendor/laravel/framework/src/Illuminate/Routing/Route.php(276): Illuminate/Routing/ControllerDispatcher->dispatch(Object(Illuminate/Routing/Route), Object(App/Http/Controllers/AddressController), 'edit')
#2 C:/Minor Project/Minor-Project/OpensourceE-commercewebsite/vendor/laravel/framework/src/Illuminate/Routing/Route.php(216): Illuminate/Routing/Route->runController()
#3 C:/Minor Project/Minor-Project/OpensourceE-commercewebsite/vendor/laravel/framework/src/Illuminate/Routing/Router.php(822): Illuminate/Routing/Route->run()
#4 C:/Minor Project/Minor-Project/OpensourceE-commercewebsite/vendor/laravel/framework/src/Illuminate/Pipeline/Pipeline.php(180): Illuminate/Routing/Router->{closure:Illuminate/Routing/Router::runRouteWithinStack():821}(Object(Illuminate/Http/Request))
#5 C:/Minor Project/Minor-Project/OpensourceE-commercewebsite/vendor/laravel/boost/src/Middleware/InjectBoost.php(22): Illuminate/Pipeline/Pipeline->{closure:Illuminate/Pipeline/Pipeline::prepareDestination():178}(Object(Illuminate/Http/Request))
#6 C:/Minor Project/Minor-Project/OpensourceE-commercewebsite/vendor/laravel/framework/src/Illuminate/Pipeline/Pipeline.php(219): Laravel/Boost/Middleware/InjectBoost->handle(Object(Illuminate/Http/Request), Object(Closure))
#7 C:/Minor Project/Minor-Project/OpensourceE-commercewebsite/vendor/laravel/framework/src/Illuminate/Routing/Middleware/SubstituteBindings.php(52): Illuminate/Pipeline/Pipeline->{closure:{closure:Illuminate/Pipeline/Pipeline::carry():194}:195}(Object(Illuminate/Http/Request))
#8 C:/Minor Project/Minor-Project/OpensourceE-commercewebsite/vendor/laravel/framework/src/Illuminate/Pipeline/Pipeline.php(219): Illuminate/Routing/Middleware/SubstituteBindings->handle(Object(Illuminate/Http/Request), Object(Closure))
#9 C:/Minor Project/Minor-Project/OpensourceE-commercewebsite/vendor/laravel/framework/src/Illuminate/Auth/Middleware/Authenticate.php(63): Illuminate/Pipeline/Pipeline->{closure:{closure:Illuminate/Pipeline/Pipeline::carry():194}:195}(Object(Illuminate/Http/Request))
#10 C:/Minor Project/Minor-Project/OpensourceE-commercewebsite/vendor/laravel/framework/src/Illuminate/Pipeline/Pipeline.php(219): Illuminate/Auth/Middleware/Authenticate->handle(Object(Illuminate/Http/Request), Object(Closure))
#11 C:/Minor Project/Minor-Project/OpensourceE-commercewebsite/vendor/laravel/framework/src/Illuminate/Foundation/Http/Middleware/PreventRequestForgery.php(104): Illuminate/Pipeline/Pipeline->{closure:{closure:Illuminate/Pipeline/Pipeline::carry():194}:195}(Object(Illuminate/Http/Request))
#12 C:/Minor Project/Minor-Project/OpensourceE-commercewebsite/vendor/laravel/framework/src/Illuminate/Pipeline/Pipeline.php(219): Illuminate/Foundation/Http/Middleware/PreventRequestForgery->handle(Object(Illuminate/Http/Request), Object(Closure))
#13 C:/Minor Project/Minor-Project/OpensourceE-commercewebsite/vendor/laravel/framework/src/Illuminate/View/Middleware/ShareErrorsFromSession.php(48): Illuminate/Pipeline/Pipeline->{closure:{closure:Illuminate/Pipeline/Pipeline::carry():194}:195}(Object(Illuminate/Http/Request))
#14 C:/Minor Project/Minor-Project/OpensourceE-commercewebsite/vendor/laravel/framework/src/Illuminate/Pipeline/Pipeline.php(219): Illuminate/View/Middleware/ShareErrorsFromSession->handle(Object(Illuminate/Http/Request), Object(Closure))
#15 C:/Minor Project/Minor-Project/OpensourceE-commercewebsite/vendor/laravel/framework/src/Illuminate/Session/Middleware/StartSession.php(120): Illuminate/Pipeline/Pipeline->{closure:{closure:Illuminate/Pipeline/Pipeline::carry():194}:195}(Object(Illuminate/Http/Request))
#16 C:/Minor Project/Minor-Project/OpensourceE-commercewebsite/vendor/laravel/framework/src/Illuminate/Session/Middleware/StartSession.php(63): Illuminate/Session/Middleware/StartSession->handleStatefulRequest(Object(Illuminate/Http/Request), Object(Illuminate/Session/Store), Object(Closure))
#17 C:/Minor Project/Minor-Project/OpensourceE-commercewebsite/vendor/laravel/framework/src/Illuminate/Pipeline/Pipeline.php(219): Illuminate/Session/Middleware/StartSession->handle(Object(Illuminate/Http/Request), Object(Closure))
#18 C:/Minor Project/Minor-Project/OpensourceE-commercewebsite/vendor/laravel/framework/src/Illuminate/Cookie/Middleware/AddQueuedCookiesToResponse.php(36): Illuminate/Pipeline/Pipeline->{closure:{closure:Illuminate/Pipeline/Pipeline::carry():194}:195}(Object(Illuminate/Http/Request))
#19 C:/Minor Project/Minor-Project/OpensourceE-commercewebsite/vendor/laravel/framework/src/Illuminate/Pipeline/Pipeline.php(219): Illuminate/Cookie/Middleware/AddQueuedCookiesToResponse->handle(Object(Illuminate/Http/Request), Object(Closure))
#20 C:/Minor Project/Minor-Project/OpensourceE-commercewebsite/vendor/laravel/framework/src/Illuminate/Cookie/Middleware/EncryptCookies.php(74): Illuminate/Pipeline/Pipeline->{closure:{closure:Illuminate/Pipeline/Pipeline::carry():194}:195}(Object(Illuminate/Http/Request))
#21 C:/Minor Project/Minor-Project/OpensourceE-commercewebsite/vendor/laravel/framework/src/Illuminate/Pipeline/Pipeline.php(219): Illuminate/Cookie/Middleware/EncryptCookies->handle(Object(Illuminate/Http/Request), Object(Closure))
#22 C:/Minor Project/Minor-Project/OpensourceE-commercewebsite/vendor/laravel/framework/src/Illuminate/Pipeline/Pipeline.php(137): Illuminate/Pipeline/Pipeline->{closure:{closure:Illuminate/Pipeline/Pipeline::carry():194}:195}(Object(Illuminate/Http/Request))
#23 C:/Minor Project/Minor-Project/OpensourceE-commercewebsite/vendor/laravel/framework/src/Illuminate/Routing/Router.php(821): Illuminate/Pipeline/Pipeline->then(Object(Closure))
#24 C:/Minor Project/Minor-Project/OpensourceE-commercewebsite/vendor/laravel/framework/src/Illuminate/Routing/Router.php(800): Illuminate/Routing/Router->runRouteWithinStack(Object(Illuminate/Routing/Route), Object(Illuminate/Http/Request))
#25 C:/Minor Project/Minor-Project/OpensourceE-commercewebsite/vendor/laravel/framework/src/Illuminate/Routing/Router.php(764): Illuminate/Routing/Router->runRoute(Object(Illuminate/Http/Request), Object(Illuminate/Routing/Route))
#26 C:/Minor Project/Minor-Project/OpensourceE-commercewebsite/vendor/laravel/framework/src/Illuminate/Routing/Router.php(753): Illuminate/Routing/Router->dispatchToRoute(Object(Illuminate/Http/Request))
#27 C:/Minor Project/Minor-Project/OpensourceE-commercewebsite/vendor/laravel/framework/src/Illuminate/Foundation/Http/Kernel.php(200): Illuminate/Routing/Router->dispatch(Object(Illuminate/Http/Request))
#28 C:/Minor Project/Minor-Project/OpensourceE-commercewebsite/vendor/laravel/framework/src/Illuminate/Pipeline/Pipeline.php(180): Illuminate/Foundation/Http/Kernel->{closure:Illuminate/Foundation/Http/Kernel::dispatchToRouter():197}(Object(Illuminate/Http/Request))
#29 C:/Minor Project/Minor-Project/OpensourceE-commercewebsite/vendor/laravel/framework/src/Illuminate/Foundation/Http/Middleware/TransformsRequest.php(21): Illuminate/Pipeline/Pipeline->{closure:Illuminate/Pipeline/Pipeline::prepareDestination():178}(Object(Illuminate/Http/Request))
#30 C:/Minor Project/Minor-Project/OpensourceE-commercewebsite/vendor/laravel/framework/src/Illuminate/Foundation/Http/Middleware/ConvertEmptyStringsToNull.php(31): Illuminate/Foundation/Http/Middleware/TransformsRequest->handle(Object(Illuminate/Http/Request), Object(Closure))
#31 C:/Minor Project/Minor-Project/OpensourceE-commercewebsite/vendor/laravel/framework/src/Illuminate/Pipeline/Pipeline.php(219): Illuminate/Foundation/Http/Middleware/ConvertEmptyStringsToNull->handle(Object(Illuminate/Http/Request), Object(Closure))
#32 C:/Minor Project/Minor-Project/OpensourceE-commercewebsite/vendor/laravel/framework/src/Illuminate/Foundation/Http/Middleware/TransformsRequest.php(21): Illuminate/Pipeline/Pipeline->{closure:{closure:Illuminate/Pipeline/Pipeline::carry():194}:195}(Object(Illuminate/Http/Request))
#33 C:/Minor Project/Minor-Project/OpensourceE-commercewebsite/vendor/laravel/framework/src/Illuminate/Foundation/Http/Middleware/TrimStrings.php(51): Illuminate/Foundation/Http/Middleware/TransformsRequest->handle(Object(Illuminate/Http/Request), Object(Closure))
#34 C:/Minor Project/Minor-Project/OpensourceE-commercewebsite/vendor/laravel/framework/src/Illuminate/Pipeline/Pipeline.php(219): Illuminate/Foundation/Http/Middleware/TrimStrings->handle(Object(Illuminate/Http/Request), Object(Closure))
#35 C:/Minor Project/Minor-Project/OpensourceE-commercewebsite/vendor/laravel/framework/src/Illuminate/Http/Middleware/ValidatePostSize.php(27): Illuminate/Pipeline/Pipeline->{closure:{closure:Illuminate/Pipeline/Pipeline::carry():194}:195}(Object(Illuminate/Http/Request))
#36 C:/Minor Project/Minor-Project/OpensourceE-commercewebsite/vendor/laravel/framework/src/Illuminate/Pipeline/Pipeline.php(219): Illuminate/Http/Middleware/ValidatePostSize->handle(Object(Illuminate/Http/Request), Object(Closure))
#37 C:/Minor Project/Minor-Project/OpensourceE-commercewebsite/vendor/laravel/framework/src/Illuminate/Foundation/Http/Middleware/PreventRequestsDuringMaintenance.php(109): Illuminate/Pipeline/Pipeline->{closure:{closure:Illuminate/Pipeline/Pipeline::carry():194}:195}(Object(Illuminate/Http/Request))
#38 C:/Minor Project/Minor-Project/OpensourceE-commercewebsite/vendor/laravel/framework/src/Illuminate/Pipeline/Pipeline.php(219): Illuminate/Foundation/Http/Middleware/PreventRequestsDuringMaintenance->handle(Object(Illuminate/Http/Request), Object(Closure))
#39 C:/Minor Project/Minor-Project/OpensourceE-commercewebsite/vendor/laravel/framework/src/Illuminate/Http/Middleware/HandleCors.php(61): Illuminate/Pipeline/Pipeline->{closure:{closure:Illuminate/Pipeline/Pipeline::carry():194}:195}(Object(Illuminate/Http/Request))
#40 C:/Minor Project/Minor-Project/OpensourceE-commercewebsite/vendor/laravel/framework/src/Illuminate/Pipeline/Pipeline.php(219): Illuminate/Http/Middleware/HandleCors->handle(Object(Illuminate/Http/Request), Object(Closure))
#41 C:/Minor Project/Minor-Project/OpensourceE-commercewebsite/vendor/laravel/framework/src/Illuminate/Http/Middleware/TrustProxies.php(58): Illuminate/Pipeline/Pipeline->{closure:{closure:Illuminate/Pipeline/Pipeline::carry():194}:195}(Object(Illuminate/Http/Request))
#42 C:/Minor Project/Minor-Project/OpensourceE-commercewebsite/vendor/laravel/framework/src/Illuminate/Pipeline/Pipeline.php(219): Illuminate/Http/Middleware/TrustProxies->handle(Object(Illuminate/Http/Request), Object(Closure))
#43 C:/Minor Project/Minor-Project/OpensourceE-commercewebsite/vendor/laravel/framework/src/Illuminate/Foundation/Http/Middleware/InvokeDeferredCallbacks.php(22): Illuminate/Pipeline/Pipeline->{closure:{closure:Illuminate/Pipeline/Pipeline::carry():194}:195}(Object(Illuminate/Http/Request))
#44 C:/Minor Project/Minor-Project/OpensourceE-commercewebsite/vendor/laravel/framework/src/Illuminate/Pipeline/Pipeline.php(219): Illuminate/Foundation/Http/Middleware/InvokeDeferredCallbacks->handle(Object(Illuminate/Http/Request), Object(Closure))
#45 C:/Minor Project/Minor-Project/OpensourceE-commercewebsite/vendor/laravel/framework/src/Illuminate/Http/Middleware/ValidatePathEncoding.php(28): Illuminate/Pipeline/Pipeline->{closure:{closure:Illuminate/Pipeline/Pipeline::carry():194}:195}(Object(Illuminate/Http/Request))
#46 C:/Minor Project/Minor-Project/OpensourceE-commercewebsite/vendor/laravel/framework/src/Illuminate/Pipeline/Pipeline.php(219): Illuminate/Http/Middleware/ValidatePathEncoding->handle(Object(Illuminate/Http/Request), Object(Closure))
#47 C:/Minor Project/Minor-Project/OpensourceE-commercewebsite/vendor/laravel/framework/src/Illuminate/Pipeline/Pipeline.php(137): Illuminate/Pipeline/Pipeline->{closure:{closure:Illuminate/Pipeline/Pipeline::carry():194}:195}(Object(Illuminate/Http/Request))
#48 C:/Minor Project/Minor-Project/OpensourceE-commercewebsite/vendor/laravel/framework/src/Illuminate/Foundation/Http/Kernel.php(175): Illuminate/Pipeline/Pipeline->then(Object(Closure))
#49 C:/Minor Project/Minor-Project/OpensourceE-commercewebsite/vendor/laravel/framework/src/Illuminate/Foundation/Http/Kernel.php(144): Illuminate/Foundation/Http/Kernel->sendRequestThroughRouter(Object(Illuminate/Http/Request))
#50 C:/Minor Project/Minor-Project/OpensourceE-commercewebsite/vendor/laravel/framework/src/Illuminate/Foundation/Application.php(1220): Illuminate/Foundation/Http/Kernel->handle(Object(Illuminate/Http/Request))
#51 C:/Minor Project/Minor-Project/OpensourceE-commercewebsite/public/index.php(20): Illuminate/Foundation/Application->handleRequest(Object(Illuminate/Http/Request))
#52 {main}
"} 
[2026-07-24 04:17:09] local.ERROR: Call to undefined method App\Http\Controllers\AddressController::authorize() {"userId":1,"exception":"[object] (Error(code: 0): Call to undefined method App\\Http\\Controllers\\AddressController::authorize() at C:/Minor Project/Minor-Project/OpensourceE-commercewebsite/app/Http/Controllers/AddressController.php:67)
[stacktrace]
#0 C:/Minor Project/Minor-Project/OpensourceE-commercewebsite/vendor/laravel/framework/src/Illuminate/Routing/ControllerDispatcher.php(46): App/Http/Controllers/AddressController->edit(Object(App/Models/Address))
#1 C:/Minor Project/Minor-Project/OpensourceE-commercewebsite/vendor/laravel/framework/src/Illuminate/Routing/Route.php(276): Illuminate/Routing/ControllerDispatcher->dispatch(Object(Illuminate/Routing/Route), Object(App/Http/Controllers/AddressController), 'edit')
#2 C:/Minor Project/Minor-Project/OpensourceE-commercewebsite/vendor/laravel/framework/src/Illuminate/Routing/Route.php(216): Illuminate/Routing/Route->runController()
#3 C:/Minor Project/Minor-Project/OpensourceE-commercewebsite/vendor/laravel/framework/src/Illuminate/Routing/Router.php(822): Illuminate/Routing/Route->run()
#4 C:/Minor Project/Minor-Project/OpensourceE-commercewebsite/vendor/laravel/framework/src/Illuminate/Pipeline/Pipeline.php(180): Illuminate/Routing/Router->{closure:Illuminate/Routing/Router::runRouteWithinStack():821}(Object(Illuminate/Http/Request))
#5 C:/Minor Project/Minor-Project/OpensourceE-commercewebsite/vendor/laravel/boost/src/Middleware/InjectBoost.php(22): Illuminate/Pipeline/Pipeline->{closure:Illuminate/Pipeline/Pipeline::prepareDestination():178}(Object(Illuminate/Http/Request))
#6 C:/Minor Project/Minor-Project/OpensourceE-commercewebsite/vendor/laravel/framework/src/Illuminate/Pipeline/Pipeline.php(219): Laravel/Boost/Middleware/InjectBoost->handle(Object(Illuminate/Http/Request), Object(Closure))
#7 C:/Minor Project/Minor-Project/OpensourceE-commercewebsite/vendor/laravel/framework/src/Illuminate/Routing/Middleware/SubstituteBindings.php(52): Illuminate/Pipeline/Pipeline->{closure:{closure:Illuminate/Pipeline/Pipeline::carry():194}:195}(Object(Illuminate/Http/Request))
#8 C:/Minor Project/Minor-Project/OpensourceE-commercewebsite/vendor/laravel/framework/src/Illuminate/Pipeline/Pipeline.php(219): Illuminate/Routing/Middleware/SubstituteBindings->handle(Object(Illuminate/Http/Request), Object(Closure))
#9 C:/Minor Project/Minor-Project/OpensourceE-commercewebsite/vendor/laravel/framework/src/Illuminate/Auth/Middleware/Authenticate.php(63): Illuminate/Pipeline/Pipeline->{closure:{closure:Illuminate/Pipeline/Pipeline::carry():194}:195}(Object(Illuminate/Http/Request))
#10 C:/Minor Project/Minor-Project/OpensourceE-commercewebsite/vendor/laravel/framework/src/Illuminate/Pipeline/Pipeline.php(219): Illuminate/Auth/Middleware/Authenticate->handle(Object(Illuminate/Http/Request), Object(Closure))
#11 C:/Minor Project/Minor-Project/OpensourceE-commercewebsite/vendor/laravel/framework/src/Illuminate/Foundation/Http/Middleware/PreventRequestForgery.php(104): Illuminate/Pipeline/Pipeline->{closure:{closure:Illuminate/Pipeline/Pipeline::carry():194}:195}(Object(Illuminate/Http/Request))
#12 C:/Minor Project/Minor-Project/OpensourceE-commercewebsite/vendor/laravel/framework/src/Illuminate/Pipeline/Pipeline.php(219): Illuminate/Foundation/Http/Middleware/PreventRequestForgery->handle(Object(Illuminate/Http/Request), Object(Closure))
#13 C:/Minor Project/Minor-Project/OpensourceE-commercewebsite/vendor/laravel/framework/src/Illuminate/View/Middleware/ShareErrorsFromSession.php(48): Illuminate/Pipeline/Pipeline->{closure:{closure:Illuminate/Pipeline/Pipeline::carry():194}:195}(Object(Illuminate/Http/Request))
#14 C:/Minor Project/Minor-Project/OpensourceE-commercewebsite/vendor/laravel/framework/src/Illuminate/Pipeline/Pipeline.php(219): Illuminate/View/Middleware/ShareErrorsFromSession->handle(Object(Illuminate/Http/Request), Object(Closure))
#15 C:/Minor Project/Minor-Project/OpensourceE-commercewebsite/vendor/laravel/framework/src/Illuminate/Session/Middleware/StartSession.php(120): Illuminate/Pipeline/Pipeline->{closure:{closure:Illuminate/Pipeline/Pipeline::carry():194}:195}(Object(Illuminate/Http/Request))
#16 C:/Minor Project/Minor-Project/OpensourceE-commercewebsite/vendor/laravel/framework/src/Illuminate/Session/Middleware/StartSession.php(63): Illuminate/Session/Middleware/StartSession->handleStatefulRequest(Object(Illuminate/Http/Request), Object(Illuminate/Session/Store), Object(Closure))
#17 C:/Minor Project/Minor-Project/OpensourceE-commercewebsite/vendor/laravel/framework/src/Illuminate/Pipeline/Pipeline.php(219): Illuminate/Session/Middleware/StartSession->handle(Object(Illuminate/Http/Request), Object(Closure))
#18 C:/Minor Project/Minor-Project/OpensourceE-commercewebsite/vendor/laravel/framework/src/Illuminate/Cookie/Middleware/AddQueuedCookiesToResponse.php(36): Illuminate/Pipeline/Pipeline->{closure:{closure:Illuminate/Pipeline/Pipeline::carry():194}:195}(Object(Illuminate/Http/Request))
#19 C:/Minor Project/Minor-Project/OpensourceE-commercewebsite/vendor/laravel/framework/src/Illuminate/Pipeline/Pipeline.php(219): Illuminate/Cookie/Middleware/AddQueuedCookiesToResponse->handle(Object(Illuminate/Http/Request), Object(Closure))
#20 C:/Minor Project/Minor-Project/OpensourceE-commercewebsite/vendor/laravel/framework/src/Illuminate/Cookie/Middleware/EncryptCookies.php(74): Illuminate/Pipeline/Pipeline->{closure:{closure:Illuminate/Pipeline/Pipeline::carry():194}:195}(Object(Illuminate/Http/Request))
#21 C:/Minor Project/Minor-Project/OpensourceE-commercewebsite/vendor/laravel/framework/src/Illuminate/Pipeline/Pipeline.php(219): Illuminate/Cookie/Middleware/EncryptCookies->handle(Object(Illuminate/Http/Request), Object(Closure))
#22 C:/Minor Project/Minor-Project/OpensourceE-commercewebsite/vendor/laravel/framework/src/Illuminate/Pipeline/Pipeline.php(137): Illuminate/Pipeline/Pipeline->{closure:{closure:Illuminate/Pipeline/Pipeline::carry():194}:195}(Object(Illuminate/Http/Request))
#23 C:/Minor Project/Minor-Project/OpensourceE-commercewebsite/vendor/laravel/framework/src/Illuminate/Routing/Router.php(821): Illuminate/Pipeline/Pipeline->then(Object(Closure))
#24 C:/Minor Project/Minor-Project/OpensourceE-commercewebsite/vendor/laravel/framework/src/Illuminate/Routing/Router.php(800): Illuminate/Routing/Router->runRouteWithinStack(Object(Illuminate/Routing/Route), Object(Illuminate/Http/Request))
#25 C:/Minor Project/Minor-Project/OpensourceE-commercewebsite/vendor/laravel/framework/src/Illuminate/Routing/Router.php(764): Illuminate/Routing/Router->runRoute(Object(Illuminate/Http/Request), Object(Illuminate/Routing/Route))
#26 C:/Minor Project/Minor-Project/OpensourceE-commercewebsite/vendor/laravel/framework/src/Illuminate/Routing/Router.php(753): Illuminate/Routing/Router->dispatchToRoute(Object(Illuminate/Http/Request))
#27 C:/Minor Project/Minor-Project/OpensourceE-commercewebsite/vendor/laravel/framework/src/Illuminate/Foundation/Http/Kernel.php(200): Illuminate/Routing/Router->dispatch(Object(Illuminate/Http/Request))
#28 C:/Minor Project/Minor-Project/OpensourceE-commercewebsite/vendor/laravel/framework/src/Illuminate/Pipeline/Pipeline.php(180): Illuminate/Foundation/Http/Kernel->{closure:Illuminate/Foundation/Http/Kernel::dispatchToRouter():197}(Object(Illuminate/Http/Request))
#29 C:/Minor Project/Minor-Project/OpensourceE-commercewebsite/vendor/laravel/framework/src/Illuminate/Foundation/Http/Middleware/TransformsRequest.php(21): Illuminate/Pipeline/Pipeline->{closure:Illuminate/Pipeline/Pipeline::prepareDestination():178}(Object(Illuminate/Http/Request))
#30 C:/Minor Project/Minor-Project/OpensourceE-commercewebsite/vendor/laravel/framework/src/Illuminate/Foundation/Http/Middleware/ConvertEmptyStringsToNull.php(31): Illuminate/Foundation/Http/Middleware/TransformsRequest->handle(Object(Illuminate/Http/Request), Object(Closure))
#31 C:/Minor Project/Minor-Project/OpensourceE-commercewebsite/vendor/laravel/framework/src/Illuminate/Pipeline/Pipeline.php(219): Illuminate/Foundation/Http/Middleware/ConvertEmptyStringsToNull->handle(Object(Illuminate/Http/Request), Object(Closure))
#32 C:/Minor Project/Minor-Project/OpensourceE-commercewebsite/vendor/laravel/framework/src/Illuminate/Foundation/Http/Middleware/TransformsRequest.php(21): Illuminate/Pipeline/Pipeline->{closure:{closure:Illuminate/Pipeline/Pipeline::carry():194}:195}(Object(Illuminate/Http/Request))
#33 C:/Minor Project/Minor-Project/OpensourceE-commercewebsite/vendor/laravel/framework/src/Illuminate/Foundation/Http/Middleware/TrimStrings.php(51): Illuminate/Foundation/Http/Middleware/TransformsRequest->handle(Object(Illuminate/Http/Request), Object(Closure))
#34 C:/Minor Project/Minor-Project/OpensourceE-commercewebsite/vendor/laravel/framework/src/Illuminate/Pipeline/Pipeline.php(219): Illuminate/Foundation/Http/Middleware/TrimStrings->handle(Object(Illuminate/Http/Request), Object(Closure))
#35 C:/Minor Project/Minor-Project/OpensourceE-commercewebsite/vendor/laravel/framework/src/Illuminate/Http/Middleware/ValidatePostSize.php(27): Illuminate/Pipeline/Pipeline->{closure:{closure:Illuminate/Pipeline/Pipeline::carry():194}:195}(Object(Illuminate/Http/Request))
#36 C:/Minor Project/Minor-Project/OpensourceE-commercewebsite/vendor/laravel/framework/src/Illuminate/Pipeline/Pipeline.php(219): Illuminate/Http/Middleware/ValidatePostSize->handle(Object(Illuminate/Http/Request), Object(Closure))
#37 C:/Minor Project/Minor-Project/OpensourceE-commercewebsite/vendor/laravel/framework/src/Illuminate/Foundation/Http/Middleware/PreventRequestsDuringMaintenance.php(109): Illuminate/Pipeline/Pipeline->{closure:{closure:Illuminate/Pipeline/Pipeline::carry():194}:195}(Object(Illuminate/Http/Request))
#38 C:/Minor Project/Minor-Project/OpensourceE-commercewebsite/vendor/laravel/framework/src/Illuminate/Pipeline/Pipeline.php(219): Illuminate/Foundation/Http/Middleware/PreventRequestsDuringMaintenance->handle(Object(Illuminate/Http/Request), Object(Closure))
#39 C:/Minor Project/Minor-Project/OpensourceE-commercewebsite/vendor/laravel/framework/src/Illuminate/Http/Middleware/HandleCors.php(61): Illuminate/Pipeline/Pipeline->{closure:{closure:Illuminate/Pipeline/Pipeline::carry():194}:195}(Object(Illuminate/Http/Request))
#40 C:/Minor Project/Minor-Project/OpensourceE-commercewebsite/vendor/laravel/framework/src/Illuminate/Pipeline/Pipeline.php(219): Illuminate/Http/Middleware/HandleCors->handle(Object(Illuminate/Http/Request), Object(Closure))
#41 C:/Minor Project/Minor-Project/OpensourceE-commercewebsite/vendor/laravel/framework/src/Illuminate/Http/Middleware/TrustProxies.php(58): Illuminate/Pipeline/Pipeline->{closure:{closure:Illuminate/Pipeline/Pipeline::carry():194}:195}(Object(Illuminate/Http/Request))
#42 C:/Minor Project/Minor-Project/OpensourceE-commercewebsite/vendor/laravel/framework/src/Illuminate/Pipeline/Pipeline.php(219): Illuminate/Http/Middleware/TrustProxies->handle(Object(Illuminate/Http/Request), Object(Closure))
#43 C:/Minor Project/Minor-Project/OpensourceE-commercewebsite/vendor/laravel/framework/src/Illuminate/Foundation/Http/Middleware/InvokeDeferredCallbacks.php(22): Illuminate/Pipeline/Pipeline->{closure:{closure:Illuminate/Pipeline/Pipeline::carry():194}:195}(Object(Illuminate/Http/Request))
#44 C:/Minor Project/Minor-Project/OpensourceE-commercewebsite/vendor/laravel/framework/src/Illuminate/Pipeline/Pipeline.php(219): Illuminate/Foundation/Http/Middleware/InvokeDeferredCallbacks->handle(Object(Illuminate/Http/Request), Object(Closure))
#45 C:/Minor Project/Minor-Project/OpensourceE-commercewebsite/vendor/laravel/framework/src/Illuminate/Http/Middleware/ValidatePathEncoding.php(28): Illuminate/Pipeline/Pipeline->{closure:{closure:Illuminate/Pipeline/Pipeline::carry():194}:195}(Object(Illuminate/Http/Request))
#46 C:/Minor Project/Minor-Project/OpensourceE-commercewebsite/vendor/laravel/framework/src/Illuminate/Pipeline/Pipeline.php(219): Illuminate/Http/Middleware/ValidatePathEncoding->handle(Object(Illuminate/Http/Request), Object(Closure))
#47 C:/Minor Project/Minor-Project/OpensourceE-commercewebsite/vendor/laravel/framework/src/Illuminate/Pipeline/Pipeline.php(137): Illuminate/Pipeline/Pipeline->{closure:{closure:Illuminate/Pipeline/Pipeline::carry():194}:195}(Object(Illuminate/Http/Request))
#48 C:/Minor Project/Minor-Project/OpensourceE-commercewebsite/vendor/laravel/framework/src/Illuminate/Foundation/Http/Kernel.php(175): Illuminate/Pipeline/Pipeline->then(Object(Closure))
#49 C:/Minor Project/Minor-Project/OpensourceE-commercewebsite/vendor/laravel/framework/src/Illuminate/Foundation/Http/Kernel.php(144): Illuminate/Foundation/Http/Kernel->sendRequestThroughRouter(Object(Illuminate/Http/Request))
#50 C:/Minor Project/Minor-Project/OpensourceE-commercewebsite/vendor/laravel/framework/src/Illuminate/Foundation/Application.php(1220): Illuminate/Foundation/Http/Kernel->handle(Object(Illuminate/Http/Request))
#51 C:/Minor Project/Minor-Project/OpensourceE-commercewebsite/public/index.php(20): Illuminate/Foundation/Application->handleRequest(Object(Illuminate/Http/Request))
#52 {main}
"} 
[2026-07-24 04:17:20] local.ERROR: Call to undefined method App\Http\Controllers\AddressController::authorize() {"userId":1,"exception":"[object] (Error(code: 0): Call to undefined method App\\Http\\Controllers\\AddressController::authorize() at C:/Minor Project/Minor-Project/OpensourceE-commercewebsite/app/Http/Controllers/AddressController.php:105)
[stacktrace]
#0 C:/Minor Project/Minor-Project/OpensourceE-commercewebsite/vendor/laravel/framework/src/Illuminate/Routing/ControllerDispatcher.php(46): App/Http/Controllers/AddressController->destroy(Object(App/Models/Address))
#1 C:/Minor Project/Minor-Project/OpensourceE-commercewebsite/vendor/laravel/framework/src/Illuminate/Routing/Route.php(276): Illuminate/Routing/ControllerDispatcher->dispatch(Object(Illuminate/Routing/Route), Object(App/Http/Controllers/AddressController), 'destroy')
#2 C:/Minor Project/Minor-Project/OpensourceE-commercewebsite/vendor/laravel/framework/src/Illuminate/Routing/Route.php(216): Illuminate/Routing/Route->runController()
#3 C:/Minor Project/Minor-Project/OpensourceE-commercewebsite/vendor/laravel/framework/src/Illuminate/Routing/Router.php(822): Illuminate/Routing/Route->run()
#4 C:/Minor Project/Minor-Project/OpensourceE-commercewebsite/vendor/laravel/framework/src/Illuminate/Pipeline/Pipeline.php(180): Illuminate/Routing/Router->{closure:Illuminate/Routing/Router::runRouteWithinStack():821}(Object(Illuminate/Http/Request))
#5 C:/Minor Project/Minor-Project/OpensourceE-commercewebsite/vendor/laravel/boost/src/Middleware/InjectBoost.php(22): Illuminate/Pipeline/Pipeline->{closure:Illuminate/Pipeline/Pipeline::prepareDestination():178}(Object(Illuminate/Http/Request))
#6 C:/Minor Project/Minor-Project/OpensourceE-commercewebsite/vendor/laravel/framework/src/Illuminate/Pipeline/Pipeline.php(219): Laravel/Boost/Middleware/InjectBoost->handle(Object(Illuminate/Http/Request), Object(Closure))
#7 C:/Minor Project/Minor-Project/OpensourceE-commercewebsite/vendor/laravel/framework/src/Illuminate/Routing/Middleware/SubstituteBindings.php(52): Illuminate/Pipeline/Pipeline->{closure:{closure:Illuminate/Pipeline/Pipeline::carry():194}:195}(Object(Illuminate/Http/Request))
#8 C:/Minor Project/Minor-Project/OpensourceE-commercewebsite/vendor/laravel/framework/src/Illuminate/Pipeline/Pipeline.php(219): Illuminate/Routing/Middleware/SubstituteBindings->handle(Object(Illuminate/Http/Request), Object(Closure))
#9 C:/Minor Project/Minor-Project/OpensourceE-commercewebsite/vendor/laravel/framework/src/Illuminate/Auth/Middleware/Authenticate.php(63): Illuminate/Pipeline/Pipeline->{closure:{closure:Illuminate/Pipeline/Pipeline::carry():194}:195}(Object(Illuminate/Http/Request))
#10 C:/Minor Project/Minor-Project/OpensourceE-commercewebsite/vendor/laravel/framework/src/Illuminate/Pipeline/Pipeline.php(219): Illuminate/Auth/Middleware/Authenticate->handle(Object(Illuminate/Http/Request), Object(Closure))
#11 C:/Minor Project/Minor-Project/OpensourceE-commercewebsite/vendor/laravel/framework/src/Illuminate/Foundation/Http/Middleware/PreventRequestForgery.php(104): Illuminate/Pipeline/Pipeline->{closure:{closure:Illuminate/Pipeline/Pipeline::carry():194}:195}(Object(Illuminate/Http/Request))
#12 C:/Minor Project/Minor-Project/OpensourceE-commercewebsite/vendor/laravel/framework/src/Illuminate/Pipeline/Pipeline.php(219): Illuminate/Foundation/Http/Middleware/PreventRequestForgery->handle(Object(Illuminate/Http/Request), Object(Closure))
#13 C:/Minor Project/Minor-Project/OpensourceE-commercewebsite/vendor/laravel/framework/src/Illuminate/View/Middleware/ShareErrorsFromSession.php(48): Illuminate/Pipeline/Pipeline->{closure:{closure:Illuminate/Pipeline/Pipeline::carry():194}:195}(Object(Illuminate/Http/Request))
#14 C:/Minor Project/Minor-Project/OpensourceE-commercewebsite/vendor/laravel/framework/src/Illuminate/Pipeline/Pipeline.php(219): Illuminate/View/Middleware/ShareErrorsFromSession->handle(Object(Illuminate/Http/Request), Object(Closure))
#15 C:/Minor Project/Minor-Project/OpensourceE-commercewebsite/vendor/laravel/framework/src/Illuminate/Session/Middleware/StartSession.php(120): Illuminate/Pipeline/Pipeline->{closure:{closure:Illuminate/Pipeline/Pipeline::carry():194}:195}(Object(Illuminate/Http/Request))
#16 C:/Minor Project/Minor-Project/OpensourceE-commercewebsite/vendor/laravel/framework/src/Illuminate/Session/Middleware/StartSession.php(63): Illuminate/Session/Middleware/StartSession->handleStatefulRequest(Object(Illuminate/Http/Request), Object(Illuminate/Session/Store), Object(Closure))
#17 C:/Minor Project/Minor-Project/OpensourceE-commercewebsite/vendor/laravel/framework/src/Illuminate/Pipeline/Pipeline.php(219): Illuminate/Session/Middleware/StartSession->handle(Object(Illuminate/Http/Request), Object(Closure))
#18 C:/Minor Project/Minor-Project/OpensourceE-commercewebsite/vendor/laravel/framework/src/Illuminate/Cookie/Middleware/AddQueuedCookiesToResponse.php(36): Illuminate/Pipeline/Pipeline->{closure:{closure:Illuminate/Pipeline/Pipeline::carry():194}:195}(Object(Illuminate/Http/Request))
#19 C:/Minor Project/Minor-Project/OpensourceE-commercewebsite/vendor/laravel/framework/src/Illuminate/Pipeline/Pipeline.php(219): Illuminate/Cookie/Middleware/AddQueuedCookiesToResponse->handle(Object(Illuminate/Http/Request), Object(Closure))
#20 C:/Minor Project/Minor-Project/OpensourceE-commercewebsite/vendor/laravel/framework/src/Illuminate/Cookie/Middleware/EncryptCookies.php(74): Illuminate/Pipeline/Pipeline->{closure:{closure:Illuminate/Pipeline/Pipeline::carry():194}:195}(Object(Illuminate/Http/Request))
#21 C:/Minor Project/Minor-Project/OpensourceE-commercewebsite/vendor/laravel/framework/src/Illuminate/Pipeline/Pipeline.php(219): Illuminate/Cookie/Middleware/EncryptCookies->handle(Object(Illuminate/Http/Request), Object(Closure))
#22 C:/Minor Project/Minor-Project/OpensourceE-commercewebsite/vendor/laravel/framework/src/Illuminate/Pipeline/Pipeline.php(137): Illuminate/Pipeline/Pipeline->{closure:{closure:Illuminate/Pipeline/Pipeline::carry():194}:195}(Object(Illuminate/Http/Request))
#23 C:/Minor Project/Minor-Project/OpensourceE-commercewebsite/vendor/laravel/framework/src/Illuminate/Routing/Router.php(821): Illuminate/Pipeline/Pipeline->then(Object(Closure))
#24 C:/Minor Project/Minor-Project/OpensourceE-commercewebsite/vendor/laravel/framework/src/Illuminate/Routing/Router.php(800): Illuminate/Routing/Router->runRouteWithinStack(Object(Illuminate/Routing/Route), Object(Illuminate/Http/Request))
#25 C:/Minor Project/Minor-Project/OpensourceE-commercewebsite/vendor/laravel/framework/src/Illuminate/Routing/Router.php(764): Illuminate/Routing/Router->runRoute(Object(Illuminate/Http/Request), Object(Illuminate/Routing/Route))
#26 C:/Minor Project/Minor-Project/OpensourceE-commercewebsite/vendor/laravel/framework/src/Illuminate/Routing/Router.php(753): Illuminate/Routing/Router->dispatchToRoute(Object(Illuminate/Http/Request))
#27 C:/Minor Project/Minor-Project/OpensourceE-commercewebsite/vendor/laravel/framework/src/Illuminate/Foundation/Http/Kernel.php(200): Illuminate/Routing/Router->dispatch(Object(Illuminate/Http/Request))
#28 C:/Minor Project/Minor-Project/OpensourceE-commercewebsite/vendor/laravel/framework/src/Illuminate/Pipeline/Pipeline.php(180): Illuminate/Foundation/Http/Kernel->{closure:Illuminate/Foundation/Http/Kernel::dispatchToRouter():197}(Object(Illuminate/Http/Request))
#29 C:/Minor Project/Minor-Project/OpensourceE-commercewebsite/vendor/laravel/framework/src/Illuminate/Foundation/Http/Middleware/TransformsRequest.php(21): Illuminate/Pipeline/Pipeline->{closure:Illuminate/Pipeline/Pipeline::prepareDestination():178}(Object(Illuminate/Http/Request))
#30 C:/Minor Project/Minor-Project/OpensourceE-commercewebsite/vendor/laravel/framework/src/Illuminate/Foundation/Http/Middleware/ConvertEmptyStringsToNull.php(31): Illuminate/Foundation/Http/Middleware/TransformsRequest->handle(Object(Illuminate/Http/Request), Object(Closure))
#31 C:/Minor Project/Minor-Project/OpensourceE-commercewebsite/vendor/laravel/framework/src/Illuminate/Pipeline/Pipeline.php(219): Illuminate/Foundation/Http/Middleware/ConvertEmptyStringsToNull->handle(Object(Illuminate/Http/Request), Object(Closure))
#32 C:/Minor Project/Minor-Project/OpensourceE-commercewebsite/vendor/laravel/framework/src/Illuminate/Foundation/Http/Middleware/TransformsRequest.php(21): Illuminate/Pipeline/Pipeline->{closure:{closure:Illuminate/Pipeline/Pipeline::carry():194}:195}(Object(Illuminate/Http/Request))
#33 C:/Minor Project/Minor-Project/OpensourceE-commercewebsite/vendor/laravel/framework/src/Illuminate/Foundation/Http/Middleware/TrimStrings.php(51): Illuminate/Foundation/Http/Middleware/TransformsRequest->handle(Object(Illuminate/Http/Request), Object(Closure))
#34 C:/Minor Project/Minor-Project/OpensourceE-commercewebsite/vendor/laravel/framework/src/Illuminate/Pipeline/Pipeline.php(219): Illuminate/Foundation/Http/Middleware/TrimStrings->handle(Object(Illuminate/Http/Request), Object(Closure))
#35 C:/Minor Project/Minor-Project/OpensourceE-commercewebsite/vendor/laravel/framework/src/Illuminate/Http/Middleware/ValidatePostSize.php(27): Illuminate/Pipeline/Pipeline->{closure:{closure:Illuminate/Pipeline/Pipeline::carry():194}:195}(Object(Illuminate/Http/Request))
#36 C:/Minor Project/Minor-Project/OpensourceE-commercewebsite/vendor/laravel/framework/src/Illuminate/Pipeline/Pipeline.php(219): Illuminate/Http/Middleware/ValidatePostSize->handle(Object(Illuminate/Http/Request), Object(Closure))
#37 C:/Minor Project/Minor-Project/OpensourceE-commercewebsite/vendor/laravel/framework/src/Illuminate/Foundation/Http/Middleware/PreventRequestsDuringMaintenance.php(109): Illuminate/Pipeline/Pipeline->{closure:{closure:Illuminate/Pipeline/Pipeline::carry():194}:195}(Object(Illuminate/Http/Request))
#38 C:/Minor Project/Minor-Project/OpensourceE-commercewebsite/vendor/laravel/framework/src/Illuminate/Pipeline/Pipeline.php(219): Illuminate/Foundation/Http/Middleware/PreventRequestsDuringMaintenance->handle(Object(Illuminate/Http/Request), Object(Closure))
#39 C:/Minor Project/Minor-Project/OpensourceE-commercewebsite/vendor/laravel/framework/src/Illuminate/Http/Middleware/HandleCors.php(61): Illuminate/Pipeline/Pipeline->{closure:{closure:Illuminate/Pipeline/Pipeline::carry():194}:195}(Object(Illuminate/Http/Request))
#40 C:/Minor Project/Minor-Project/OpensourceE-commercewebsite/vendor/laravel/framework/src/Illuminate/Pipeline/Pipeline.php(219): Illuminate/Http/Middleware/HandleCors->handle(Object(Illuminate/Http/Request), Object(Closure))
#41 C:/Minor Project/Minor-Project/OpensourceE-commercewebsite/vendor/laravel/framework/src/Illuminate/Http/Middleware/TrustProxies.php(58): Illuminate/Pipeline/Pipeline->{closure:{closure:Illuminate/Pipeline/Pipeline::carry():194}:195}(Object(Illuminate/Http/Request))
#42 C:/Minor Project/Minor-Project/OpensourceE-commercewebsite/vendor/laravel/framework/src/Illuminate/Pipeline/Pipeline.php(219): Illuminate/Http/Middleware/TrustProxies->handle(Object(Illuminate/Http/Request), Object(Closure))
#43 C:/Minor Project/Minor-Project/OpensourceE-commercewebsite/vendor/laravel/framework/src/Illuminate/Foundation/Http/Middleware/InvokeDeferredCallbacks.php(22): Illuminate/Pipeline/Pipeline->{closure:{closure:Illuminate/Pipeline/Pipeline::carry():194}:195}(Object(Illuminate/Http/Request))
#44 C:/Minor Project/Minor-Project/OpensourceE-commercewebsite/vendor/laravel/framework/src/Illuminate/Pipeline/Pipeline.php(219): Illuminate/Foundation/Http/Middleware/InvokeDeferredCallbacks->handle(Object(Illuminate/Http/Request), Object(Closure))
#45 C:/Minor Project/Minor-Project/OpensourceE-commercewebsite/vendor/laravel/framework/src/Illuminate/Http/Middleware/ValidatePathEncoding.php(28): Illuminate/Pipeline/Pipeline->{closure:{closure:Illuminate/Pipeline/Pipeline::carry():194}:195}(Object(Illuminate/Http/Request))
#46 C:/Minor Project/Minor-Project/OpensourceE-commercewebsite/vendor/laravel/framework/src/Illuminate/Pipeline/Pipeline.php(219): Illuminate/Http/Middleware/ValidatePathEncoding->handle(Object(Illuminate/Http/Request), Object(Closure))
#47 C:/Minor Project/Minor-Project/OpensourceE-commercewebsite/vendor/laravel/framework/src/Illuminate/Pipeline/Pipeline.php(137): Illuminate/Pipeline/Pipeline->{closure:{closure:Illuminate/Pipeline/Pipeline::carry():194}:195}(Object(Illuminate/Http/Request))
#48 C:/Minor Project/Minor-Project/OpensourceE-commercewebsite/vendor/laravel/framework/src/Illuminate/Foundation/Http/Kernel.php(175): Illuminate/Pipeline/Pipeline->then(Object(Closure))
#49 C:/Minor Project/Minor-Project/OpensourceE-commercewebsite/vendor/laravel/framework/src/Illuminate/Foundation/Http/Kernel.php(144): Illuminate/Foundation/Http/Kernel->sendRequestThroughRouter(Object(Illuminate/Http/Request))
#50 C:/Minor Project/Minor-Project/OpensourceE-commercewebsite/vendor/laravel/framework/src/Illuminate/Foundation/Application.php(1220): Illuminate/Foundation/Http/Kernel->handle(Object(Illuminate/Http/Request))
#51 C:/Minor Project/Minor-Project/OpensourceE-commercewebsite/public/index.php(20): Illuminate/Foundation/Application->handleRequest(Object(Illuminate/Http/Request))
#52 {main}
"} 
[2026-07-24 04:20:27] local.ERROR: Call to undefined method App\Http\Controllers\AddressController::authorize() {"userId":1,"exception":"[object] (Error(code: 0): Call to undefined method App\\Http\\Controllers\\AddressController::authorize() at C:/Minor Project/Minor-Project/OpensourceE-commercewebsite/app/Http/Controllers/AddressController.php:105)
[stacktrace]
#0 C:/Minor Project/Minor-Project/OpensourceE-commercewebsite/vendor/laravel/framework/src/Illuminate/Routing/ControllerDispatcher.php(46): App/Http/Controllers/AddressController->destroy(Object(App/Models/Address))
#1 C:/Minor Project/Minor-Project/OpensourceE-commercewebsite/vendor/laravel/framework/src/Illuminate/Routing/Route.php(276): Illuminate/Routing/ControllerDispatcher->dispatch(Object(Illuminate/Routing/Route), Object(App/Http/Controllers/AddressController), 'destroy')
#2 C:/Minor Project/Minor-Project/OpensourceE-commercewebsite/vendor/laravel/framework/src/Illuminate/Routing/Route.php(216): Illuminate/Routing/Route->runController()
#3 C:/Minor Project/Minor-Project/OpensourceE-commercewebsite/vendor/laravel/framework/src/Illuminate/Routing/Router.php(822): Illuminate/Routing/Route->run()
#4 C:/Minor Project/Minor-Project/OpensourceE-commercewebsite/vendor/laravel/framework/src/Illuminate/Pipeline/Pipeline.php(180): Illuminate/Routing/Router->{closure:Illuminate/Routing/Router::runRouteWithinStack():821}(Object(Illuminate/Http/Request))
#5 C:/Minor Project/Minor-Project/OpensourceE-commercewebsite/vendor/laravel/boost/src/Middleware/InjectBoost.php(22): Illuminate/Pipeline/Pipeline->{closure:Illuminate/Pipeline/Pipeline::prepareDestination():178}(Object(Illuminate/Http/Request))
#6 C:/Minor Project/Minor-Project/OpensourceE-commercewebsite/vendor/laravel/framework/src/Illuminate/Pipeline/Pipeline.php(219): Laravel/Boost/Middleware/InjectBoost->handle(Object(Illuminate/Http/Request), Object(Closure))
#7 C:/Minor Project/Minor-Project/OpensourceE-commercewebsite/vendor/laravel/framework/src/Illuminate/Routing/Middleware/SubstituteBindings.php(52): Illuminate/Pipeline/Pipeline->{closure:{closure:Illuminate/Pipeline/Pipeline::carry():194}:195}(Object(Illuminate/Http/Request))
#8 C:/Minor Project/Minor-Project/OpensourceE-commercewebsite/vendor/laravel/framework/src/Illuminate/Pipeline/Pipeline.php(219): Illuminate/Routing/Middleware/SubstituteBindings->handle(Object(Illuminate/Http/Request), Object(Closure))
#9 C:/Minor Project/Minor-Project/OpensourceE-commercewebsite/vendor/laravel/framework/src/Illuminate/Auth/Middleware/Authenticate.php(63): Illuminate/Pipeline/Pipeline->{closure:{closure:Illuminate/Pipeline/Pipeline::carry():194}:195}(Object(Illuminate/Http/Request))
#10 C:/Minor Project/Minor-Project/OpensourceE-commercewebsite/vendor/laravel/framework/src/Illuminate/Pipeline/Pipeline.php(219): Illuminate/Auth/Middleware/Authenticate->handle(Object(Illuminate/Http/Request), Object(Closure))
#11 C:/Minor Project/Minor-Project/OpensourceE-commercewebsite/vendor/laravel/framework/src/Illuminate/Foundation/Http/Middleware/PreventRequestForgery.php(104): Illuminate/Pipeline/Pipeline->{closure:{closure:Illuminate/Pipeline/Pipeline::carry():194}:195}(Object(Illuminate/Http/Request))
#12 C:/Minor Project/Minor-Project/OpensourceE-commercewebsite/vendor/laravel/framework/src/Illuminate/Pipeline/Pipeline.php(219): Illuminate/Foundation/Http/Middleware/PreventRequestForgery->handle(Object(Illuminate/Http/Request), Object(Closure))
#13 C:/Minor Project/Minor-Project/OpensourceE-commercewebsite/vendor/laravel/framework/src/Illuminate/View/Middleware/ShareErrorsFromSession.php(48): Illuminate/Pipeline/Pipeline->{closure:{closure:Illuminate/Pipeline/Pipeline::carry():194}:195}(Object(Illuminate/Http/Request))
#14 C:/Minor Project/Minor-Project/OpensourceE-commercewebsite/vendor/laravel/framework/src/Illuminate/Pipeline/Pipeline.php(219): Illuminate/View/Middleware/ShareErrorsFromSession->handle(Object(Illuminate/Http/Request), Object(Closure))
#15 C:/Minor Project/Minor-Project/OpensourceE-commercewebsite/vendor/laravel/framework/src/Illuminate/Session/Middleware/StartSession.php(120): Illuminate/Pipeline/Pipeline->{closure:{closure:Illuminate/Pipeline/Pipeline::carry():194}:195}(Object(Illuminate/Http/Request))
#16 C:/Minor Project/Minor-Project/OpensourceE-commercewebsite/vendor/laravel/framework/src/Illuminate/Session/Middleware/StartSession.php(63): Illuminate/Session/Middleware/StartSession->handleStatefulRequest(Object(Illuminate/Http/Request), Object(Illuminate/Session/Store), Object(Closure))
#17 C:/Minor Project/Minor-Project/OpensourceE-commercewebsite/vendor/laravel/framework/src/Illuminate/Pipeline/Pipeline.php(219): Illuminate/Session/Middleware/StartSession->handle(Object(Illuminate/Http/Request), Object(Closure))
#18 C:/Minor Project/Minor-Project/OpensourceE-commercewebsite/vendor/laravel/framework/src/Illuminate/Cookie/Middleware/AddQueuedCookiesToResponse.php(36): Illuminate/Pipeline/Pipeline->{closure:{closure:Illuminate/Pipeline/Pipeline::carry():194}:195}(Object(Illuminate/Http/Request))
#19 C:/Minor Project/Minor-Project/OpensourceE-commercewebsite/vendor/laravel/framework/src/Illuminate/Pipeline/Pipeline.php(219): Illuminate/Cookie/Middleware/AddQueuedCookiesToResponse->handle(Object(Illuminate/Http/Request), Object(Closure))
#20 C:/Minor Project/Minor-Project/OpensourceE-commercewebsite/vendor/laravel/framework/src/Illuminate/Cookie/Middleware/EncryptCookies.php(74): Illuminate/Pipeline/Pipeline->{closure:{closure:Illuminate/Pipeline/Pipeline::carry():194}:195}(Object(Illuminate/Http/Request))
#21 C:/Minor Project/Minor-Project/OpensourceE-commercewebsite/vendor/laravel/framework/src/Illuminate/Pipeline/Pipeline.php(219): Illuminate/Cookie/Middleware/EncryptCookies->handle(Object(Illuminate/Http/Request), Object(Closure))
#22 C:/Minor Project/Minor-Project/OpensourceE-commercewebsite/vendor/laravel/framework/src/Illuminate/Pipeline/Pipeline.php(137): Illuminate/Pipeline/Pipeline->{closure:{closure:Illuminate/Pipeline/Pipeline::carry():194}:195}(Object(Illuminate/Http/Request))
#23 C:/Minor Project/Minor-Project/OpensourceE-commercewebsite/vendor/laravel/framework/src/Illuminate/Routing/Router.php(821): Illuminate/Pipeline/Pipeline->then(Object(Closure))
#24 C:/Minor Project/Minor-Project/OpensourceE-commercewebsite/vendor/laravel/framework/src/Illuminate/Routing/Router.php(800): Illuminate/Routing/Router->runRouteWithinStack(Object(Illuminate/Routing/Route), Object(Illuminate/Http/Request))
#25 C:/Minor Project/Minor-Project/OpensourceE-commercewebsite/vendor/laravel/framework/src/Illuminate/Routing/Router.php(764): Illuminate/Routing/Router->runRoute(Object(Illuminate/Http/Request), Object(Illuminate/Routing/Route))
#26 C:/Minor Project/Minor-Project/OpensourceE-commercewebsite/vendor/laravel/framework/src/Illuminate/Routing/Router.php(753): Illuminate/Routing/Router->dispatchToRoute(Object(Illuminate/Http/Request))
#27 C:/Minor Project/Minor-Project/OpensourceE-commercewebsite/vendor/laravel/framework/src/Illuminate/Foundation/Http/Kernel.php(200): Illuminate/Routing/Router->dispatch(Object(Illuminate/Http/Request))
#28 C:/Minor Project/Minor-Project/OpensourceE-commercewebsite/vendor/laravel/framework/src/Illuminate/Pipeline/Pipeline.php(180): Illuminate/Foundation/Http/Kernel->{closure:Illuminate/Foundation/Http/Kernel::dispatchToRouter():197}(Object(Illuminate/Http/Request))
#29 C:/Minor Project/Minor-Project/OpensourceE-commercewebsite/vendor/laravel/framework/src/Illuminate/Foundation/Http/Middleware/TransformsRequest.php(21): Illuminate/Pipeline/Pipeline->{closure:Illuminate/Pipeline/Pipeline::prepareDestination():178}(Object(Illuminate/Http/Request))
#30 C:/Minor Project/Minor-Project/OpensourceE-commercewebsite/vendor/laravel/framework/src/Illuminate/Foundation/Http/Middleware/ConvertEmptyStringsToNull.php(31): Illuminate/Foundation/Http/Middleware/TransformsRequest->handle(Object(Illuminate/Http/Request), Object(Closure))
#31 C:/Minor Project/Minor-Project/OpensourceE-commercewebsite/vendor/laravel/framework/src/Illuminate/Pipeline/Pipeline.php(219): Illuminate/Foundation/Http/Middleware/ConvertEmptyStringsToNull->handle(Object(Illuminate/Http/Request), Object(Closure))
#32 C:/Minor Project/Minor-Project/OpensourceE-commercewebsite/vendor/laravel/framework/src/Illuminate/Foundation/Http/Middleware/TransformsRequest.php(21): Illuminate/Pipeline/Pipeline->{closure:{closure:Illuminate/Pipeline/Pipeline::carry():194}:195}(Object(Illuminate/Http/Request))
#33 C:/Minor Project/Minor-Project/OpensourceE-commercewebsite/vendor/laravel/framework/src/Illuminate/Foundation/Http/Middleware/TrimStrings.php(51): Illuminate/Foundation/Http/Middleware/TransformsRequest->handle(Object(Illuminate/Http/Request), Object(Closure))
#34 C:/Minor Project/Minor-Project/OpensourceE-commercewebsite/vendor/laravel/framework/src/Illuminate/Pipeline/Pipeline.php(219): Illuminate/Foundation/Http/Middleware/TrimStrings->handle(Object(Illuminate/Http/Request), Object(Closure))
#35 C:/Minor Project/Minor-Project/OpensourceE-commercewebsite/vendor/laravel/framework/src/Illuminate/Http/Middleware/ValidatePostSize.php(27): Illuminate/Pipeline/Pipeline->{closure:{closure:Illuminate/Pipeline/Pipeline::carry():194}:195}(Object(Illuminate/Http/Request))
#36 C:/Minor Project/Minor-Project/OpensourceE-commercewebsite/vendor/laravel/framework/src/Illuminate/Pipeline/Pipeline.php(219): Illuminate/Http/Middleware/ValidatePostSize->handle(Object(Illuminate/Http/Request), Object(Closure))
#37 C:/Minor Project/Minor-Project/OpensourceE-commercewebsite/vendor/laravel/framework/src/Illuminate/Foundation/Http/Middleware/PreventRequestsDuringMaintenance.php(109): Illuminate/Pipeline/Pipeline->{closure:{closure:Illuminate/Pipeline/Pipeline::carry():194}:195}(Object(Illuminate/Http/Request))
#38 C:/Minor Project/Minor-Project/OpensourceE-commercewebsite/vendor/laravel/framework/src/Illuminate/Pipeline/Pipeline.php(219): Illuminate/Foundation/Http/Middleware/PreventRequestsDuringMaintenance->handle(Object(Illuminate/Http/Request), Object(Closure))
#39 C:/Minor Project/Minor-Project/OpensourceE-commercewebsite/vendor/laravel/framework/src/Illuminate/Http/Middleware/HandleCors.php(61): Illuminate/Pipeline/Pipeline->{closure:{closure:Illuminate/Pipeline/Pipeline::carry():194}:195}(Object(Illuminate/Http/Request))
#40 C:/Minor Project/Minor-Project/OpensourceE-commercewebsite/vendor/laravel/framework/src/Illuminate/Pipeline/Pipeline.php(219): Illuminate/Http/Middleware/HandleCors->handle(Object(Illuminate/Http/Request), Object(Closure))
#41 C:/Minor Project/Minor-Project/OpensourceE-commercewebsite/vendor/laravel/framework/src/Illuminate/Http/Middleware/TrustProxies.php(58): Illuminate/Pipeline/Pipeline->{closure:{closure:Illuminate/Pipeline/Pipeline::carry():194}:195}(Object(Illuminate/Http/Request))
#42 C:/Minor Project/Minor-Project/OpensourceE-commercewebsite/vendor/laravel/framework/src/Illuminate/Pipeline/Pipeline.php(219): Illuminate/Http/Middleware/TrustProxies->handle(Object(Illuminate/Http/Request), Object(Closure))
#43 C:/Minor Project/Minor-Project/OpensourceE-commercewebsite/vendor/laravel/framework/src/Illuminate/Foundation/Http/Middleware/InvokeDeferredCallbacks.php(22): Illuminate/Pipeline/Pipeline->{closure:{closure:Illuminate/Pipeline/Pipeline::carry():194}:195}(Object(Illuminate/Http/Request))
#44 C:/Minor Project/Minor-Project/OpensourceE-commercewebsite/vendor/laravel/framework/src/Illuminate/Pipeline/Pipeline.php(219): Illuminate/Foundation/Http/Middleware/InvokeDeferredCallbacks->handle(Object(Illuminate/Http/Request), Object(Closure))
#45 C:/Minor Project/Minor-Project/OpensourceE-commercewebsite/vendor/laravel/framework/src/Illuminate/Http/Middleware/ValidatePathEncoding.php(28): Illuminate/Pipeline/Pipeline->{closure:{closure:Illuminate/Pipeline/Pipeline::carry():194}:195}(Object(Illuminate/Http/Request))
#46 C:/Minor Project/Minor-Project/OpensourceE-commercewebsite/vendor/laravel/framework/src/Illuminate/Pipeline/Pipeline.php(219): Illuminate/Http/Middleware/ValidatePathEncoding->handle(Object(Illuminate/Http/Request), Object(Closure))
#47 C:/Minor Project/Minor-Project/OpensourceE-commercewebsite/vendor/laravel/framework/src/Illuminate/Pipeline/Pipeline.php(137): Illuminate/Pipeline/Pipeline->{closure:{closure:Illuminate/Pipeline/Pipeline::carry():194}:195}(Object(Illuminate/Http/Request))
#48 C:/Minor Project/Minor-Project/OpensourceE-commercewebsite/vendor/laravel/framework/src/Illuminate/Foundation/Http/Kernel.php(175): Illuminate/Pipeline/Pipeline->then(Object(Closure))
#49 C:/Minor Project/Minor-Project/OpensourceE-commercewebsite/vendor/laravel/framework/src/Illuminate/Foundation/Http/Kernel.php(144): Illuminate/Foundation/Http/Kernel->sendRequestThroughRouter(Object(Illuminate/Http/Request))
#50 C:/Minor Project/Minor-Project/OpensourceE-commercewebsite/vendor/laravel/framework/src/Illuminate/Foundation/Application.php(1220): Illuminate/Foundation/Http/Kernel->handle(Object(Illuminate/Http/Request))
#51 C:/Minor Project/Minor-Project/OpensourceE-commercewebsite/public/index.php(20): Illuminate/Foundation/Application->handleRequest(Object(Illuminate/Http/Request))
#52 {main}
"} 
[2026-07-24 04:20:49] local.ERROR: Call to undefined method App\Http\Controllers\AddressController::authorize() {"userId":1,"exception":"[object] (Error(code: 0): Call to undefined method App\\Http\\Controllers\\AddressController::authorize() at C:/Minor Project/Minor-Project/OpensourceE-commercewebsite/app/Http/Controllers/AddressController.php:130)
[stacktrace]
#0 C:/Minor Project/Minor-Project/OpensourceE-commercewebsite/vendor/laravel/framework/src/Illuminate/Routing/ControllerDispatcher.php(46): App/Http/Controllers/AddressController->setDefaultShipping(Object(App/Models/Address))
#1 C:/Minor Project/Minor-Project/OpensourceE-commercewebsite/vendor/laravel/framework/src/Illuminate/Routing/Route.php(276): Illuminate/Routing/ControllerDispatcher->dispatch(Object(Illuminate/Routing/Route), Object(App/Http/Controllers/AddressController), 'setDefaultShipp...')
#2 C:/Minor Project/Minor-Project/OpensourceE-commercewebsite/vendor/laravel/framework/src/Illuminate/Routing/Route.php(216): Illuminate/Routing/Route->runController()
#3 C:/Minor Project/Minor-Project/OpensourceE-commercewebsite/vendor/laravel/framework/src/Illuminate/Routing/Router.php(822): Illuminate/Routing/Route->run()
#4 C:/Minor Project/Minor-Project/OpensourceE-commercewebsite/vendor/laravel/framework/src/Illuminate/Pipeline/Pipeline.php(180): Illuminate/Routing/Router->{closure:Illuminate/Routing/Router::runRouteWithinStack():821}(Object(Illuminate/Http/Request))
#5 C:/Minor Project/Minor-Project/OpensourceE-commercewebsite/vendor/laravel/boost/src/Middleware/InjectBoost.php(22): Illuminate/Pipeline/Pipeline->{closure:Illuminate/Pipeline/Pipeline::prepareDestination():178}(Object(Illuminate/Http/Request))
#6 C:/Minor Project/Minor-Project/OpensourceE-commercewebsite/vendor/laravel/framework/src/Illuminate/Pipeline/Pipeline.php(219): Laravel/Boost/Middleware/InjectBoost->handle(Object(Illuminate/Http/Request), Object(Closure))
#7 C:/Minor Project/Minor-Project/OpensourceE-commercewebsite/vendor/laravel/framework/src/Illuminate/Routing/Middleware/SubstituteBindings.php(52): Illuminate/Pipeline/Pipeline->{closure:{closure:Illuminate/Pipeline/Pipeline::carry():194}:195}(Object(Illuminate/Http/Request))
#8 C:/Minor Project/Minor-Project/OpensourceE-commercewebsite/vendor/laravel/framework/src/Illuminate/Pipeline/Pipeline.php(219): Illuminate/Routing/Middleware/SubstituteBindings->handle(Object(Illuminate/Http/Request), Object(Closure))
#9 C:/Minor Project/Minor-Project/OpensourceE-commercewebsite/vendor/laravel/framework/src/Illuminate/Auth/Middleware/Authenticate.php(63): Illuminate/Pipeline/Pipeline->{closure:{closure:Illuminate/Pipeline/Pipeline::carry():194}:195}(Object(Illuminate/Http/Request))
#10 C:/Minor Project/Minor-Project/OpensourceE-commercewebsite/vendor/laravel/framework/src/Illuminate/Pipeline/Pipeline.php(219): Illuminate/Auth/Middleware/Authenticate->handle(Object(Illuminate/Http/Request), Object(Closure))
#11 C:/Minor Project/Minor-Project/OpensourceE-commercewebsite/vendor/laravel/framework/src/Illuminate/Foundation/Http/Middleware/PreventRequestForgery.php(104): Illuminate/Pipeline/Pipeline->{closure:{closure:Illuminate/Pipeline/Pipeline::carry():194}:195}(Object(Illuminate/Http/Request))
#12 C:/Minor Project/Minor-Project/OpensourceE-commercewebsite/vendor/laravel/framework/src/Illuminate/Pipeline/Pipeline.php(219): Illuminate/Foundation/Http/Middleware/PreventRequestForgery->handle(Object(Illuminate/Http/Request), Object(Closure))
#13 C:/Minor Project/Minor-Project/OpensourceE-commercewebsite/vendor/laravel/framework/src/Illuminate/View/Middleware/ShareErrorsFromSession.php(48): Illuminate/Pipeline/Pipeline->{closure:{closure:Illuminate/Pipeline/Pipeline::carry():194}:195}(Object(Illuminate/Http/Request))
#14 C:/Minor Project/Minor-Project/OpensourceE-commercewebsite/vendor/laravel/framework/src/Illuminate/Pipeline/Pipeline.php(219): Illuminate/View/Middleware/ShareErrorsFromSession->handle(Object(Illuminate/Http/Request), Object(Closure))
#15 C:/Minor Project/Minor-Project/OpensourceE-commercewebsite/vendor/laravel/framework/src/Illuminate/Session/Middleware/StartSession.php(120): Illuminate/Pipeline/Pipeline->{closure:{closure:Illuminate/Pipeline/Pipeline::carry():194}:195}(Object(Illuminate/Http/Request))
#16 C:/Minor Project/Minor-Project/OpensourceE-commercewebsite/vendor/laravel/framework/src/Illuminate/Session/Middleware/StartSession.php(63): Illuminate/Session/Middleware/StartSession->handleStatefulRequest(Object(Illuminate/Http/Request), Object(Illuminate/Session/Store), Object(Closure))
#17 C:/Minor Project/Minor-Project/OpensourceE-commercewebsite/vendor/laravel/framework/src/Illuminate/Pipeline/Pipeline.php(219): Illuminate/Session/Middleware/StartSession->handle(Object(Illuminate/Http/Request), Object(Closure))
#18 C:/Minor Project/Minor-Project/OpensourceE-commercewebsite/vendor/laravel/framework/src/Illuminate/Cookie/Middleware/AddQueuedCookiesToResponse.php(36): Illuminate/Pipeline/Pipeline->{closure:{closure:Illuminate/Pipeline/Pipeline::carry():194}:195}(Object(Illuminate/Http/Request))
#19 C:/Minor Project/Minor-Project/OpensourceE-commercewebsite/vendor/laravel/framework/src/Illuminate/Pipeline/Pipeline.php(219): Illuminate/Cookie/Middleware/AddQueuedCookiesToResponse->handle(Object(Illuminate/Http/Request), Object(Closure))
#20 C:/Minor Project/Minor-Project/OpensourceE-commercewebsite/vendor/laravel/framework/src/Illuminate/Cookie/Middleware/EncryptCookies.php(74): Illuminate/Pipeline/Pipeline->{closure:{closure:Illuminate/Pipeline/Pipeline::carry():194}:195}(Object(Illuminate/Http/Request))
#21 C:/Minor Project/Minor-Project/OpensourceE-commercewebsite/vendor/laravel/framework/src/Illuminate/Pipeline/Pipeline.php(219): Illuminate/Cookie/Middleware/EncryptCookies->handle(Object(Illuminate/Http/Request), Object(Closure))
#22 C:/Minor Project/Minor-Project/OpensourceE-commercewebsite/vendor/laravel/framework/src/Illuminate/Pipeline/Pipeline.php(137): Illuminate/Pipeline/Pipeline->{closure:{closure:Illuminate/Pipeline/Pipeline::carry():194}:195}(Object(Illuminate/Http/Request))
#23 C:/Minor Project/Minor-Project/OpensourceE-commercewebsite/vendor/laravel/framework/src/Illuminate/Routing/Router.php(821): Illuminate/Pipeline/Pipeline->then(Object(Closure))
#24 C:/Minor Project/Minor-Project/OpensourceE-commercewebsite/vendor/laravel/framework/src/Illuminate/Routing/Router.php(800): Illuminate/Routing/Router->runRouteWithinStack(Object(Illuminate/Routing/Route), Object(Illuminate/Http/Request))
#25 C:/Minor Project/Minor-Project/OpensourceE-commercewebsite/vendor/laravel/framework/src/Illuminate/Routing/Router.php(764): Illuminate/Routing/Router->runRoute(Object(Illuminate/Http/Request), Object(Illuminate/Routing/Route))
#26 C:/Minor Project/Minor-Project/OpensourceE-commercewebsite/vendor/laravel/framework/src/Illuminate/Routing/Router.php(753): Illuminate/Routing/Router->dispatchToRoute(Object(Illuminate/Http/Request))
#27 C:/Minor Project/Minor-Project/OpensourceE-commercewebsite/vendor/laravel/framework/src/Illuminate/Foundation/Http/Kernel.php(200): Illuminate/Routing/Router->dispatch(Object(Illuminate/Http/Request))
#28 C:/Minor Project/Minor-Project/OpensourceE-commercewebsite/vendor/laravel/framework/src/Illuminate/Pipeline/Pipeline.php(180): Illuminate/Foundation/Http/Kernel->{closure:Illuminate/Foundation/Http/Kernel::dispatchToRouter():197}(Object(Illuminate/Http/Request))
#29 C:/Minor Project/Minor-Project/OpensourceE-commercewebsite/vendor/laravel/framework/src/Illuminate/Foundation/Http/Middleware/TransformsRequest.php(21): Illuminate/Pipeline/Pipeline->{closure:Illuminate/Pipeline/Pipeline::prepareDestination():178}(Object(Illuminate/Http/Request))
#30 C:/Minor Project/Minor-Project/OpensourceE-commercewebsite/vendor/laravel/framework/src/Illuminate/Foundation/Http/Middleware/ConvertEmptyStringsToNull.php(31): Illuminate/Foundation/Http/Middleware/TransformsRequest->handle(Object(Illuminate/Http/Request), Object(Closure))
#31 C:/Minor Project/Minor-Project/OpensourceE-commercewebsite/vendor/laravel/framework/src/Illuminate/Pipeline/Pipeline.php(219): Illuminate/Foundation/Http/Middleware/ConvertEmptyStringsToNull->handle(Object(Illuminate/Http/Request), Object(Closure))
#32 C:/Minor Project/Minor-Project/OpensourceE-commercewebsite/vendor/laravel/framework/src/Illuminate/Foundation/Http/Middleware/TransformsRequest.php(21): Illuminate/Pipeline/Pipeline->{closure:{closure:Illuminate/Pipeline/Pipeline::carry():194}:195}(Object(Illuminate/Http/Request))
#33 C:/Minor Project/Minor-Project/OpensourceE-commercewebsite/vendor/laravel/framework/src/Illuminate/Foundation/Http/Middleware/TrimStrings.php(51): Illuminate/Foundation/Http/Middleware/TransformsRequest->handle(Object(Illuminate/Http/Request), Object(Closure))
#34 C:/Minor Project/Minor-Project/OpensourceE-commercewebsite/vendor/laravel/framework/src/Illuminate/Pipeline/Pipeline.php(219): Illuminate/Foundation/Http/Middleware/TrimStrings->handle(Object(Illuminate/Http/Request), Object(Closure))
#35 C:/Minor Project/Minor-Project/OpensourceE-commercewebsite/vendor/laravel/framework/src/Illuminate/Http/Middleware/ValidatePostSize.php(27): Illuminate/Pipeline/Pipeline->{closure:{closure:Illuminate/Pipeline/Pipeline::carry():194}:195}(Object(Illuminate/Http/Request))
#36 C:/Minor Project/Minor-Project/OpensourceE-commercewebsite/vendor/laravel/framework/src/Illuminate/Pipeline/Pipeline.php(219): Illuminate/Http/Middleware/ValidatePostSize->handle(Object(Illuminate/Http/Request), Object(Closure))
#37 C:/Minor Project/Minor-Project/OpensourceE-commercewebsite/vendor/laravel/framework/src/Illuminate/Foundation/Http/Middleware/PreventRequestsDuringMaintenance.php(109): Illuminate/Pipeline/Pipeline->{closure:{closure:Illuminate/Pipeline/Pipeline::carry():194}:195}(Object(Illuminate/Http/Request))
#38 C:/Minor Project/Minor-Project/OpensourceE-commercewebsite/vendor/laravel/framework/src/Illuminate/Pipeline/Pipeline.php(219): Illuminate/Foundation/Http/Middleware/PreventRequestsDuringMaintenance->handle(Object(Illuminate/Http/Request), Object(Closure))
#39 C:/Minor Project/Minor-Project/OpensourceE-commercewebsite/vendor/laravel/framework/src/Illuminate/Http/Middleware/HandleCors.php(61): Illuminate/Pipeline/Pipeline->{closure:{closure:Illuminate/Pipeline/Pipeline::carry():194}:195}(Object(Illuminate/Http/Request))
#40 C:/Minor Project/Minor-Project/OpensourceE-commercewebsite/vendor/laravel/framework/src/Illuminate/Pipeline/Pipeline.php(219): Illuminate/Http/Middleware/HandleCors->handle(Object(Illuminate/Http/Request), Object(Closure))
#41 C:/Minor Project/Minor-Project/OpensourceE-commercewebsite/vendor/laravel/framework/src/Illuminate/Http/Middleware/TrustProxies.php(58): Illuminate/Pipeline/Pipeline->{closure:{closure:Illuminate/Pipeline/Pipeline::carry():194}:195}(Object(Illuminate/Http/Request))
#42 C:/Minor Project/Minor-Project/OpensourceE-commercewebsite/vendor/laravel/framework/src/Illuminate/Pipeline/Pipeline.php(219): Illuminate/Http/Middleware/TrustProxies->handle(Object(Illuminate/Http/Request), Object(Closure))
#43 C:/Minor Project/Minor-Project/OpensourceE-commercewebsite/vendor/laravel/framework/src/Illuminate/Foundation/Http/Middleware/InvokeDeferredCallbacks.php(22): Illuminate/Pipeline/Pipeline->{closure:{closure:Illuminate/Pipeline/Pipeline::carry():194}:195}(Object(Illuminate/Http/Request))
#44 C:/Minor Project/Minor-Project/OpensourceE-commercewebsite/vendor/laravel/framework/src/Illuminate/Pipeline/Pipeline.php(219): Illuminate/Foundation/Http/Middleware/InvokeDeferredCallbacks->handle(Object(Illuminate/Http/Request), Object(Closure))
#45 C:/Minor Project/Minor-Project/OpensourceE-commercewebsite/vendor/laravel/framework/src/Illuminate/Http/Middleware/ValidatePathEncoding.php(28): Illuminate/Pipeline/Pipeline->{closure:{closure:Illuminate/Pipeline/Pipeline::carry():194}:195}(Object(Illuminate/Http/Request))
#46 C:/Minor Project/Minor-Project/OpensourceE-commercewebsite/vendor/laravel/framework/src/Illuminate/Pipeline/Pipeline.php(219): Illuminate/Http/Middleware/ValidatePathEncoding->handle(Object(Illuminate/Http/Request), Object(Closure))
#47 C:/Minor Project/Minor-Project/OpensourceE-commercewebsite/vendor/laravel/framework/src/Illuminate/Pipeline/Pipeline.php(137): Illuminate/Pipeline/Pipeline->{closure:{closure:Illuminate/Pipeline/Pipeline::carry():194}:195}(Object(Illuminate/Http/Request))
#48 C:/Minor Project/Minor-Project/OpensourceE-commercewebsite/vendor/laravel/framework/src/Illuminate/Foundation/Http/Kernel.php(175): Illuminate/Pipeline/Pipeline->then(Object(Closure))
#49 C:/Minor Project/Minor-Project/OpensourceE-commercewebsite/vendor/laravel/framework/src/Illuminate/Foundation/Http/Kernel.php(144): Illuminate/Foundation/Http/Kernel->sendRequestThroughRouter(Object(Illuminate/Http/Request))
#50 C:/Minor Project/Minor-Project/OpensourceE-commercewebsite/vendor/laravel/framework/src/Illuminate/Foundation/Application.php(1220): Illuminate/Foundation/Http/Kernel->handle(Object(Illuminate/Http/Request))
#51 C:/Minor Project/Minor-Project/OpensourceE-commercewebsite/public/index.php(20): Illuminate/Foundation/Application->handleRequest(Object(Illuminate/Http/Request))
#52 {main}
"} 
[2026-07-24 04:28:41] local.DEBUG: From: Laravel <hello@example.com>
To: vivek.ssoni2442@gmail.com
Subject: Password Reset OTP
MIME-Version: 1.0
Date: Fri, 24 Jul 2026 04:28:41 +0000
Message-ID: <9f7a9d942ee6d9420bb75281877506e5@example.com>
Content-Type: text/plain; charset=utf-8
Content-Transfer-Encoding: quoted-printable

Your password reset code is: 611775

It expires in 10 minutes.  
[2026-07-24 06:33:49] local.ERROR: SQLSTATE[HY000] [2002] No connection could be made because the target machine actively refused it (Connection: mysql, Host: 127.0.0.1, Port: 3306, Database: laravel, SQL: select * from `sessions` where `id` = M5nK6tQBNEm6ijeH8LzuJ4A9KDYPG4Ra8Yrk5lpb limit 1) {"exception":"[object] (Illuminate\\Database\\QueryException(code: 2002): SQLSTATE[HY000] [2002] No connection could be made because the target machine actively refused it (Connection: mysql, Host: 127.0.0.1, Port: 3306, Database: laravel, SQL: select * from `sessions` where `id` = M5nK6tQBNEm6ijeH8LzuJ4A9KDYPG4Ra8Yrk5lpb limit 1) at C:/Minor Project/Minor-Project/OpensourceE-commercewebsite/vendor/laravel/framework/src/Illuminate/Database/Connection.php:857)
[stacktrace]
#0 C:/Minor Project/Minor-Project/OpensourceE-commercewebsite/vendor/laravel/framework/src/Illuminate/Database/Connection.php(1037): Illuminate/Database/Connection->runQueryCallback('select * from `...', Array, Object(Closure))
#1 C:/Minor Project/Minor-Project/OpensourceE-commercewebsite/vendor/laravel/framework/src/Illuminate/Database/Connection.php(1016): Illuminate/Database/Connection->tryAgainIfCausedByLostConnection(Object(Illuminate/Database/QueryException), 'select * from `...', Array, Object(Closure))
#2 C:/Minor Project/Minor-Project/OpensourceE-commercewebsite/vendor/laravel/framework/src/Illuminate/Database/Connection.php(815): Illuminate/Database/Connection->handleQueryException(Object(Illuminate/Database/QueryException), 'select * from `...', Array, Object(Closure))
#3 C:/Minor Project/Minor-Project/OpensourceE-commercewebsite/vendor/laravel/framework/src/Illuminate/Database/Connection.php(426): Illuminate/Database/Connection->run('select * from `...', Array, Object(Closure))
#4 C:/Minor Project/Minor-Project/OpensourceE-commercewebsite/vendor/laravel/framework/src/Illuminate/Database/Query/Builder.php(3573): Illuminate/Database/Connection->select('select * from `...', Array, false, Array)
#5 C:/Minor Project/Minor-Project/OpensourceE-commercewebsite/vendor/laravel/framework/src/Illuminate/Database/Query/Builder.php(3557): Illuminate/Database/Query/Builder->runSelect()
#6 C:/Minor Project/Minor-Project/OpensourceE-commercewebsite/vendor/laravel/framework/src/Illuminate/Database/Concerns/BuildsQueries.php(366): Illuminate/Database/Query/Builder->get(Array)
#7 C:/Minor Project/Minor-Project/OpensourceE-commercewebsite/vendor/laravel/framework/src/Illuminate/Database/Query/Builder.php(3475): Illuminate/Database/Query/Builder->first(Array)
#8 C:/Minor Project/Minor-Project/OpensourceE-commercewebsite/vendor/laravel/framework/src/Illuminate/Session/DatabaseSessionHandler.php(96): Illuminate/Database/Query/Builder->find('M5nK6tQBNEm6ije...')
#9 C:/Minor Project/Minor-Project/OpensourceE-commercewebsite/vendor/laravel/framework/src/Illuminate/Session/Store.php(128): Illuminate/Session/DatabaseSessionHandler->read('M5nK6tQBNEm6ije...')
#10 C:/Minor Project/Minor-Project/OpensourceE-commercewebsite/vendor/laravel/framework/src/Illuminate/Session/Store.php(116): Illuminate/Session/Store->readFromHandler()
#11 C:/Minor Project/Minor-Project/OpensourceE-commercewebsite/vendor/laravel/framework/src/Illuminate/Session/Store.php(100): Illuminate/Session/Store->loadSession()
#12 C:/Minor Project/Minor-Project/OpensourceE-commercewebsite/vendor/laravel/framework/src/Illuminate/Session/Middleware/StartSession.php(146): Illuminate/Session/Store->start()
#13 C:/Minor Project/Minor-Project/OpensourceE-commercewebsite/vendor/laravel/framework/src/Illuminate/Support/helpers.php(393): Illuminate/Session/Middleware/StartSession->{closure:Illuminate/Session/Middleware/StartSession::startSession():143}(Object(Illuminate/Session/Store))
#14 C:/Minor Project/Minor-Project/OpensourceE-commercewebsite/vendor/laravel/framework/src/Illuminate/Session/Middleware/StartSession.php(143): tap(Object(Illuminate/Session/Store), Object(Closure))
#15 C:/Minor Project/Minor-Project/OpensourceE-commercewebsite/vendor/laravel/framework/src/Illuminate/Session/Middleware/StartSession.php(115): Illuminate/Session/Middleware/StartSession->startSession(Object(Illuminate/Http/Request), Object(Illuminate/Session/Store))
#16 C:/Minor Project/Minor-Project/OpensourceE-commercewebsite/vendor/laravel/framework/src/Illuminate/Session/Middleware/StartSession.php(63): Illuminate/Session/Middleware/StartSession->handleStatefulRequest(Object(Illuminate/Http/Request), Object(Illuminate/Session/Store), Object(Closure))
#17 C:/Minor Project/Minor-Project/OpensourceE-commercewebsite/vendor/laravel/framework/src/Illuminate/Pipeline/Pipeline.php(219): Illuminate/Session/Middleware/StartSession->handle(Object(Illuminate/Http/Request), Object(Closure))
#18 C:/Minor Project/Minor-Project/OpensourceE-commercewebsite/vendor/laravel/framework/src/Illuminate/Cookie/Middleware/AddQueuedCookiesToResponse.php(36): Illuminate/Pipeline/Pipeline->{closure:{closure:Illuminate/Pipeline/Pipeline::carry():194}:195}(Object(Illuminate/Http/Request))
#19 C:/Minor Project/Minor-Project/OpensourceE-commercewebsite/vendor/laravel/framework/src/Illuminate/Pipeline/Pipeline.php(219): Illuminate/Cookie/Middleware/AddQueuedCookiesToResponse->handle(Object(Illuminate/Http/Request), Object(Closure))
#20 C:/Minor Project/Minor-Project/OpensourceE-commercewebsite/vendor/laravel/framework/src/Illuminate/Cookie/Middleware/EncryptCookies.php(74): Illuminate/Pipeline/Pipeline->{closure:{closure:Illuminate/Pipeline/Pipeline::carry():194}:195}(Object(Illuminate/Http/Request))
#21 C:/Minor Project/Minor-Project/OpensourceE-commercewebsite/vendor/laravel/framework/src/Illuminate/Pipeline/Pipeline.php(219): Illuminate/Cookie/Middleware/EncryptCookies->handle(Object(Illuminate/Http/Request), Object(Closure))
#22 C:/Minor Project/Minor-Project/OpensourceE-commercewebsite/vendor/laravel/framework/src/Illuminate/Pipeline/Pipeline.php(137): Illuminate/Pipeline/Pipeline->{closure:{closure:Illuminate/Pipeline/Pipeline::carry():194}:195}(Object(Illuminate/Http/Request))
#23 C:/Minor Project/Minor-Project/OpensourceE-commercewebsite/vendor/laravel/framework/src/Illuminate/Routing/Router.php(821): Illuminate/Pipeline/Pipeline->then(Object(Closure))
#24 C:/Minor Project/Minor-Project/OpensourceE-commercewebsite/vendor/laravel/framework/src/Illuminate/Routing/Router.php(800): Illuminate/Routing/Router->runRouteWithinStack(Object(Illuminate/Routing/Route), Object(Illuminate/Http/Request))
#25 C:/Minor Project/Minor-Project/OpensourceE-commercewebsite/vendor/laravel/framework/src/Illuminate/Routing/Router.php(764): Illuminate/Routing/Router->runRoute(Object(Illuminate/Http/Request), Object(Illuminate/Routing/Route))
#26 C:/Minor Project/Minor-Project/OpensourceE-commercewebsite/vendor/laravel/framework/src/Illuminate/Routing/Router.php(753): Illuminate/Routing/Router->dispatchToRoute(Object(Illuminate/Http/Request))
#27 C:/Minor Project/Minor-Project/OpensourceE-commercewebsite/vendor/laravel/framework/src/Illuminate/Foundation/Http/Kernel.php(200): Illuminate/Routing/Router->dispatch(Object(Illuminate/Http/Request))
#28 C:/Minor Project/Minor-Project/OpensourceE-commercewebsite/vendor/laravel/framework/src/Illuminate/Pipeline/Pipeline.php(180): Illuminate/Foundation/Http/Kernel->{closure:Illuminate/Foundation/Http/Kernel::dispatchToRouter():197}(Object(Illuminate/Http/Request))
#29 C:/Minor Project/Minor-Project/OpensourceE-commercewebsite/vendor/laravel/framework/src/Illuminate/Foundation/Http/Middleware/TransformsRequest.php(21): Illuminate/Pipeline/Pipeline->{closure:Illuminate/Pipeline/Pipeline::prepareDestination():178}(Object(Illuminate/Http/Request))
#30 C:/Minor Project/Minor-Project/OpensourceE-commercewebsite/vendor/laravel/framework/src/Illuminate/Foundation/Http/Middleware/ConvertEmptyStringsToNull.php(31): Illuminate/Foundation/Http/Middleware/TransformsRequest->handle(Object(Illuminate/Http/Request), Object(Closure))
#31 C:/Minor Project/Minor-Project/OpensourceE-commercewebsite/vendor/laravel/framework/src/Illuminate/Pipeline/Pipeline.php(219): Illuminate/Foundation/Http/Middleware/ConvertEmptyStringsToNull->handle(Object(Illuminate/Http/Request), Object(Closure))
#32 C:/Minor Project/Minor-Project/OpensourceE-commercewebsite/vendor/laravel/framework/src/Illuminate/Foundation/Http/Middleware/TransformsRequest.php(21): Illuminate/Pipeline/Pipeline->{closure:{closure:Illuminate/Pipeline/Pipeline::carry():194}:195}(Object(Illuminate/Http/Request))
#33 C:/Minor Project/Minor-Project/OpensourceE-commercewebsite/vendor/laravel/framework/src/Illuminate/Foundation/Http/Middleware/TrimStrings.php(51): Illuminate/Foundation/Http/Middleware/TransformsRequest->handle(Object(Illuminate/Http/Request), Object(Closure))
#34 C:/Minor Project/Minor-Project/OpensourceE-commercewebsite/vendor/laravel/framework/src/Illuminate/Pipeline/Pipeline.php(219): Illuminate/Foundation/Http/Middleware/TrimStrings->handle(Object(Illuminate/Http/Request), Object(Closure))
#35 C:/Minor Project/Minor-Project/OpensourceE-commercewebsite/vendor/laravel/framework/src/Illuminate/Http/Middleware/ValidatePostSize.php(27): Illuminate/Pipeline/Pipeline->{closure:{closure:Illuminate/Pipeline/Pipeline::carry():194}:195}(Object(Illuminate/Http/Request))
#36 C:/Minor Project/Minor-Project/OpensourceE-commercewebsite/vendor/laravel/framework/src/Illuminate/Pipeline/Pipeline.php(219): Illuminate/Http/Middleware/ValidatePostSize->handle(Object(Illuminate/Http/Request), Object(Closure))
#37 C:/Minor Project/Minor-Project/OpensourceE-commercewebsite/vendor/laravel/framework/src/Illuminate/Foundation/Http/Middleware/PreventRequestsDuringMaintenance.php(109): Illuminate/Pipeline/Pipeline->{closure:{closure:Illuminate/Pipeline/Pipeline::carry():194}:195}(Object(Illuminate/Http/Request))
#38 C:/Minor Project/Minor-Project/OpensourceE-commercewebsite/vendor/laravel/framework/src/Illuminate/Pipeline/Pipeline.php(219): Illuminate/Foundation/Http/Middleware/PreventRequestsDuringMaintenance->handle(Object(Illuminate/Http/Request), Object(Closure))
#39 C:/Minor Project/Minor-Project/OpensourceE-commercewebsite/vendor/laravel/framework/src/Illuminate/Http/Middleware/HandleCors.php(61): Illuminate/Pipeline/Pipeline->{closure:{closure:Illuminate/Pipeline/Pipeline::carry():194}:195}(Object(Illuminate/Http/Request))
#40 C:/Minor Project/Minor-Project/OpensourceE-commercewebsite/vendor/laravel/framework/src/Illuminate/Pipeline/Pipeline.php(219): Illuminate/Http/Middleware/HandleCors->handle(Object(Illuminate/Http/Request), Object(Closure))
#41 C:/Minor Project/Minor-Project/OpensourceE-commercewebsite/vendor/laravel/framework/src/Illuminate/Http/Middleware/TrustProxies.php(58): Illuminate/Pipeline/Pipeline->{closure:{closure:Illuminate/Pipeline/Pipeline::carry():194}:195}(Object(Illuminate/Http/Request))
#42 C:/Minor Project/Minor-Project/OpensourceE-commercewebsite/vendor/laravel/framework/src/Illuminate/Pipeline/Pipeline.php(219): Illuminate/Http/Middleware/TrustProxies->handle(Object(Illuminate/Http/Request), Object(Closure))
#43 C:/Minor Project/Minor-Project/OpensourceE-commercewebsite/vendor/laravel/framework/src/Illuminate/Foundation/Http/Middleware/InvokeDeferredCallbacks.php(22): Illuminate/Pipeline/Pipeline->{closure:{closure:Illuminate/Pipeline/Pipeline::carry():194}:195}(Object(Illuminate/Http/Request))
#44 C:/Minor Project/Minor-Project/OpensourceE-commercewebsite/vendor/laravel/framework/src/Illuminate/Pipeline/Pipeline.php(219): Illuminate/Foundation/Http/Middleware/InvokeDeferredCallbacks->handle(Object(Illuminate/Http/Request), Object(Closure))
#45 C:/Minor Project/Minor-Project/OpensourceE-commercewebsite/vendor/laravel/framework/src/Illuminate/Http/Middleware/ValidatePathEncoding.php(28): Illuminate/Pipeline/Pipeline->{closure:{closure:Illuminate/Pipeline/Pipeline::carry():194}:195}(Object(Illuminate/Http/Request))
#46 C:/Minor Project/Minor-Project/OpensourceE-commercewebsite/vendor/laravel/framework/src/Illuminate/Pipeline/Pipeline.php(219): Illuminate/Http/Middleware/ValidatePathEncoding->handle(Object(Illuminate/Http/Request), Object(Closure))
#47 C:/Minor Project/Minor-Project/OpensourceE-commercewebsite/vendor/laravel/framework/src/Illuminate/Pipeline/Pipeline.php(137): Illuminate/Pipeline/Pipeline->{closure:{closure:Illuminate/Pipeline/Pipeline::carry():194}:195}(Object(Illuminate/Http/Request))
#48 C:/Minor Project/Minor-Project/OpensourceE-commercewebsite/vendor/laravel/framework/src/Illuminate/Foundation/Http/Kernel.php(175): Illuminate/Pipeline/Pipeline->then(Object(Closure))
#49 C:/Minor Project/Minor-Project/OpensourceE-commercewebsite/vendor/laravel/framework/src/Illuminate/Foundation/Http/Kernel.php(144): Illuminate/Foundation/Http/Kernel->sendRequestThroughRouter(Object(Illuminate/Http/Request))
#50 C:/Minor Project/Minor-Project/OpensourceE-commercewebsite/vendor/laravel/framework/src/Illuminate/Foundation/Application.php(1220): Illuminate/Foundation/Http/Kernel->handle(Object(Illuminate/Http/Request))
#51 C:/Minor Project/Minor-Project/OpensourceE-commercewebsite/public/index.php(20): Illuminate/Foundation/Application->handleRequest(Object(Illuminate/Http/Request))
#52 {main}

[previous exception] [object] (PDOException(code: 2002): SQLSTATE[HY000] [2002] No connection could be made because the target machine actively refused it at C:/Minor Project/Minor-Project/OpensourceE-commercewebsite/vendor/laravel/framework/src/Illuminate/Database/Connectors/Connector.php:67)
[stacktrace]
#0 C:/Minor Project/Minor-Project/OpensourceE-commercewebsite/vendor/laravel/framework/src/Illuminate/Database/Connectors/Connector.php(67): PDO::connect('mysql:host=127....', 'root', Object(SensitiveParameterValue), Array)
#1 C:/Minor Project/Minor-Project/OpensourceE-commercewebsite/vendor/laravel/framework/src/Illuminate/Database/Connectors/Connector.php(85): Illuminate/Database/Connectors/Connector->createPdoConnection('mysql:host=127....', 'root', Object(SensitiveParameterValue), Array)
#2 C:/Minor Project/Minor-Project/OpensourceE-commercewebsite/vendor/laravel/framework/src/Illuminate/Database/Connectors/Connector.php(48): Illuminate/Database/Connectors/Connector->tryAgainIfCausedByLostConnection(Object(PDOException), 'mysql:host=127....', 'root', Object(SensitiveParameterValue), Array)
#3 C:/Minor Project/Minor-Project/OpensourceE-commercewebsite/vendor/laravel/framework/src/Illuminate/Database/Connectors/MySqlConnector.php(24): Illuminate/Database/Connectors/Connector->createConnection('mysql:host=127....', Array, Array)
#4 C:/Minor Project/Minor-Project/OpensourceE-commercewebsite/vendor/laravel/framework/src/Illuminate/Database/Connectors/ConnectionFactory.php(220): Illuminate/Database/Connectors/MySqlConnector->connect(Array)
#5 [internal function]: Illuminate/Database/Connectors/ConnectionFactory->{closure:Illuminate/Database/Connectors/ConnectionFactory::createPdoResolverWithHosts():213}()
#6 C:/Minor Project/Minor-Project/OpensourceE-commercewebsite/vendor/laravel/framework/src/Illuminate/Database/Connection.php(1297): call_user_func(Object(Closure))
#7 C:/Minor Project/Minor-Project/OpensourceE-commercewebsite/vendor/laravel/framework/src/Illuminate/Database/Connection.php(542): Illuminate/Database/Connection->getPdo()
#8 C:/Minor Project/Minor-Project/OpensourceE-commercewebsite/vendor/laravel/framework/src/Illuminate/Database/Connection.php(435): Illuminate/Database/Connection->getPdoForSelect(false)
#9 C:/Minor Project/Minor-Project/OpensourceE-commercewebsite/vendor/laravel/framework/src/Illuminate/Database/Connection.php(846): Illuminate/Database/Connection->{closure:Illuminate/Database/Connection::select():426}('select * from `...', Array)
#10 C:/Minor Project/Minor-Project/OpensourceE-commercewebsite/vendor/laravel/framework/src/Illuminate/Database/Connection.php(1037): Illuminate/Database/Connection->runQueryCallback('select * from `...', Array, Object(Closure))
#11 C:/Minor Project/Minor-Project/OpensourceE-commercewebsite/vendor/laravel/framework/src/Illuminate/Database/Connection.php(1016): Illuminate/Database/Connection->tryAgainIfCausedByLostConnection(Object(Illuminate/Database/QueryException), 'select * from `...', Array, Object(Closure))
#12 C:/Minor Project/Minor-Project/OpensourceE-commercewebsite/vendor/laravel/framework/src/Illuminate/Database/Connection.php(815): Illuminate/Database/Connection->handleQueryException(Object(Illuminate/Database/QueryException), 'select * from `...', Array, Object(Closure))
#13 C:/Minor Project/Minor-Project/OpensourceE-commercewebsite/vendor/laravel/framework/src/Illuminate/Database/Connection.php(426): Illuminate/Database/Connection->run('select * from `...', Array, Object(Closure))
#14 C:/Minor Project/Minor-Project/OpensourceE-commercewebsite/vendor/laravel/framework/src/Illuminate/Database/Query/Builder.php(3573): Illuminate/Database/Connection->select('select * from `...', Array, false, Array)
#15 C:/Minor Project/Minor-Project/OpensourceE-commercewebsite/vendor/laravel/framework/src/Illuminate/Database/Query/Builder.php(3557): Illuminate/Database/Query/Builder->runSelect()
#16 C:/Minor Project/Minor-Project/OpensourceE-commercewebsite/vendor/laravel/framework/src/Illuminate/Database/Concerns/BuildsQueries.php(366): Illuminate/Database/Query/Builder->get(Array)
#17 C:/Minor Project/Minor-Project/OpensourceE-commercewebsite/vendor/laravel/framework/src/Illuminate/Database/Query/Builder.php(3475): Illuminate/Database/Query/Builder->first(Array)
#18 C:/Minor Project/Minor-Project/OpensourceE-commercewebsite/vendor/laravel/framework/src/Illuminate/Session/DatabaseSessionHandler.php(96): Illuminate/Database/Query/Builder->find('M5nK6tQBNEm6ije...')
#19 C:/Minor Project/Minor-Project/OpensourceE-commercewebsite/vendor/laravel/framework/src/Illuminate/Session/Store.php(128): Illuminate/Session/DatabaseSessionHandler->read('M5nK6tQBNEm6ije...')
#20 C:/Minor Project/Minor-Project/OpensourceE-commercewebsite/vendor/laravel/framework/src/Illuminate/Session/Store.php(116): Illuminate/Session/Store->readFromHandler()
#21 C:/Minor Project/Minor-Project/OpensourceE-commercewebsite/vendor/laravel/framework/src/Illuminate/Session/Store.php(100): Illuminate/Session/Store->loadSession()
#22 C:/Minor Project/Minor-Project/OpensourceE-commercewebsite/vendor/laravel/framework/src/Illuminate/Session/Middleware/StartSession.php(146): Illuminate/Session/Store->start()
#23 C:/Minor Project/Minor-Project/OpensourceE-commercewebsite/vendor/laravel/framework/src/Illuminate/Support/helpers.php(393): Illuminate/Session/Middleware/StartSession->{closure:Illuminate/Session/Middleware/StartSession::startSession():143}(Object(Illuminate/Session/Store))
#24 C:/Minor Project/Minor-Project/OpensourceE-commercewebsite/vendor/laravel/framework/src/Illuminate/Session/Middleware/StartSession.php(143): tap(Object(Illuminate/Session/Store), Object(Closure))
#25 C:/Minor Project/Minor-Project/OpensourceE-commercewebsite/vendor/laravel/framework/src/Illuminate/Session/Middleware/StartSession.php(115): Illuminate/Session/Middleware/StartSession->startSession(Object(Illuminate/Http/Request), Object(Illuminate/Session/Store))
#26 C:/Minor Project/Minor-Project/OpensourceE-commercewebsite/vendor/laravel/framework/src/Illuminate/Session/Middleware/StartSession.php(63): Illuminate/Session/Middleware/StartSession->handleStatefulRequest(Object(Illuminate/Http/Request), Object(Illuminate/Session/Store), Object(Closure))
#27 C:/Minor Project/Minor-Project/OpensourceE-commercewebsite/vendor/laravel/framework/src/Illuminate/Pipeline/Pipeline.php(219): Illuminate/Session/Middleware/StartSession->handle(Object(Illuminate/Http/Request), Object(Closure))
#28 C:/Minor Project/Minor-Project/OpensourceE-commercewebsite/vendor/laravel/framework/src/Illuminate/Cookie/Middleware/AddQueuedCookiesToResponse.php(36): Illuminate/Pipeline/Pipeline->{closure:{closure:Illuminate/Pipeline/Pipeline::carry():194}:195}(Object(Illuminate/Http/Request))
#29 C:/Minor Project/Minor-Project/OpensourceE-commercewebsite/vendor/laravel/framework/src/Illuminate/Pipeline/Pipeline.php(219): Illuminate/Cookie/Middleware/AddQueuedCookiesToResponse->handle(Object(Illuminate/Http/Request), Object(Closure))
#30 C:/Minor Project/Minor-Project/OpensourceE-commercewebsite/vendor/laravel/framework/src/Illuminate/Cookie/Middleware/EncryptCookies.php(74): Illuminate/Pipeline/Pipeline->{closure:{closure:Illuminate/Pipeline/Pipeline::carry():194}:195}(Object(Illuminate/Http/Request))
#31 C:/Minor Project/Minor-Project/OpensourceE-commercewebsite/vendor/laravel/framework/src/Illuminate/Pipeline/Pipeline.php(219): Illuminate/Cookie/Middleware/EncryptCookies->handle(Object(Illuminate/Http/Request), Object(Closure))
#32 C:/Minor Project/Minor-Project/OpensourceE-commercewebsite/vendor/laravel/framework/src/Illuminate/Pipeline/Pipeline.php(137): Illuminate/Pipeline/Pipeline->{closure:{closure:Illuminate/Pipeline/Pipeline::carry():194}:195}(Object(Illuminate/Http/Request))
#33 C:/Minor Project/Minor-Project/OpensourceE-commercewebsite/vendor/laravel/framework/src/Illuminate/Routing/Router.php(821): Illuminate/Pipeline/Pipeline->then(Object(Closure))
#34 C:/Minor Project/Minor-Project/OpensourceE-commercewebsite/vendor/laravel/framework/src/Illuminate/Routing/Router.php(800): Illuminate/Routing/Router->runRouteWithinStack(Object(Illuminate/Routing/Route), Object(Illuminate/Http/Request))
#35 C:/Minor Project/Minor-Project/OpensourceE-commercewebsite/vendor/laravel/framework/src/Illuminate/Routing/Router.php(764): Illuminate/Routing/Router->runRoute(Object(Illuminate/Http/Request), Object(Illuminate/Routing/Route))
#36 C:/Minor Project/Minor-Project/OpensourceE-commercewebsite/vendor/laravel/framework/src/Illuminate/Routing/Router.php(753): Illuminate/Routing/Router->dispatchToRoute(Object(Illuminate/Http/Request))
#37 C:/Minor Project/Minor-Project/OpensourceE-commercewebsite/vendor/laravel/framework/src/Illuminate/Foundation/Http/Kernel.php(200): Illuminate/Routing/Router->dispatch(Object(Illuminate/Http/Request))
#38 C:/Minor Project/Minor-Project/OpensourceE-commercewebsite/vendor/laravel/framework/src/Illuminate/Pipeline/Pipeline.php(180): Illuminate/Foundation/Http/Kernel->{closure:Illuminate/Foundation/Http/Kernel::dispatchToRouter():197}(Object(Illuminate/Http/Request))
#39 C:/Minor Project/Minor-Project/OpensourceE-commercewebsite/vendor/laravel/framework/src/Illuminate/Foundation/Http/Middleware/TransformsRequest.php(21): Illuminate/Pipeline/Pipeline->{closure:Illuminate/Pipeline/Pipeline::prepareDestination():178}(Object(Illuminate/Http/Request))
#40 C:/Minor Project/Minor-Project/OpensourceE-commercewebsite/vendor/laravel/framework/src/Illuminate/Foundation/Http/Middleware/ConvertEmptyStringsToNull.php(31): Illuminate/Foundation/Http/Middleware/TransformsRequest->handle(Object(Illuminate/Http/Request), Object(Closure))
#41 C:/Minor Project/Minor-Project/OpensourceE-commercewebsite/vendor/laravel/framework/src/Illuminate/Pipeline/Pipeline.php(219): Illuminate/Foundation/Http/Middleware/ConvertEmptyStringsToNull->handle(Object(Illuminate/Http/Request), Object(Closure))
#42 C:/Minor Project/Minor-Project/OpensourceE-commercewebsite/vendor/laravel/framework/src/Illuminate/Foundation/Http/Middleware/TransformsRequest.php(21): Illuminate/Pipeline/Pipeline->{closure:{closure:Illuminate/Pipeline/Pipeline::carry():194}:195}(Object(Illuminate/Http/Request))
#43 C:/Minor Project/Minor-Project/OpensourceE-commercewebsite/vendor/laravel/framework/src/Illuminate/Foundation/Http/Middleware/TrimStrings.php(51): Illuminate/Foundation/Http/Middleware/TransformsRequest->handle(Object(Illuminate/Http/Request), Object(Closure))
#44 C:/Minor Project/Minor-Project/OpensourceE-commercewebsite/vendor/laravel/framework/src/Illuminate/Pipeline/Pipeline.php(219): Illuminate/Foundation/Http/Middleware/TrimStrings->handle(Object(Illuminate/Http/Request), Object(Closure))
#45 C:/Minor Project/Minor-Project/OpensourceE-commercewebsite/vendor/laravel/framework/src/Illuminate/Http/Middleware/ValidatePostSize.php(27): Illuminate/Pipeline/Pipeline->{closure:{closure:Illuminate/Pipeline/Pipeline::carry():194}:195}(Object(Illuminate/Http/Request))
#46 C:/Minor Project/Minor-Project/OpensourceE-commercewebsite/vendor/laravel/framework/src/Illuminate/Pipeline/Pipeline.php(219): Illuminate/Http/Middleware/ValidatePostSize->handle(Object(Illuminate/Http/Request), Object(Closure))
#47 C:/Minor Project/Minor-Project/OpensourceE-commercewebsite/vendor/laravel/framework/src/Illuminate/Foundation/Http/Middleware/PreventRequestsDuringMaintenance.php(109): Illuminate/Pipeline/Pipeline->{closure:{closure:Illuminate/Pipeline/Pipeline::carry():194}:195}(Object(Illuminate/Http/Request))
#48 C:/Minor Project/Minor-Project/OpensourceE-commercewebsite/vendor/laravel/framework/src/Illuminate/Pipeline/Pipeline.php(219): Illuminate/Foundation/Http/Middleware/PreventRequestsDuringMaintenance->handle(Object(Illuminate/Http/Request), Object(Closure))
#49 C:/Minor Project/Minor-Project/OpensourceE-commercewebsite/vendor/laravel/framework/src/Illuminate/Http/Middleware/HandleCors.php(61): Illuminate/Pipeline/Pipeline->{closure:{closure:Illuminate/Pipeline/Pipeline::carry():194}:195}(Object(Illuminate/Http/Request))
#50 C:/Minor Project/Minor-Project/OpensourceE-commercewebsite/vendor/laravel/framework/src/Illuminate/Pipeline/Pipeline.php(219): Illuminate/Http/Middleware/HandleCors->handle(Object(Illuminate/Http/Request), Object(Closure))
#51 C:/Minor Project/Minor-Project/OpensourceE-commercewebsite/vendor/laravel/framework/src/Illuminate/Http/Middleware/TrustProxies.php(58): Illuminate/Pipeline/Pipeline->{closure:{closure:Illuminate/Pipeline/Pipeline::carry():194}:195}(Object(Illuminate/Http/Request))
#52 C:/Minor Project/Minor-Project/OpensourceE-commercewebsite/vendor/laravel/framework/src/Illuminate/Pipeline/Pipeline.php(219): Illuminate/Http/Middleware/TrustProxies->handle(Object(Illuminate/Http/Request), Object(Closure))
#53 C:/Minor Project/Minor-Project/OpensourceE-commercewebsite/vendor/laravel/framework/src/Illuminate/Foundation/Http/Middleware/InvokeDeferredCallbacks.php(22): Illuminate/Pipeline/Pipeline->{closure:{closure:Illuminate/Pipeline/Pipeline::carry():194}:195}(Object(Illuminate/Http/Request))
#54 C:/Minor Project/Minor-Project/OpensourceE-commercewebsite/vendor/laravel/framework/src/Illuminate/Pipeline/Pipeline.php(219): Illuminate/Foundation/Http/Middleware/InvokeDeferredCallbacks->handle(Object(Illuminate/Http/Request), Object(Closure))
#55 C:/Minor Project/Minor-Project/OpensourceE-commercewebsite/vendor/laravel/framework/src/Illuminate/Http/Middleware/ValidatePathEncoding.php(28): Illuminate/Pipeline/Pipeline->{closure:{closure:Illuminate/Pipeline/Pipeline::carry():194}:195}(Object(Illuminate/Http/Request))
#56 C:/Minor Project/Minor-Project/OpensourceE-commercewebsite/vendor/laravel/framework/src/Illuminate/Pipeline/Pipeline.php(219): Illuminate/Http/Middleware/ValidatePathEncoding->handle(Object(Illuminate/Http/Request), Object(Closure))
#57 C:/Minor Project/Minor-Project/OpensourceE-commercewebsite/vendor/laravel/framework/src/Illuminate/Pipeline/Pipeline.php(137): Illuminate/Pipeline/Pipeline->{closure:{closure:Illuminate/Pipeline/Pipeline::carry():194}:195}(Object(Illuminate/Http/Request))
#58 C:/Minor Project/Minor-Project/OpensourceE-commercewebsite/vendor/laravel/framework/src/Illuminate/Foundation/Http/Kernel.php(175): Illuminate/Pipeline/Pipeline->then(Object(Closure))
#59 C:/Minor Project/Minor-Project/OpensourceE-commercewebsite/vendor/laravel/framework/src/Illuminate/Foundation/Http/Kernel.php(144): Illuminate/Foundation/Http/Kernel->sendRequestThroughRouter(Object(Illuminate/Http/Request))
#60 C:/Minor Project/Minor-Project/OpensourceE-commercewebsite/vendor/laravel/framework/src/Illuminate/Foundation/Application.php(1220): Illuminate/Foundation/Http/Kernel->handle(Object(Illuminate/Http/Request))
#61 C:/Minor Project/Minor-Project/OpensourceE-commercewebsite/public/index.php(20): Illuminate/Foundation/Application->handleRequest(Object(Illuminate/Http/Request))
#62 {main}
"} 
[2026-07-24 06:34:11] local.ERROR: SQLSTATE[HY000] [2002] No connection could be made because the target machine actively refused it (Connection: mysql, Host: 127.0.0.1, Port: 3306, Database: laravel, SQL: select * from `sessions` where `id` = M5nK6tQBNEm6ijeH8LzuJ4A9KDYPG4Ra8Yrk5lpb limit 1) {"exception":"[object] (Illuminate\\Database\\QueryException(code: 2002): SQLSTATE[HY000] [2002] No connection could be made because the target machine actively refused it (Connection: mysql, Host: 127.0.0.1, Port: 3306, Database: laravel, SQL: select * from `sessions` where `id` = M5nK6tQBNEm6ijeH8LzuJ4A9KDYPG4Ra8Yrk5lpb limit 1) at C:/Minor Project/Minor-Project/OpensourceE-commercewebsite/vendor/laravel/framework/src/Illuminate/Database/Connection.php:857)
[stacktrace]
#0 C:/Minor Project/Minor-Project/OpensourceE-commercewebsite/vendor/laravel/framework/src/Illuminate/Database/Connection.php(1037): Illuminate/Database/Connection->runQueryCallback('select * from `...', Array, Object(Closure))
#1 C:/Minor Project/Minor-Project/OpensourceE-commercewebsite/vendor/laravel/framework/src/Illuminate/Database/Connection.php(1016): Illuminate/Database/Connection->tryAgainIfCausedByLostConnection(Object(Illuminate/Database/QueryException), 'select * from `...', Array, Object(Closure))
#2 C:/Minor Project/Minor-Project/OpensourceE-commercewebsite/vendor/laravel/framework/src/Illuminate/Database/Connection.php(815): Illuminate/Database/Connection->handleQueryException(Object(Illuminate/Database/QueryException), 'select * from `...', Array, Object(Closure))
#3 C:/Minor Project/Minor-Project/OpensourceE-commercewebsite/vendor/laravel/framework/src/Illuminate/Database/Connection.php(426): Illuminate/Database/Connection->run('select * from `...', Array, Object(Closure))
#4 C:/Minor Project/Minor-Project/OpensourceE-commercewebsite/vendor/laravel/framework/src/Illuminate/Database/Query/Builder.php(3573): Illuminate/Database/Connection->select('select * from `...', Array, false, Array)
#5 C:/Minor Project/Minor-Project/OpensourceE-commercewebsite/vendor/laravel/framework/src/Illuminate/Database/Query/Builder.php(3557): Illuminate/Database/Query/Builder->runSelect()
#6 C:/Minor Project/Minor-Project/OpensourceE-commercewebsite/vendor/laravel/framework/src/Illuminate/Database/Concerns/BuildsQueries.php(366): Illuminate/Database/Query/Builder->get(Array)
#7 C:/Minor Project/Minor-Project/OpensourceE-commercewebsite/vendor/laravel/framework/src/Illuminate/Database/Query/Builder.php(3475): Illuminate/Database/Query/Builder->first(Array)
#8 C:/Minor Project/Minor-Project/OpensourceE-commercewebsite/vendor/laravel/framework/src/Illuminate/Session/DatabaseSessionHandler.php(96): Illuminate/Database/Query/Builder->find('M5nK6tQBNEm6ije...')
#9 C:/Minor Project/Minor-Project/OpensourceE-commercewebsite/vendor/laravel/framework/src/Illuminate/Session/Store.php(128): Illuminate/Session/DatabaseSessionHandler->read('M5nK6tQBNEm6ije...')
#10 C:/Minor Project/Minor-Project/OpensourceE-commercewebsite/vendor/laravel/framework/src/Illuminate/Session/Store.php(116): Illuminate/Session/Store->readFromHandler()
#11 C:/Minor Project/Minor-Project/OpensourceE-commercewebsite/vendor/laravel/framework/src/Illuminate/Session/Store.php(100): Illuminate/Session/Store->loadSession()
#12 C:/Minor Project/Minor-Project/OpensourceE-commercewebsite/vendor/laravel/framework/src/Illuminate/Session/Middleware/StartSession.php(146): Illuminate/Session/Store->start()
#13 C:/Minor Project/Minor-Project/OpensourceE-commercewebsite/vendor/laravel/framework/src/Illuminate/Support/helpers.php(393): Illuminate/Session/Middleware/StartSession->{closure:Illuminate/Session/Middleware/StartSession::startSession():143}(Object(Illuminate/Session/Store))
#14 C:/Minor Project/Minor-Project/OpensourceE-commercewebsite/vendor/laravel/framework/src/Illuminate/Session/Middleware/StartSession.php(143): tap(Object(Illuminate/Session/Store), Object(Closure))
#15 C:/Minor Project/Minor-Project/OpensourceE-commercewebsite/vendor/laravel/framework/src/Illuminate/Session/Middleware/StartSession.php(115): Illuminate/Session/Middleware/StartSession->startSession(Object(Illuminate/Http/Request), Object(Illuminate/Session/Store))
#16 C:/Minor Project/Minor-Project/OpensourceE-commercewebsite/vendor/laravel/framework/src/Illuminate/Session/Middleware/StartSession.php(63): Illuminate/Session/Middleware/StartSession->handleStatefulRequest(Object(Illuminate/Http/Request), Object(Illuminate/Session/Store), Object(Closure))
#17 C:/Minor Project/Minor-Project/OpensourceE-commercewebsite/vendor/laravel/framework/src/Illuminate/Pipeline/Pipeline.php(219): Illuminate/Session/Middleware/StartSession->handle(Object(Illuminate/Http/Request), Object(Closure))
#18 C:/Minor Project/Minor-Project/OpensourceE-commercewebsite/vendor/laravel/framework/src/Illuminate/Cookie/Middleware/AddQueuedCookiesToResponse.php(36): Illuminate/Pipeline/Pipeline->{closure:{closure:Illuminate/Pipeline/Pipeline::carry():194}:195}(Object(Illuminate/Http/Request))
#19 C:/Minor Project/Minor-Project/OpensourceE-commercewebsite/vendor/laravel/framework/src/Illuminate/Pipeline/Pipeline.php(219): Illuminate/Cookie/Middleware/AddQueuedCookiesToResponse->handle(Object(Illuminate/Http/Request), Object(Closure))
#20 C:/Minor Project/Minor-Project/OpensourceE-commercewebsite/vendor/laravel/framework/src/Illuminate/Cookie/Middleware/EncryptCookies.php(74): Illuminate/Pipeline/Pipeline->{closure:{closure:Illuminate/Pipeline/Pipeline::carry():194}:195}(Object(Illuminate/Http/Request))
#21 C:/Minor Project/Minor-Project/OpensourceE-commercewebsite/vendor/laravel/framework/src/Illuminate/Pipeline/Pipeline.php(219): Illuminate/Cookie/Middleware/EncryptCookies->handle(Object(Illuminate/Http/Request), Object(Closure))
#22 C:/Minor Project/Minor-Project/OpensourceE-commercewebsite/vendor/laravel/framework/src/Illuminate/Pipeline/Pipeline.php(137): Illuminate/Pipeline/Pipeline->{closure:{closure:Illuminate/Pipeline/Pipeline::carry():194}:195}(Object(Illuminate/Http/Request))
#23 C:/Minor Project/Minor-Project/OpensourceE-commercewebsite/vendor/laravel/framework/src/Illuminate/Routing/Router.php(821): Illuminate/Pipeline/Pipeline->then(Object(Closure))
#24 C:/Minor Project/Minor-Project/OpensourceE-commercewebsite/vendor/laravel/framework/src/Illuminate/Routing/Router.php(800): Illuminate/Routing/Router->runRouteWithinStack(Object(Illuminate/Routing/Route), Object(Illuminate/Http/Request))
#25 C:/Minor Project/Minor-Project/OpensourceE-commercewebsite/vendor/laravel/framework/src/Illuminate/Routing/Router.php(764): Illuminate/Routing/Router->runRoute(Object(Illuminate/Http/Request), Object(Illuminate/Routing/Route))
#26 C:/Minor Project/Minor-Project/OpensourceE-commercewebsite/vendor/laravel/framework/src/Illuminate/Routing/Router.php(753): Illuminate/Routing/Router->dispatchToRoute(Object(Illuminate/Http/Request))
#27 C:/Minor Project/Minor-Project/OpensourceE-commercewebsite/vendor/laravel/framework/src/Illuminate/Foundation/Http/Kernel.php(200): Illuminate/Routing/Router->dispatch(Object(Illuminate/Http/Request))
#28 C:/Minor Project/Minor-Project/OpensourceE-commercewebsite/vendor/laravel/framework/src/Illuminate/Pipeline/Pipeline.php(180): Illuminate/Foundation/Http/Kernel->{closure:Illuminate/Foundation/Http/Kernel::dispatchToRouter():197}(Object(Illuminate/Http/Request))
#29 C:/Minor Project/Minor-Project/OpensourceE-commercewebsite/vendor/laravel/framework/src/Illuminate/Foundation/Http/Middleware/TransformsRequest.php(21): Illuminate/Pipeline/Pipeline->{closure:Illuminate/Pipeline/Pipeline::prepareDestination():178}(Object(Illuminate/Http/Request))
#30 C:/Minor Project/Minor-Project/OpensourceE-commercewebsite/vendor/laravel/framework/src/Illuminate/Foundation/Http/Middleware/ConvertEmptyStringsToNull.php(31): Illuminate/Foundation/Http/Middleware/TransformsRequest->handle(Object(Illuminate/Http/Request), Object(Closure))
#31 C:/Minor Project/Minor-Project/OpensourceE-commercewebsite/vendor/laravel/framework/src/Illuminate/Pipeline/Pipeline.php(219): Illuminate/Foundation/Http/Middleware/ConvertEmptyStringsToNull->handle(Object(Illuminate/Http/Request), Object(Closure))
#32 C:/Minor Project/Minor-Project/OpensourceE-commercewebsite/vendor/laravel/framework/src/Illuminate/Foundation/Http/Middleware/TransformsRequest.php(21): Illuminate/Pipeline/Pipeline->{closure:{closure:Illuminate/Pipeline/Pipeline::carry():194}:195}(Object(Illuminate/Http/Request))
#33 C:/Minor Project/Minor-Project/OpensourceE-commercewebsite/vendor/laravel/framework/src/Illuminate/Foundation/Http/Middleware/TrimStrings.php(51): Illuminate/Foundation/Http/Middleware/TransformsRequest->handle(Object(Illuminate/Http/Request), Object(Closure))
#34 C:/Minor Project/Minor-Project/OpensourceE-commercewebsite/vendor/laravel/framework/src/Illuminate/Pipeline/Pipeline.php(219): Illuminate/Foundation/Http/Middleware/TrimStrings->handle(Object(Illuminate/Http/Request), Object(Closure))
#35 C:/Minor Project/Minor-Project/OpensourceE-commercewebsite/vendor/laravel/framework/src/Illuminate/Http/Middleware/ValidatePostSize.php(27): Illuminate/Pipeline/Pipeline->{closure:{closure:Illuminate/Pipeline/Pipeline::carry():194}:195}(Object(Illuminate/Http/Request))
#36 C:/Minor Project/Minor-Project/OpensourceE-commercewebsite/vendor/laravel/framework/src/Illuminate/Pipeline/Pipeline.php(219): Illuminate/Http/Middleware/ValidatePostSize->handle(Object(Illuminate/Http/Request), Object(Closure))
#37 C:/Minor Project/Minor-Project/OpensourceE-commercewebsite/vendor/laravel/framework/src/Illuminate/Foundation/Http/Middleware/PreventRequestsDuringMaintenance.php(109): Illuminate/Pipeline/Pipeline->{closure:{closure:Illuminate/Pipeline/Pipeline::carry():194}:195}(Object(Illuminate/Http/Request))
#38 C:/Minor Project/Minor-Project/OpensourceE-commercewebsite/vendor/laravel/framework/src/Illuminate/Pipeline/Pipeline.php(219): Illuminate/Foundation/Http/Middleware/PreventRequestsDuringMaintenance->handle(Object(Illuminate/Http/Request), Object(Closure))
#39 C:/Minor Project/Minor-Project/OpensourceE-commercewebsite/vendor/laravel/framework/src/Illuminate/Http/Middleware/HandleCors.php(61): Illuminate/Pipeline/Pipeline->{closure:{closure:Illuminate/Pipeline/Pipeline::carry():194}:195}(Object(Illuminate/Http/Request))
#40 C:/Minor Project/Minor-Project/OpensourceE-commercewebsite/vendor/laravel/framework/src/Illuminate/Pipeline/Pipeline.php(219): Illuminate/Http/Middleware/HandleCors->handle(Object(Illuminate/Http/Request), Object(Closure))
#41 C:/Minor Project/Minor-Project/OpensourceE-commercewebsite/vendor/laravel/framework/src/Illuminate/Http/Middleware/TrustProxies.php(58): Illuminate/Pipeline/Pipeline->{closure:{closure:Illuminate/Pipeline/Pipeline::carry():194}:195}(Object(Illuminate/Http/Request))
#42 C:/Minor Project/Minor-Project/OpensourceE-commercewebsite/vendor/laravel/framework/src/Illuminate/Pipeline/Pipeline.php(219): Illuminate/Http/Middleware/TrustProxies->handle(Object(Illuminate/Http/Request), Object(Closure))
#43 C:/Minor Project/Minor-Project/OpensourceE-commercewebsite/vendor/laravel/framework/src/Illuminate/Foundation/Http/Middleware/InvokeDeferredCallbacks.php(22): Illuminate/Pipeline/Pipeline->{closure:{closure:Illuminate/Pipeline/Pipeline::carry():194}:195}(Object(Illuminate/Http/Request))
#44 C:/Minor Project/Minor-Project/OpensourceE-commercewebsite/vendor/laravel/framework/src/Illuminate/Pipeline/Pipeline.php(219): Illuminate/Foundation/Http/Middleware/InvokeDeferredCallbacks->handle(Object(Illuminate/Http/Request), Object(Closure))
#45 C:/Minor Project/Minor-Project/OpensourceE-commercewebsite/vendor/laravel/framework/src/Illuminate/Http/Middleware/ValidatePathEncoding.php(28): Illuminate/Pipeline/Pipeline->{closure:{closure:Illuminate/Pipeline/Pipeline::carry():194}:195}(Object(Illuminate/Http/Request))
#46 C:/Minor Project/Minor-Project/OpensourceE-commercewebsite/vendor/laravel/framework/src/Illuminate/Pipeline/Pipeline.php(219): Illuminate/Http/Middleware/ValidatePathEncoding->handle(Object(Illuminate/Http/Request), Object(Closure))
#47 C:/Minor Project/Minor-Project/OpensourceE-commercewebsite/vendor/laravel/framework/src/Illuminate/Pipeline/Pipeline.php(137): Illuminate/Pipeline/Pipeline->{closure:{closure:Illuminate/Pipeline/Pipeline::carry():194}:195}(Object(Illuminate/Http/Request))
#48 C:/Minor Project/Minor-Project/OpensourceE-commercewebsite/vendor/laravel/framework/src/Illuminate/Foundation/Http/Kernel.php(175): Illuminate/Pipeline/Pipeline->then(Object(Closure))
#49 C:/Minor Project/Minor-Project/OpensourceE-commercewebsite/vendor/laravel/framework/src/Illuminate/Foundation/Http/Kernel.php(144): Illuminate/Foundation/Http/Kernel->sendRequestThroughRouter(Object(Illuminate/Http/Request))
#50 C:/Minor Project/Minor-Project/OpensourceE-commercewebsite/vendor/laravel/framework/src/Illuminate/Foundation/Application.php(1220): Illuminate/Foundation/Http/Kernel->handle(Object(Illuminate/Http/Request))
#51 C:/Minor Project/Minor-Project/OpensourceE-commercewebsite/public/index.php(20): Illuminate/Foundation/Application->handleRequest(Object(Illuminate/Http/Request))
#52 {main}

[previous exception] [object] (PDOException(code: 2002): SQLSTATE[HY000] [2002] No connection could be made because the target machine actively refused it at C:/Minor Project/Minor-Project/OpensourceE-commercewebsite/vendor/laravel/framework/src/Illuminate/Database/Connectors/Connector.php:67)
[stacktrace]
#0 C:/Minor Project/Minor-Project/OpensourceE-commercewebsite/vendor/laravel/framework/src/Illuminate/Database/Connectors/Connector.php(67): PDO::connect('mysql:host=127....', 'root', Object(SensitiveParameterValue), Array)
#1 C:/Minor Project/Minor-Project/OpensourceE-commercewebsite/vendor/laravel/framework/src/Illuminate/Database/Connectors/Connector.php(85): Illuminate/Database/Connectors/Connector->createPdoConnection('mysql:host=127....', 'root', Object(SensitiveParameterValue), Array)
#2 C:/Minor Project/Minor-Project/OpensourceE-commercewebsite/vendor/laravel/framework/src/Illuminate/Database/Connectors/Connector.php(48): Illuminate/Database/Connectors/Connector->tryAgainIfCausedByLostConnection(Object(PDOException), 'mysql:host=127....', 'root', Object(SensitiveParameterValue), Array)
#3 C:/Minor Project/Minor-Project/OpensourceE-commercewebsite/vendor/laravel/framework/src/Illuminate/Database/Connectors/MySqlConnector.php(24): Illuminate/Database/Connectors/Connector->createConnection('mysql:host=127....', Array, Array)
#4 C:/Minor Project/Minor-Project/OpensourceE-commercewebsite/vendor/laravel/framework/src/Illuminate/Database/Connectors/ConnectionFactory.php(220): Illuminate/Database/Connectors/MySqlConnector->connect(Array)
#5 [internal function]: Illuminate/Database/Connectors/ConnectionFactory->{closure:Illuminate/Database/Connectors/ConnectionFactory::createPdoResolverWithHosts():213}()
#6 C:/Minor Project/Minor-Project/OpensourceE-commercewebsite/vendor/laravel/framework/src/Illuminate/Database/Connection.php(1297): call_user_func(Object(Closure))
#7 C:/Minor Project/Minor-Project/OpensourceE-commercewebsite/vendor/laravel/framework/src/Illuminate/Database/Connection.php(542): Illuminate/Database/Connection->getPdo()
#8 C:/Minor Project/Minor-Project/OpensourceE-commercewebsite/vendor/laravel/framework/src/Illuminate/Database/Connection.php(435): Illuminate/Database/Connection->getPdoForSelect(false)
#9 C:/Minor Project/Minor-Project/OpensourceE-commercewebsite/vendor/laravel/framework/src/Illuminate/Database/Connection.php(846): Illuminate/Database/Connection->{closure:Illuminate/Database/Connection::select():426}('select * from `...', Array)
#10 C:/Minor Project/Minor-Project/OpensourceE-commercewebsite/vendor/laravel/framework/src/Illuminate/Database/Connection.php(1037): Illuminate/Database/Connection->runQueryCallback('select * from `...', Array, Object(Closure))
#11 C:/Minor Project/Minor-Project/OpensourceE-commercewebsite/vendor/laravel/framework/src/Illuminate/Database/Connection.php(1016): Illuminate/Database/Connection->tryAgainIfCausedByLostConnection(Object(Illuminate/Database/QueryException), 'select * from `...', Array, Object(Closure))
#12 C:/Minor Project/Minor-Project/OpensourceE-commercewebsite/vendor/laravel/framework/src/Illuminate/Database/Connection.php(815): Illuminate/Database/Connection->handleQueryException(Object(Illuminate/Database/QueryException), 'select * from `...', Array, Object(Closure))
#13 C:/Minor Project/Minor-Project/OpensourceE-commercewebsite/vendor/laravel/framework/src/Illuminate/Database/Connection.php(426): Illuminate/Database/Connection->run('select * from `...', Array, Object(Closure))
#14 C:/Minor Project/Minor-Project/OpensourceE-commercewebsite/vendor/laravel/framework/src/Illuminate/Database/Query/Builder.php(3573): Illuminate/Database/Connection->select('select * from `...', Array, false, Array)
#15 C:/Minor Project/Minor-Project/OpensourceE-commercewebsite/vendor/laravel/framework/src/Illuminate/Database/Query/Builder.php(3557): Illuminate/Database/Query/Builder->runSelect()
#16 C:/Minor Project/Minor-Project/OpensourceE-commercewebsite/vendor/laravel/framework/src/Illuminate/Database/Concerns/BuildsQueries.php(366): Illuminate/Database/Query/Builder->get(Array)
#17 C:/Minor Project/Minor-Project/OpensourceE-commercewebsite/vendor/laravel/framework/src/Illuminate/Database/Query/Builder.php(3475): Illuminate/Database/Query/Builder->first(Array)
#18 C:/Minor Project/Minor-Project/OpensourceE-commercewebsite/vendor/laravel/framework/src/Illuminate/Session/DatabaseSessionHandler.php(96): Illuminate/Database/Query/Builder->find('M5nK6tQBNEm6ije...')
#19 C:/Minor Project/Minor-Project/OpensourceE-commercewebsite/vendor/laravel/framework/src/Illuminate/Session/Store.php(128): Illuminate/Session/DatabaseSessionHandler->read('M5nK6tQBNEm6ije...')
#20 C:/Minor Project/Minor-Project/OpensourceE-commercewebsite/vendor/laravel/framework/src/Illuminate/Session/Store.php(116): Illuminate/Session/Store->readFromHandler()
#21 C:/Minor Project/Minor-Project/OpensourceE-commercewebsite/vendor/laravel/framework/src/Illuminate/Session/Store.php(100): Illuminate/Session/Store->loadSession()
#22 C:/Minor Project/Minor-Project/OpensourceE-commercewebsite/vendor/laravel/framework/src/Illuminate/Session/Middleware/StartSession.php(146): Illuminate/Session/Store->start()
#23 C:/Minor Project/Minor-Project/OpensourceE-commercewebsite/vendor/laravel/framework/src/Illuminate/Support/helpers.php(393): Illuminate/Session/Middleware/StartSession->{closure:Illuminate/Session/Middleware/StartSession::startSession():143}(Object(Illuminate/Session/Store))
#24 C:/Minor Project/Minor-Project/OpensourceE-commercewebsite/vendor/laravel/framework/src/Illuminate/Session/Middleware/StartSession.php(143): tap(Object(Illuminate/Session/Store), Object(Closure))
#25 C:/Minor Project/Minor-Project/OpensourceE-commercewebsite/vendor/laravel/framework/src/Illuminate/Session/Middleware/StartSession.php(115): Illuminate/Session/Middleware/StartSession->startSession(Object(Illuminate/Http/Request), Object(Illuminate/Session/Store))
#26 C:/Minor Project/Minor-Project/OpensourceE-commercewebsite/vendor/laravel/framework/src/Illuminate/Session/Middleware/StartSession.php(63): Illuminate/Session/Middleware/StartSession->handleStatefulRequest(Object(Illuminate/Http/Request), Object(Illuminate/Session/Store), Object(Closure))
#27 C:/Minor Project/Minor-Project/OpensourceE-commercewebsite/vendor/laravel/framework/src/Illuminate/Pipeline/Pipeline.php(219): Illuminate/Session/Middleware/StartSession->handle(Object(Illuminate/Http/Request), Object(Closure))
#28 C:/Minor Project/Minor-Project/OpensourceE-commercewebsite/vendor/laravel/framework/src/Illuminate/Cookie/Middleware/AddQueuedCookiesToResponse.php(36): Illuminate/Pipeline/Pipeline->{closure:{closure:Illuminate/Pipeline/Pipeline::carry():194}:195}(Object(Illuminate/Http/Request))
#29 C:/Minor Project/Minor-Project/OpensourceE-commercewebsite/vendor/laravel/framework/src/Illuminate/Pipeline/Pipeline.php(219): Illuminate/Cookie/Middleware/AddQueuedCookiesToResponse->handle(Object(Illuminate/Http/Request), Object(Closure))
#30 C:/Minor Project/Minor-Project/OpensourceE-commercewebsite/vendor/laravel/framework/src/Illuminate/Cookie/Middleware/EncryptCookies.php(74): Illuminate/Pipeline/Pipeline->{closure:{closure:Illuminate/Pipeline/Pipeline::carry():194}:195}(Object(Illuminate/Http/Request))
#31 C:/Minor Project/Minor-Project/OpensourceE-commercewebsite/vendor/laravel/framework/src/Illuminate/Pipeline/Pipeline.php(219): Illuminate/Cookie/Middleware/EncryptCookies->handle(Object(Illuminate/Http/Request), Object(Closure))
#32 C:/Minor Project/Minor-Project/OpensourceE-commercewebsite/vendor/laravel/framework/src/Illuminate/Pipeline/Pipeline.php(137): Illuminate/Pipeline/Pipeline->{closure:{closure:Illuminate/Pipeline/Pipeline::carry():194}:195}(Object(Illuminate/Http/Request))
#33 C:/Minor Project/Minor-Project/OpensourceE-commercewebsite/vendor/laravel/framework/src/Illuminate/Routing/Router.php(821): Illuminate/Pipeline/Pipeline->then(Object(Closure))
#34 C:/Minor Project/Minor-Project/OpensourceE-commercewebsite/vendor/laravel/framework/src/Illuminate/Routing/Router.php(800): Illuminate/Routing/Router->runRouteWithinStack(Object(Illuminate/Routing/Route), Object(Illuminate/Http/Request))
#35 C:/Minor Project/Minor-Project/OpensourceE-commercewebsite/vendor/laravel/framework/src/Illuminate/Routing/Router.php(764): Illuminate/Routing/Router->runRoute(Object(Illuminate/Http/Request), Object(Illuminate/Routing/Route))
#36 C:/Minor Project/Minor-Project/OpensourceE-commercewebsite/vendor/laravel/framework/src/Illuminate/Routing/Router.php(753): Illuminate/Routing/Router->dispatchToRoute(Object(Illuminate/Http/Request))
#37 C:/Minor Project/Minor-Project/OpensourceE-commercewebsite/vendor/laravel/framework/src/Illuminate/Foundation/Http/Kernel.php(200): Illuminate/Routing/Router->dispatch(Object(Illuminate/Http/Request))
#38 C:/Minor Project/Minor-Project/OpensourceE-commercewebsite/vendor/laravel/framework/src/Illuminate/Pipeline/Pipeline.php(180): Illuminate/Foundation/Http/Kernel->{closure:Illuminate/Foundation/Http/Kernel::dispatchToRouter():197}(Object(Illuminate/Http/Request))
#39 C:/Minor Project/Minor-Project/OpensourceE-commercewebsite/vendor/laravel/framework/src/Illuminate/Foundation/Http/Middleware/TransformsRequest.php(21): Illuminate/Pipeline/Pipeline->{closure:Illuminate/Pipeline/Pipeline::prepareDestination():178}(Object(Illuminate/Http/Request))
#40 C:/Minor Project/Minor-Project/OpensourceE-commercewebsite/vendor/laravel/framework/src/Illuminate/Foundation/Http/Middleware/ConvertEmptyStringsToNull.php(31): Illuminate/Foundation/Http/Middleware/TransformsRequest->handle(Object(Illuminate/Http/Request), Object(Closure))
#41 C:/Minor Project/Minor-Project/OpensourceE-commercewebsite/vendor/laravel/framework/src/Illuminate/Pipeline/Pipeline.php(219): Illuminate/Foundation/Http/Middleware/ConvertEmptyStringsToNull->handle(Object(Illuminate/Http/Request), Object(Closure))
#42 C:/Minor Project/Minor-Project/OpensourceE-commercewebsite/vendor/laravel/framework/src/Illuminate/Foundation/Http/Middleware/TransformsRequest.php(21): Illuminate/Pipeline/Pipeline->{closure:{closure:Illuminate/Pipeline/Pipeline::carry():194}:195}(Object(Illuminate/Http/Request))
#43 C:/Minor Project/Minor-Project/OpensourceE-commercewebsite/vendor/laravel/framework/src/Illuminate/Foundation/Http/Middleware/TrimStrings.php(51): Illuminate/Foundation/Http/Middleware/TransformsRequest->handle(Object(Illuminate/Http/Request), Object(Closure))
#44 C:/Minor Project/Minor-Project/OpensourceE-commercewebsite/vendor/laravel/framework/src/Illuminate/Pipeline/Pipeline.php(219): Illuminate/Foundation/Http/Middleware/TrimStrings->handle(Object(Illuminate/Http/Request), Object(Closure))
#45 C:/Minor Project/Minor-Project/OpensourceE-commercewebsite/vendor/laravel/framework/src/Illuminate/Http/Middleware/ValidatePostSize.php(27): Illuminate/Pipeline/Pipeline->{closure:{closure:Illuminate/Pipeline/Pipeline::carry():194}:195}(Object(Illuminate/Http/Request))
#46 C:/Minor Project/Minor-Project/OpensourceE-commercewebsite/vendor/laravel/framework/src/Illuminate/Pipeline/Pipeline.php(219): Illuminate/Http/Middleware/ValidatePostSize->handle(Object(Illuminate/Http/Request), Object(Closure))
#47 C:/Minor Project/Minor-Project/OpensourceE-commercewebsite/vendor/laravel/framework/src/Illuminate/Foundation/Http/Middleware/PreventRequestsDuringMaintenance.php(109): Illuminate/Pipeline/Pipeline->{closure:{closure:Illuminate/Pipeline/Pipeline::carry():194}:195}(Object(Illuminate/Http/Request))
#48 C:/Minor Project/Minor-Project/OpensourceE-commercewebsite/vendor/laravel/framework/src/Illuminate/Pipeline/Pipeline.php(219): Illuminate/Foundation/Http/Middleware/PreventRequestsDuringMaintenance->handle(Object(Illuminate/Http/Request), Object(Closure))
#49 C:/Minor Project/Minor-Project/OpensourceE-commercewebsite/vendor/laravel/framework/src/Illuminate/Http/Middleware/HandleCors.php(61): Illuminate/Pipeline/Pipeline->{closure:{closure:Illuminate/Pipeline/Pipeline::carry():194}:195}(Object(Illuminate/Http/Request))
#50 C:/Minor Project/Minor-Project/OpensourceE-commercewebsite/vendor/laravel/framework/src/Illuminate/Pipeline/Pipeline.php(219): Illuminate/Http/Middleware/HandleCors->handle(Object(Illuminate/Http/Request), Object(Closure))
#51 C:/Minor Project/Minor-Project/OpensourceE-commercewebsite/vendor/laravel/framework/src/Illuminate/Http/Middleware/TrustProxies.php(58): Illuminate/Pipeline/Pipeline->{closure:{closure:Illuminate/Pipeline/Pipeline::carry():194}:195}(Object(Illuminate/Http/Request))
#52 C:/Minor Project/Minor-Project/OpensourceE-commercewebsite/vendor/laravel/framework/src/Illuminate/Pipeline/Pipeline.php(219): Illuminate/Http/Middleware/TrustProxies->handle(Object(Illuminate/Http/Request), Object(Closure))
#53 C:/Minor Project/Minor-Project/OpensourceE-commercewebsite/vendor/laravel/framework/src/Illuminate/Foundation/Http/Middleware/InvokeDeferredCallbacks.php(22): Illuminate/Pipeline/Pipeline->{closure:{closure:Illuminate/Pipeline/Pipeline::carry():194}:195}(Object(Illuminate/Http/Request))
#54 C:/Minor Project/Minor-Project/OpensourceE-commercewebsite/vendor/laravel/framework/src/Illuminate/Pipeline/Pipeline.php(219): Illuminate/Foundation/Http/Middleware/InvokeDeferredCallbacks->handle(Object(Illuminate/Http/Request), Object(Closure))
#55 C:/Minor Project/Minor-Project/OpensourceE-commercewebsite/vendor/laravel/framework/src/Illuminate/Http/Middleware/ValidatePathEncoding.php(28): Illuminate/Pipeline/Pipeline->{closure:{closure:Illuminate/Pipeline/Pipeline::carry():194}:195}(Object(Illuminate/Http/Request))
#56 C:/Minor Project/Minor-Project/OpensourceE-commercewebsite/vendor/laravel/framework/src/Illuminate/Pipeline/Pipeline.php(219): Illuminate/Http/Middleware/ValidatePathEncoding->handle(Object(Illuminate/Http/Request), Object(Closure))
#57 C:/Minor Project/Minor-Project/OpensourceE-commercewebsite/vendor/laravel/framework/src/Illuminate/Pipeline/Pipeline.php(137): Illuminate/Pipeline/Pipeline->{closure:{closure:Illuminate/Pipeline/Pipeline::carry():194}:195}(Object(Illuminate/Http/Request))
#58 C:/Minor Project/Minor-Project/OpensourceE-commercewebsite/vendor/laravel/framework/src/Illuminate/Foundation/Http/Kernel.php(175): Illuminate/Pipeline/Pipeline->then(Object(Closure))
#59 C:/Minor Project/Minor-Project/OpensourceE-commercewebsite/vendor/laravel/framework/src/Illuminate/Foundation/Http/Kernel.php(144): Illuminate/Foundation/Http/Kernel->sendRequestThroughRouter(Object(Illuminate/Http/Request))
#60 C:/Minor Project/Minor-Project/OpensourceE-commercewebsite/vendor/laravel/framework/src/Illuminate/Foundation/Application.php(1220): Illuminate/Foundation/Http/Kernel->handle(Object(Illuminate/Http/Request))
#61 C:/Minor Project/Minor-Project/OpensourceE-commercewebsite/public/index.php(20): Illuminate/Foundation/Application->handleRequest(Object(Illuminate/Http/Request))
#62 {main}
"} 
[2026-07-24 06:34:25] local.ERROR: SQLSTATE[HY000] [2002] No connection could be made because the target machine actively refused it (Connection: mysql, Host: 127.0.0.1, Port: 3306, Database: laravel, SQL: select * from `sessions` where `id` = M5nK6tQBNEm6ijeH8LzuJ4A9KDYPG4Ra8Yrk5lpb limit 1) {"exception":"[object] (Illuminate\\Database\\QueryException(code: 2002): SQLSTATE[HY000] [2002] No connection could be made because the target machine actively refused it (Connection: mysql, Host: 127.0.0.1, Port: 3306, Database: laravel, SQL: select * from `sessions` where `id` = M5nK6tQBNEm6ijeH8LzuJ4A9KDYPG4Ra8Yrk5lpb limit 1) at C:/Minor Project/Minor-Project/OpensourceE-commercewebsite/vendor/laravel/framework/src/Illuminate/Database/Connection.php:857)
[stacktrace]
#0 C:/Minor Project/Minor-Project/OpensourceE-commercewebsite/vendor/laravel/framework/src/Illuminate/Database/Connection.php(1037): Illuminate/Database/Connection->runQueryCallback('select * from `...', Array, Object(Closure))
#1 C:/Minor Project/Minor-Project/OpensourceE-commercewebsite/vendor/laravel/framework/src/Illuminate/Database/Connection.php(1016): Illuminate/Database/Connection->tryAgainIfCausedByLostConnection(Object(Illuminate/Database/QueryException), 'select * from `...', Array, Object(Closure))
#2 C:/Minor Project/Minor-Project/OpensourceE-commercewebsite/vendor/laravel/framework/src/Illuminate/Database/Connection.php(815): Illuminate/Database/Connection->handleQueryException(Object(Illuminate/Database/QueryException), 'select * from `...', Array, Object(Closure))
#3 C:/Minor Project/Minor-Project/OpensourceE-commercewebsite/vendor/laravel/framework/src/Illuminate/Database/Connection.php(426): Illuminate/Database/Connection->run('select * from `...', Array, Object(Closure))
#4 C:/Minor Project/Minor-Project/OpensourceE-commercewebsite/vendor/laravel/framework/src/Illuminate/Database/Query/Builder.php(3573): Illuminate/Database/Connection->select('select * from `...', Array, false, Array)
#5 C:/Minor Project/Minor-Project/OpensourceE-commercewebsite/vendor/laravel/framework/src/Illuminate/Database/Query/Builder.php(3557): Illuminate/Database/Query/Builder->runSelect()
#6 C:/Minor Project/Minor-Project/OpensourceE-commercewebsite/vendor/laravel/framework/src/Illuminate/Database/Concerns/BuildsQueries.php(366): Illuminate/Database/Query/Builder->get(Array)
#7 C:/Minor Project/Minor-Project/OpensourceE-commercewebsite/vendor/laravel/framework/src/Illuminate/Database/Query/Builder.php(3475): Illuminate/Database/Query/Builder->first(Array)
#8 C:/Minor Project/Minor-Project/OpensourceE-commercewebsite/vendor/laravel/framework/src/Illuminate/Session/DatabaseSessionHandler.php(96): Illuminate/Database/Query/Builder->find('M5nK6tQBNEm6ije...')
#9 C:/Minor Project/Minor-Project/OpensourceE-commercewebsite/vendor/laravel/framework/src/Illuminate/Session/Store.php(128): Illuminate/Session/DatabaseSessionHandler->read('M5nK6tQBNEm6ije...')
#10 C:/Minor Project/Minor-Project/OpensourceE-commercewebsite/vendor/laravel/framework/src/Illuminate/Session/Store.php(116): Illuminate/Session/Store->readFromHandler()
#11 C:/Minor Project/Minor-Project/OpensourceE-commercewebsite/vendor/laravel/framework/src/Illuminate/Session/Store.php(100): Illuminate/Session/Store->loadSession()
#12 C:/Minor Project/Minor-Project/OpensourceE-commercewebsite/vendor/laravel/framework/src/Illuminate/Session/Middleware/StartSession.php(146): Illuminate/Session/Store->start()
#13 C:/Minor Project/Minor-Project/OpensourceE-commercewebsite/vendor/laravel/framework/src/Illuminate/Support/helpers.php(393): Illuminate/Session/Middleware/StartSession->{closure:Illuminate/Session/Middleware/StartSession::startSession():143}(Object(Illuminate/Session/Store))
#14 C:/Minor Project/Minor-Project/OpensourceE-commercewebsite/vendor/laravel/framework/src/Illuminate/Session/Middleware/StartSession.php(143): tap(Object(Illuminate/Session/Store), Object(Closure))
#15 C:/Minor Project/Minor-Project/OpensourceE-commercewebsite/vendor/laravel/framework/src/Illuminate/Session/Middleware/StartSession.php(115): Illuminate/Session/Middleware/StartSession->startSession(Object(Illuminate/Http/Request), Object(Illuminate/Session/Store))
#16 C:/Minor Project/Minor-Project/OpensourceE-commercewebsite/vendor/laravel/framework/src/Illuminate/Session/Middleware/StartSession.php(63): Illuminate/Session/Middleware/StartSession->handleStatefulRequest(Object(Illuminate/Http/Request), Object(Illuminate/Session/Store), Object(Closure))
#17 C:/Minor Project/Minor-Project/OpensourceE-commercewebsite/vendor/laravel/framework/src/Illuminate/Pipeline/Pipeline.php(219): Illuminate/Session/Middleware/StartSession->handle(Object(Illuminate/Http/Request), Object(Closure))
#18 C:/Minor Project/Minor-Project/OpensourceE-commercewebsite/vendor/laravel/framework/src/Illuminate/Cookie/Middleware/AddQueuedCookiesToResponse.php(36): Illuminate/Pipeline/Pipeline->{closure:{closure:Illuminate/Pipeline/Pipeline::carry():194}:195}(Object(Illuminate/Http/Request))
#19 C:/Minor Project/Minor-Project/OpensourceE-commercewebsite/vendor/laravel/framework/src/Illuminate/Pipeline/Pipeline.php(219): Illuminate/Cookie/Middleware/AddQueuedCookiesToResponse->handle(Object(Illuminate/Http/Request), Object(Closure))
#20 C:/Minor Project/Minor-Project/OpensourceE-commercewebsite/vendor/laravel/framework/src/Illuminate/Cookie/Middleware/EncryptCookies.php(74): Illuminate/Pipeline/Pipeline->{closure:{closure:Illuminate/Pipeline/Pipeline::carry():194}:195}(Object(Illuminate/Http/Request))
#21 C:/Minor Project/Minor-Project/OpensourceE-commercewebsite/vendor/laravel/framework/src/Illuminate/Pipeline/Pipeline.php(219): Illuminate/Cookie/Middleware/EncryptCookies->handle(Object(Illuminate/Http/Request), Object(Closure))
#22 C:/Minor Project/Minor-Project/OpensourceE-commercewebsite/vendor/laravel/framework/src/Illuminate/Pipeline/Pipeline.php(137): Illuminate/Pipeline/Pipeline->{closure:{closure:Illuminate/Pipeline/Pipeline::carry():194}:195}(Object(Illuminate/Http/Request))
#23 C:/Minor Project/Minor-Project/OpensourceE-commercewebsite/vendor/laravel/framework/src/Illuminate/Routing/Router.php(821): Illuminate/Pipeline/Pipeline->then(Object(Closure))
#24 C:/Minor Project/Minor-Project/OpensourceE-commercewebsite/vendor/laravel/framework/src/Illuminate/Routing/Router.php(800): Illuminate/Routing/Router->runRouteWithinStack(Object(Illuminate/Routing/Route), Object(Illuminate/Http/Request))
#25 C:/Minor Project/Minor-Project/OpensourceE-commercewebsite/vendor/laravel/framework/src/Illuminate/Routing/Router.php(764): Illuminate/Routing/Router->runRoute(Object(Illuminate/Http/Request), Object(Illuminate/Routing/Route))
#26 C:/Minor Project/Minor-Project/OpensourceE-commercewebsite/vendor/laravel/framework/src/Illuminate/Routing/Router.php(753): Illuminate/Routing/Router->dispatchToRoute(Object(Illuminate/Http/Request))
#27 C:/Minor Project/Minor-Project/OpensourceE-commercewebsite/vendor/laravel/framework/src/Illuminate/Foundation/Http/Kernel.php(200): Illuminate/Routing/Router->dispatch(Object(Illuminate/Http/Request))
#28 C:/Minor Project/Minor-Project/OpensourceE-commercewebsite/vendor/laravel/framework/src/Illuminate/Pipeline/Pipeline.php(180): Illuminate/Foundation/Http/Kernel->{closure:Illuminate/Foundation/Http/Kernel::dispatchToRouter():197}(Object(Illuminate/Http/Request))
#29 C:/Minor Project/Minor-Project/OpensourceE-commercewebsite/vendor/laravel/framework/src/Illuminate/Foundation/Http/Middleware/TransformsRequest.php(21): Illuminate/Pipeline/Pipeline->{closure:Illuminate/Pipeline/Pipeline::prepareDestination():178}(Object(Illuminate/Http/Request))
#30 C:/Minor Project/Minor-Project/OpensourceE-commercewebsite/vendor/laravel/framework/src/Illuminate/Foundation/Http/Middleware/ConvertEmptyStringsToNull.php(31): Illuminate/Foundation/Http/Middleware/TransformsRequest->handle(Object(Illuminate/Http/Request), Object(Closure))
#31 C:/Minor Project/Minor-Project/OpensourceE-commercewebsite/vendor/laravel/framework/src/Illuminate/Pipeline/Pipeline.php(219): Illuminate/Foundation/Http/Middleware/ConvertEmptyStringsToNull->handle(Object(Illuminate/Http/Request), Object(Closure))
#32 C:/Minor Project/Minor-Project/OpensourceE-commercewebsite/vendor/laravel/framework/src/Illuminate/Foundation/Http/Middleware/TransformsRequest.php(21): Illuminate/Pipeline/Pipeline->{closure:{closure:Illuminate/Pipeline/Pipeline::carry():194}:195}(Object(Illuminate/Http/Request))
#33 C:/Minor Project/Minor-Project/OpensourceE-commercewebsite/vendor/laravel/framework/src/Illuminate/Foundation/Http/Middleware/TrimStrings.php(51): Illuminate/Foundation/Http/Middleware/TransformsRequest->handle(Object(Illuminate/Http/Request), Object(Closure))
#34 C:/Minor Project/Minor-Project/OpensourceE-commercewebsite/vendor/laravel/framework/src/Illuminate/Pipeline/Pipeline.php(219): Illuminate/Foundation/Http/Middleware/TrimStrings->handle(Object(Illuminate/Http/Request), Object(Closure))
#35 C:/Minor Project/Minor-Project/OpensourceE-commercewebsite/vendor/laravel/framework/src/Illuminate/Http/Middleware/ValidatePostSize.php(27): Illuminate/Pipeline/Pipeline->{closure:{closure:Illuminate/Pipeline/Pipeline::carry():194}:195}(Object(Illuminate/Http/Request))
#36 C:/Minor Project/Minor-Project/OpensourceE-commercewebsite/vendor/laravel/framework/src/Illuminate/Pipeline/Pipeline.php(219): Illuminate/Http/Middleware/ValidatePostSize->handle(Object(Illuminate/Http/Request), Object(Closure))
#37 C:/Minor Project/Minor-Project/OpensourceE-commercewebsite/vendor/laravel/framework/src/Illuminate/Foundation/Http/Middleware/PreventRequestsDuringMaintenance.php(109): Illuminate/Pipeline/Pipeline->{closure:{closure:Illuminate/Pipeline/Pipeline::carry():194}:195}(Object(Illuminate/Http/Request))
#38 C:/Minor Project/Minor-Project/OpensourceE-commercewebsite/vendor/laravel/framework/src/Illuminate/Pipeline/Pipeline.php(219): Illuminate/Foundation/Http/Middleware/PreventRequestsDuringMaintenance->handle(Object(Illuminate/Http/Request), Object(Closure))
#39 C:/Minor Project/Minor-Project/OpensourceE-commercewebsite/vendor/laravel/framework/src/Illuminate/Http/Middleware/HandleCors.php(61): Illuminate/Pipeline/Pipeline->{closure:{closure:Illuminate/Pipeline/Pipeline::carry():194}:195}(Object(Illuminate/Http/Request))
#40 C:/Minor Project/Minor-Project/OpensourceE-commercewebsite/vendor/laravel/framework/src/Illuminate/Pipeline/Pipeline.php(219): Illuminate/Http/Middleware/HandleCors->handle(Object(Illuminate/Http/Request), Object(Closure))
#41 C:/Minor Project/Minor-Project/OpensourceE-commercewebsite/vendor/laravel/framework/src/Illuminate/Http/Middleware/TrustProxies.php(58): Illuminate/Pipeline/Pipeline->{closure:{closure:Illuminate/Pipeline/Pipeline::carry():194}:195}(Object(Illuminate/Http/Request))
#42 C:/Minor Project/Minor-Project/OpensourceE-commercewebsite/vendor/laravel/framework/src/Illuminate/Pipeline/Pipeline.php(219): Illuminate/Http/Middleware/TrustProxies->handle(Object(Illuminate/Http/Request), Object(Closure))
#43 C:/Minor Project/Minor-Project/OpensourceE-commercewebsite/vendor/laravel/framework/src/Illuminate/Foundation/Http/Middleware/InvokeDeferredCallbacks.php(22): Illuminate/Pipeline/Pipeline->{closure:{closure:Illuminate/Pipeline/Pipeline::carry():194}:195}(Object(Illuminate/Http/Request))
#44 C:/Minor Project/Minor-Project/OpensourceE-commercewebsite/vendor/laravel/framework/src/Illuminate/Pipeline/Pipeline.php(219): Illuminate/Foundation/Http/Middleware/InvokeDeferredCallbacks->handle(Object(Illuminate/Http/Request), Object(Closure))
#45 C:/Minor Project/Minor-Project/OpensourceE-commercewebsite/vendor/laravel/framework/src/Illuminate/Http/Middleware/ValidatePathEncoding.php(28): Illuminate/Pipeline/Pipeline->{closure:{closure:Illuminate/Pipeline/Pipeline::carry():194}:195}(Object(Illuminate/Http/Request))
#46 C:/Minor Project/Minor-Project/OpensourceE-commercewebsite/vendor/laravel/framework/src/Illuminate/Pipeline/Pipeline.php(219): Illuminate/Http/Middleware/ValidatePathEncoding->handle(Object(Illuminate/Http/Request), Object(Closure))
#47 C:/Minor Project/Minor-Project/OpensourceE-commercewebsite/vendor/laravel/framework/src/Illuminate/Pipeline/Pipeline.php(137): Illuminate/Pipeline/Pipeline->{closure:{closure:Illuminate/Pipeline/Pipeline::carry():194}:195}(Object(Illuminate/Http/Request))
#48 C:/Minor Project/Minor-Project/OpensourceE-commercewebsite/vendor/laravel/framework/src/Illuminate/Foundation/Http/Kernel.php(175): Illuminate/Pipeline/Pipeline->then(Object(Closure))
#49 C:/Minor Project/Minor-Project/OpensourceE-commercewebsite/vendor/laravel/framework/src/Illuminate/Foundation/Http/Kernel.php(144): Illuminate/Foundation/Http/Kernel->sendRequestThroughRouter(Object(Illuminate/Http/Request))
#50 C:/Minor Project/Minor-Project/OpensourceE-commercewebsite/vendor/laravel/framework/src/Illuminate/Foundation/Application.php(1220): Illuminate/Foundation/Http/Kernel->handle(Object(Illuminate/Http/Request))
#51 C:/Minor Project/Minor-Project/OpensourceE-commercewebsite/public/index.php(20): Illuminate/Foundation/Application->handleRequest(Object(Illuminate/Http/Request))
#52 {main}

[previous exception] [object] (PDOException(code: 2002): SQLSTATE[HY000] [2002] No connection could be made because the target machine actively refused it at C:/Minor Project/Minor-Project/OpensourceE-commercewebsite/vendor/laravel/framework/src/Illuminate/Database/Connectors/Connector.php:67)
[stacktrace]
#0 C:/Minor Project/Minor-Project/OpensourceE-commercewebsite/vendor/laravel/framework/src/Illuminate/Database/Connectors/Connector.php(67): PDO::connect('mysql:host=127....', 'root', Object(SensitiveParameterValue), Array)
#1 C:/Minor Project/Minor-Project/OpensourceE-commercewebsite/vendor/laravel/framework/src/Illuminate/Database/Connectors/Connector.php(85): Illuminate/Database/Connectors/Connector->createPdoConnection('mysql:host=127....', 'root', Object(SensitiveParameterValue), Array)
#2 C:/Minor Project/Minor-Project/OpensourceE-commercewebsite/vendor/laravel/framework/src/Illuminate/Database/Connectors/Connector.php(48): Illuminate/Database/Connectors/Connector->tryAgainIfCausedByLostConnection(Object(PDOException), 'mysql:host=127....', 'root', Object(SensitiveParameterValue), Array)
#3 C:/Minor Project/Minor-Project/OpensourceE-commercewebsite/vendor/laravel/framework/src/Illuminate/Database/Connectors/MySqlConnector.php(24): Illuminate/Database/Connectors/Connector->createConnection('mysql:host=127....', Array, Array)
#4 C:/Minor Project/Minor-Project/OpensourceE-commercewebsite/vendor/laravel/framework/src/Illuminate/Database/Connectors/ConnectionFactory.php(220): Illuminate/Database/Connectors/MySqlConnector->connect(Array)
#5 [internal function]: Illuminate/Database/Connectors/ConnectionFactory->{closure:Illuminate/Database/Connectors/ConnectionFactory::createPdoResolverWithHosts():213}()
#6 C:/Minor Project/Minor-Project/OpensourceE-commercewebsite/vendor/laravel/framework/src/Illuminate/Database/Connection.php(1297): call_user_func(Object(Closure))
#7 C:/Minor Project/Minor-Project/OpensourceE-commercewebsite/vendor/laravel/framework/src/Illuminate/Database/Connection.php(542): Illuminate/Database/Connection->getPdo()
#8 C:/Minor Project/Minor-Project/OpensourceE-commercewebsite/vendor/laravel/framework/src/Illuminate/Database/Connection.php(435): Illuminate/Database/Connection->getPdoForSelect(false)
#9 C:/Minor Project/Minor-Project/OpensourceE-commercewebsite/vendor/laravel/framework/src/Illuminate/Database/Connection.php(846): Illuminate/Database/Connection->{closure:Illuminate/Database/Connection::select():426}('select * from `...', Array)
#10 C:/Minor Project/Minor-Project/OpensourceE-commercewebsite/vendor/laravel/framework/src/Illuminate/Database/Connection.php(1037): Illuminate/Database/Connection->runQueryCallback('select * from `...', Array, Object(Closure))
#11 C:/Minor Project/Minor-Project/OpensourceE-commercewebsite/vendor/laravel/framework/src/Illuminate/Database/Connection.php(1016): Illuminate/Database/Connection->tryAgainIfCausedByLostConnection(Object(Illuminate/Database/QueryException), 'select * from `...', Array, Object(Closure))
#12 C:/Minor Project/Minor-Project/OpensourceE-commercewebsite/vendor/laravel/framework/src/Illuminate/Database/Connection.php(815): Illuminate/Database/Connection->handleQueryException(Object(Illuminate/Database/QueryException), 'select * from `...', Array, Object(Closure))
#13 C:/Minor Project/Minor-Project/OpensourceE-commercewebsite/vendor/laravel/framework/src/Illuminate/Database/Connection.php(426): Illuminate/Database/Connection->run('select * from `...', Array, Object(Closure))
#14 C:/Minor Project/Minor-Project/OpensourceE-commercewebsite/vendor/laravel/framework/src/Illuminate/Database/Query/Builder.php(3573): Illuminate/Database/Connection->select('select * from `...', Array, false, Array)
#15 C:/Minor Project/Minor-Project/OpensourceE-commercewebsite/vendor/laravel/framework/src/Illuminate/Database/Query/Builder.php(3557): Illuminate/Database/Query/Builder->runSelect()
#16 C:/Minor Project/Minor-Project/OpensourceE-commercewebsite/vendor/laravel/framework/src/Illuminate/Database/Concerns/BuildsQueries.php(366): Illuminate/Database/Query/Builder->get(Array)
#17 C:/Minor Project/Minor-Project/OpensourceE-commercewebsite/vendor/laravel/framework/src/Illuminate/Database/Query/Builder.php(3475): Illuminate/Database/Query/Builder->first(Array)
#18 C:/Minor Project/Minor-Project/OpensourceE-commercewebsite/vendor/laravel/framework/src/Illuminate/Session/DatabaseSessionHandler.php(96): Illuminate/Database/Query/Builder->find('M5nK6tQBNEm6ije...')
#19 C:/Minor Project/Minor-Project/OpensourceE-commercewebsite/vendor/laravel/framework/src/Illuminate/Session/Store.php(128): Illuminate/Session/DatabaseSessionHandler->read('M5nK6tQBNEm6ije...')
#20 C:/Minor Project/Minor-Project/OpensourceE-commercewebsite/vendor/laravel/framework/src/Illuminate/Session/Store.php(116): Illuminate/Session/Store->readFromHandler()
#21 C:/Minor Project/Minor-Project/OpensourceE-commercewebsite/vendor/laravel/framework/src/Illuminate/Session/Store.php(100): Illuminate/Session/Store->loadSession()
#22 C:/Minor Project/Minor-Project/OpensourceE-commercewebsite/vendor/laravel/framework/src/Illuminate/Session/Middleware/StartSession.php(146): Illuminate/Session/Store->start()
#23 C:/Minor Project/Minor-Project/OpensourceE-commercewebsite/vendor/laravel/framework/src/Illuminate/Support/helpers.php(393): Illuminate/Session/Middleware/StartSession->{closure:Illuminate/Session/Middleware/StartSession::startSession():143}(Object(Illuminate/Session/Store))
#24 C:/Minor Project/Minor-Project/OpensourceE-commercewebsite/vendor/laravel/framework/src/Illuminate/Session/Middleware/StartSession.php(143): tap(Object(Illuminate/Session/Store), Object(Closure))
#25 C:/Minor Project/Minor-Project/OpensourceE-commercewebsite/vendor/laravel/framework/src/Illuminate/Session/Middleware/StartSession.php(115): Illuminate/Session/Middleware/StartSession->startSession(Object(Illuminate/Http/Request), Object(Illuminate/Session/Store))
#26 C:/Minor Project/Minor-Project/OpensourceE-commercewebsite/vendor/laravel/framework/src/Illuminate/Session/Middleware/StartSession.php(63): Illuminate/Session/Middleware/StartSession->handleStatefulRequest(Object(Illuminate/Http/Request), Object(Illuminate/Session/Store), Object(Closure))
#27 C:/Minor Project/Minor-Project/OpensourceE-commercewebsite/vendor/laravel/framework/src/Illuminate/Pipeline/Pipeline.php(219): Illuminate/Session/Middleware/StartSession->handle(Object(Illuminate/Http/Request), Object(Closure))
#28 C:/Minor Project/Minor-Project/OpensourceE-commercewebsite/vendor/laravel/framework/src/Illuminate/Cookie/Middleware/AddQueuedCookiesToResponse.php(36): Illuminate/Pipeline/Pipeline->{closure:{closure:Illuminate/Pipeline/Pipeline::carry():194}:195}(Object(Illuminate/Http/Request))
#29 C:/Minor Project/Minor-Project/OpensourceE-commercewebsite/vendor/laravel/framework/src/Illuminate/Pipeline/Pipeline.php(219): Illuminate/Cookie/Middleware/AddQueuedCookiesToResponse->handle(Object(Illuminate/Http/Request), Object(Closure))
#30 C:/Minor Project/Minor-Project/OpensourceE-commercewebsite/vendor/laravel/framework/src/Illuminate/Cookie/Middleware/EncryptCookies.php(74): Illuminate/Pipeline/Pipeline->{closure:{closure:Illuminate/Pipeline/Pipeline::carry():194}:195}(Object(Illuminate/Http/Request))
#31 C:/Minor Project/Minor-Project/OpensourceE-commercewebsite/vendor/laravel/framework/src/Illuminate/Pipeline/Pipeline.php(219): Illuminate/Cookie/Middleware/EncryptCookies->handle(Object(Illuminate/Http/Request), Object(Closure))
#32 C:/Minor Project/Minor-Project/OpensourceE-commercewebsite/vendor/laravel/framework/src/Illuminate/Pipeline/Pipeline.php(137): Illuminate/Pipeline/Pipeline->{closure:{closure:Illuminate/Pipeline/Pipeline::carry():194}:195}(Object(Illuminate/Http/Request))
#33 C:/Minor Project/Minor-Project/OpensourceE-commercewebsite/vendor/laravel/framework/src/Illuminate/Routing/Router.php(821): Illuminate/Pipeline/Pipeline->then(Object(Closure))
#34 C:/Minor Project/Minor-Project/OpensourceE-commercewebsite/vendor/laravel/framework/src/Illuminate/Routing/Router.php(800): Illuminate/Routing/Router->runRouteWithinStack(Object(Illuminate/Routing/Route), Object(Illuminate/Http/Request))
#35 C:/Minor Project/Minor-Project/OpensourceE-commercewebsite/vendor/laravel/framework/src/Illuminate/Routing/Router.php(764): Illuminate/Routing/Router->runRoute(Object(Illuminate/Http/Request), Object(Illuminate/Routing/Route))
#36 C:/Minor Project/Minor-Project/OpensourceE-commercewebsite/vendor/laravel/framework/src/Illuminate/Routing/Router.php(753): Illuminate/Routing/Router->dispatchToRoute(Object(Illuminate/Http/Request))
#37 C:/Minor Project/Minor-Project/OpensourceE-commercewebsite/vendor/laravel/framework/src/Illuminate/Foundation/Http/Kernel.php(200): Illuminate/Routing/Router->dispatch(Object(Illuminate/Http/Request))
#38 C:/Minor Project/Minor-Project/OpensourceE-commercewebsite/vendor/laravel/framework/src/Illuminate/Pipeline/Pipeline.php(180): Illuminate/Foundation/Http/Kernel->{closure:Illuminate/Foundation/Http/Kernel::dispatchToRouter():197}(Object(Illuminate/Http/Request))
#39 C:/Minor Project/Minor-Project/OpensourceE-commercewebsite/vendor/laravel/framework/src/Illuminate/Foundation/Http/Middleware/TransformsRequest.php(21): Illuminate/Pipeline/Pipeline->{closure:Illuminate/Pipeline/Pipeline::prepareDestination():178}(Object(Illuminate/Http/Request))
#40 C:/Minor Project/Minor-Project/OpensourceE-commercewebsite/vendor/laravel/framework/src/Illuminate/Foundation/Http/Middleware/ConvertEmptyStringsToNull.php(31): Illuminate/Foundation/Http/Middleware/TransformsRequest->handle(Object(Illuminate/Http/Request), Object(Closure))
#41 C:/Minor Project/Minor-Project/OpensourceE-commercewebsite/vendor/laravel/framework/src/Illuminate/Pipeline/Pipeline.php(219): Illuminate/Foundation/Http/Middleware/ConvertEmptyStringsToNull->handle(Object(Illuminate/Http/Request), Object(Closure))
#42 C:/Minor Project/Minor-Project/OpensourceE-commercewebsite/vendor/laravel/framework/src/Illuminate/Foundation/Http/Middleware/TransformsRequest.php(21): Illuminate/Pipeline/Pipeline->{closure:{closure:Illuminate/Pipeline/Pipeline::carry():194}:195}(Object(Illuminate/Http/Request))
#43 C:/Minor Project/Minor-Project/OpensourceE-commercewebsite/vendor/laravel/framework/src/Illuminate/Foundation/Http/Middleware/TrimStrings.php(51): Illuminate/Foundation/Http/Middleware/TransformsRequest->handle(Object(Illuminate/Http/Request), Object(Closure))
#44 C:/Minor Project/Minor-Project/OpensourceE-commercewebsite/vendor/laravel/framework/src/Illuminate/Pipeline/Pipeline.php(219): Illuminate/Foundation/Http/Middleware/TrimStrings->handle(Object(Illuminate/Http/Request), Object(Closure))
#45 C:/Minor Project/Minor-Project/OpensourceE-commercewebsite/vendor/laravel/framework/src/Illuminate/Http/Middleware/ValidatePostSize.php(27): Illuminate/Pipeline/Pipeline->{closure:{closure:Illuminate/Pipeline/Pipeline::carry():194}:195}(Object(Illuminate/Http/Request))
#46 C:/Minor Project/Minor-Project/OpensourceE-commercewebsite/vendor/laravel/framework/src/Illuminate/Pipeline/Pipeline.php(219): Illuminate/Http/Middleware/ValidatePostSize->handle(Object(Illuminate/Http/Request), Object(Closure))
#47 C:/Minor Project/Minor-Project/OpensourceE-commercewebsite/vendor/laravel/framework/src/Illuminate/Foundation/Http/Middleware/PreventRequestsDuringMaintenance.php(109): Illuminate/Pipeline/Pipeline->{closure:{closure:Illuminate/Pipeline/Pipeline::carry():194}:195}(Object(Illuminate/Http/Request))
#48 C:/Minor Project/Minor-Project/OpensourceE-commercewebsite/vendor/laravel/framework/src/Illuminate/Pipeline/Pipeline.php(219): Illuminate/Foundation/Http/Middleware/PreventRequestsDuringMaintenance->handle(Object(Illuminate/Http/Request), Object(Closure))
#49 C:/Minor Project/Minor-Project/OpensourceE-commercewebsite/vendor/laravel/framework/src/Illuminate/Http/Middleware/HandleCors.php(61): Illuminate/Pipeline/Pipeline->{closure:{closure:Illuminate/Pipeline/Pipeline::carry():194}:195}(Object(Illuminate/Http/Request))
#50 C:/Minor Project/Minor-Project/OpensourceE-commercewebsite/vendor/laravel/framework/src/Illuminate/Pipeline/Pipeline.php(219): Illuminate/Http/Middleware/HandleCors->handle(Object(Illuminate/Http/Request), Object(Closure))
#51 C:/Minor Project/Minor-Project/OpensourceE-commercewebsite/vendor/laravel/framework/src/Illuminate/Http/Middleware/TrustProxies.php(58): Illuminate/Pipeline/Pipeline->{closure:{closure:Illuminate/Pipeline/Pipeline::carry():194}:195}(Object(Illuminate/Http/Request))
#52 C:/Minor Project/Minor-Project/OpensourceE-commercewebsite/vendor/laravel/framework/src/Illuminate/Pipeline/Pipeline.php(219): Illuminate/Http/Middleware/TrustProxies->handle(Object(Illuminate/Http/Request), Object(Closure))
#53 C:/Minor Project/Minor-Project/OpensourceE-commercewebsite/vendor/laravel/framework/src/Illuminate/Foundation/Http/Middleware/InvokeDeferredCallbacks.php(22): Illuminate/Pipeline/Pipeline->{closure:{closure:Illuminate/Pipeline/Pipeline::carry():194}:195}(Object(Illuminate/Http/Request))
#54 C:/Minor Project/Minor-Project/OpensourceE-commercewebsite/vendor/laravel/framework/src/Illuminate/Pipeline/Pipeline.php(219): Illuminate/Foundation/Http/Middleware/InvokeDeferredCallbacks->handle(Object(Illuminate/Http/Request), Object(Closure))
#55 C:/Minor Project/Minor-Project/OpensourceE-commercewebsite/vendor/laravel/framework/src/Illuminate/Http/Middleware/ValidatePathEncoding.php(28): Illuminate/Pipeline/Pipeline->{closure:{closure:Illuminate/Pipeline/Pipeline::carry():194}:195}(Object(Illuminate/Http/Request))
#56 C:/Minor Project/Minor-Project/OpensourceE-commercewebsite/vendor/laravel/framework/src/Illuminate/Pipeline/Pipeline.php(219): Illuminate/Http/Middleware/ValidatePathEncoding->handle(Object(Illuminate/Http/Request), Object(Closure))
#57 C:/Minor Project/Minor-Project/OpensourceE-commercewebsite/vendor/laravel/framework/src/Illuminate/Pipeline/Pipeline.php(137): Illuminate/Pipeline/Pipeline->{closure:{closure:Illuminate/Pipeline/Pipeline::carry():194}:195}(Object(Illuminate/Http/Request))
#58 C:/Minor Project/Minor-Project/OpensourceE-commercewebsite/vendor/laravel/framework/src/Illuminate/Foundation/Http/Kernel.php(175): Illuminate/Pipeline/Pipeline->then(Object(Closure))
#59 C:/Minor Project/Minor-Project/OpensourceE-commercewebsite/vendor/laravel/framework/src/Illuminate/Foundation/Http/Kernel.php(144): Illuminate/Foundation/Http/Kernel->sendRequestThroughRouter(Object(Illuminate/Http/Request))
#60 C:/Minor Project/Minor-Project/OpensourceE-commercewebsite/vendor/laravel/framework/src/Illuminate/Foundation/Application.php(1220): Illuminate/Foundation/Http/Kernel->handle(Object(Illuminate/Http/Request))
#61 C:/Minor Project/Minor-Project/OpensourceE-commercewebsite/public/index.php(20): Illuminate/Foundation/Application->handleRequest(Object(Illuminate/Http/Request))
#62 {main}
"} 
[2026-07-24 06:36:42] local.ERROR: SQLSTATE[HY000] [2002] No connection could be made because the target machine actively refused it (Connection: mysql, Host: 127.0.0.1, Port: 3306, Database: laravel, SQL: select * from `sessions` where `id` = M5nK6tQBNEm6ijeH8LzuJ4A9KDYPG4Ra8Yrk5lpb limit 1) {"exception":"[object] (Illuminate\\Database\\QueryException(code: 2002): SQLSTATE[HY000] [2002] No connection could be made because the target machine actively refused it (Connection: mysql, Host: 127.0.0.1, Port: 3306, Database: laravel, SQL: select * from `sessions` where `id` = M5nK6tQBNEm6ijeH8LzuJ4A9KDYPG4Ra8Yrk5lpb limit 1) at C:/Minor Project/Minor-Project/OpensourceE-commercewebsite/vendor/laravel/framework/src/Illuminate/Database/Connection.php:857)
[stacktrace]
#0 C:/Minor Project/Minor-Project/OpensourceE-commercewebsite/vendor/laravel/framework/src/Illuminate/Database/Connection.php(1037): Illuminate/Database/Connection->runQueryCallback('select * from `...', Array, Object(Closure))
#1 C:/Minor Project/Minor-Project/OpensourceE-commercewebsite/vendor/laravel/framework/src/Illuminate/Database/Connection.php(1016): Illuminate/Database/Connection->tryAgainIfCausedByLostConnection(Object(Illuminate/Database/QueryException), 'select * from `...', Array, Object(Closure))
#2 C:/Minor Project/Minor-Project/OpensourceE-commercewebsite/vendor/laravel/framework/src/Illuminate/Database/Connection.php(815): Illuminate/Database/Connection->handleQueryException(Object(Illuminate/Database/QueryException), 'select * from `...', Array, Object(Closure))
#3 C:/Minor Project/Minor-Project/OpensourceE-commercewebsite/vendor/laravel/framework/src/Illuminate/Database/Connection.php(426): Illuminate/Database/Connection->run('select * from `...', Array, Object(Closure))
#4 C:/Minor Project/Minor-Project/OpensourceE-commercewebsite/vendor/laravel/framework/src/Illuminate/Database/Query/Builder.php(3573): Illuminate/Database/Connection->select('select * from `...', Array, false, Array)
#5 C:/Minor Project/Minor-Project/OpensourceE-commercewebsite/vendor/laravel/framework/src/Illuminate/Database/Query/Builder.php(3557): Illuminate/Database/Query/Builder->runSelect()
#6 C:/Minor Project/Minor-Project/OpensourceE-commercewebsite/vendor/laravel/framework/src/Illuminate/Database/Concerns/BuildsQueries.php(366): Illuminate/Database/Query/Builder->get(Array)
#7 C:/Minor Project/Minor-Project/OpensourceE-commercewebsite/vendor/laravel/framework/src/Illuminate/Database/Query/Builder.php(3475): Illuminate/Database/Query/Builder->first(Array)
#8 C:/Minor Project/Minor-Project/OpensourceE-commercewebsite/vendor/laravel/framework/src/Illuminate/Session/DatabaseSessionHandler.php(96): Illuminate/Database/Query/Builder->find('M5nK6tQBNEm6ije...')
#9 C:/Minor Project/Minor-Project/OpensourceE-commercewebsite/vendor/laravel/framework/src/Illuminate/Session/Store.php(128): Illuminate/Session/DatabaseSessionHandler->read('M5nK6tQBNEm6ije...')
#10 C:/Minor Project/Minor-Project/OpensourceE-commercewebsite/vendor/laravel/framework/src/Illuminate/Session/Store.php(116): Illuminate/Session/Store->readFromHandler()
#11 C:/Minor Project/Minor-Project/OpensourceE-commercewebsite/vendor/laravel/framework/src/Illuminate/Session/Store.php(100): Illuminate/Session/Store->loadSession()
#12 C:/Minor Project/Minor-Project/OpensourceE-commercewebsite/vendor/laravel/framework/src/Illuminate/Session/Middleware/StartSession.php(146): Illuminate/Session/Store->start()
#13 C:/Minor Project/Minor-Project/OpensourceE-commercewebsite/vendor/laravel/framework/src/Illuminate/Support/helpers.php(393): Illuminate/Session/Middleware/StartSession->{closure:Illuminate/Session/Middleware/StartSession::startSession():143}(Object(Illuminate/Session/Store))
#14 C:/Minor Project/Minor-Project/OpensourceE-commercewebsite/vendor/laravel/framework/src/Illuminate/Session/Middleware/StartSession.php(143): tap(Object(Illuminate/Session/Store), Object(Closure))
#15 C:/Minor Project/Minor-Project/OpensourceE-commercewebsite/vendor/laravel/framework/src/Illuminate/Session/Middleware/StartSession.php(115): Illuminate/Session/Middleware/StartSession->startSession(Object(Illuminate/Http/Request), Object(Illuminate/Session/Store))
#16 C:/Minor Project/Minor-Project/OpensourceE-commercewebsite/vendor/laravel/framework/src/Illuminate/Session/Middleware/StartSession.php(63): Illuminate/Session/Middleware/StartSession->handleStatefulRequest(Object(Illuminate/Http/Request), Object(Illuminate/Session/Store), Object(Closure))
#17 C:/Minor Project/Minor-Project/OpensourceE-commercewebsite/vendor/laravel/framework/src/Illuminate/Pipeline/Pipeline.php(219): Illuminate/Session/Middleware/StartSession->handle(Object(Illuminate/Http/Request), Object(Closure))
#18 C:/Minor Project/Minor-Project/OpensourceE-commercewebsite/vendor/laravel/framework/src/Illuminate/Cookie/Middleware/AddQueuedCookiesToResponse.php(36): Illuminate/Pipeline/Pipeline->{closure:{closure:Illuminate/Pipeline/Pipeline::carry():194}:195}(Object(Illuminate/Http/Request))
#19 C:/Minor Project/Minor-Project/OpensourceE-commercewebsite/vendor/laravel/framework/src/Illuminate/Pipeline/Pipeline.php(219): Illuminate/Cookie/Middleware/AddQueuedCookiesToResponse->handle(Object(Illuminate/Http/Request), Object(Closure))
#20 C:/Minor Project/Minor-Project/OpensourceE-commercewebsite/vendor/laravel/framework/src/Illuminate/Cookie/Middleware/EncryptCookies.php(74): Illuminate/Pipeline/Pipeline->{closure:{closure:Illuminate/Pipeline/Pipeline::carry():194}:195}(Object(Illuminate/Http/Request))
#21 C:/Minor Project/Minor-Project/OpensourceE-commercewebsite/vendor/laravel/framework/src/Illuminate/Pipeline/Pipeline.php(219): Illuminate/Cookie/Middleware/EncryptCookies->handle(Object(Illuminate/Http/Request), Object(Closure))
#22 C:/Minor Project/Minor-Project/OpensourceE-commercewebsite/vendor/laravel/framework/src/Illuminate/Pipeline/Pipeline.php(137): Illuminate/Pipeline/Pipeline->{closure:{closure:Illuminate/Pipeline/Pipeline::carry():194}:195}(Object(Illuminate/Http/Request))
#23 C:/Minor Project/Minor-Project/OpensourceE-commercewebsite/vendor/laravel/framework/src/Illuminate/Routing/Router.php(821): Illuminate/Pipeline/Pipeline->then(Object(Closure))
#24 C:/Minor Project/Minor-Project/OpensourceE-commercewebsite/vendor/laravel/framework/src/Illuminate/Routing/Router.php(800): Illuminate/Routing/Router->runRouteWithinStack(Object(Illuminate/Routing/Route), Object(Illuminate/Http/Request))
#25 C:/Minor Project/Minor-Project/OpensourceE-commercewebsite/vendor/laravel/framework/src/Illuminate/Routing/Router.php(764): Illuminate/Routing/Router->runRoute(Object(Illuminate/Http/Request), Object(Illuminate/Routing/Route))
#26 C:/Minor Project/Minor-Project/OpensourceE-commercewebsite/vendor/laravel/framework/src/Illuminate/Routing/Router.php(753): Illuminate/Routing/Router->dispatchToRoute(Object(Illuminate/Http/Request))
#27 C:/Minor Project/Minor-Project/OpensourceE-commercewebsite/vendor/laravel/framework/src/Illuminate/Foundation/Http/Kernel.php(200): Illuminate/Routing/Router->dispatch(Object(Illuminate/Http/Request))
#28 C:/Minor Project/Minor-Project/OpensourceE-commercewebsite/vendor/laravel/framework/src/Illuminate/Pipeline/Pipeline.php(180): Illuminate/Foundation/Http/Kernel->{closure:Illuminate/Foundation/Http/Kernel::dispatchToRouter():197}(Object(Illuminate/Http/Request))
#29 C:/Minor Project/Minor-Project/OpensourceE-commercewebsite/vendor/laravel/framework/src/Illuminate/Foundation/Http/Middleware/TransformsRequest.php(21): Illuminate/Pipeline/Pipeline->{closure:Illuminate/Pipeline/Pipeline::prepareDestination():178}(Object(Illuminate/Http/Request))
#30 C:/Minor Project/Minor-Project/OpensourceE-commercewebsite/vendor/laravel/framework/src/Illuminate/Foundation/Http/Middleware/ConvertEmptyStringsToNull.php(31): Illuminate/Foundation/Http/Middleware/TransformsRequest->handle(Object(Illuminate/Http/Request), Object(Closure))
#31 C:/Minor Project/Minor-Project/OpensourceE-commercewebsite/vendor/laravel/framework/src/Illuminate/Pipeline/Pipeline.php(219): Illuminate/Foundation/Http/Middleware/ConvertEmptyStringsToNull->handle(Object(Illuminate/Http/Request), Object(Closure))
#32 C:/Minor Project/Minor-Project/OpensourceE-commercewebsite/vendor/laravel/framework/src/Illuminate/Foundation/Http/Middleware/TransformsRequest.php(21): Illuminate/Pipeline/Pipeline->{closure:{closure:Illuminate/Pipeline/Pipeline::carry():194}:195}(Object(Illuminate/Http/Request))
#33 C:/Minor Project/Minor-Project/OpensourceE-commercewebsite/vendor/laravel/framework/src/Illuminate/Foundation/Http/Middleware/TrimStrings.php(51): Illuminate/Foundation/Http/Middleware/TransformsRequest->handle(Object(Illuminate/Http/Request), Object(Closure))
#34 C:/Minor Project/Minor-Project/OpensourceE-commercewebsite/vendor/laravel/framework/src/Illuminate/Pipeline/Pipeline.php(219): Illuminate/Foundation/Http/Middleware/TrimStrings->handle(Object(Illuminate/Http/Request), Object(Closure))
#35 C:/Minor Project/Minor-Project/OpensourceE-commercewebsite/vendor/laravel/framework/src/Illuminate/Http/Middleware/ValidatePostSize.php(27): Illuminate/Pipeline/Pipeline->{closure:{closure:Illuminate/Pipeline/Pipeline::carry():194}:195}(Object(Illuminate/Http/Request))
#36 C:/Minor Project/Minor-Project/OpensourceE-commercewebsite/vendor/laravel/framework/src/Illuminate/Pipeline/Pipeline.php(219): Illuminate/Http/Middleware/ValidatePostSize->handle(Object(Illuminate/Http/Request), Object(Closure))
#37 C:/Minor Project/Minor-Project/OpensourceE-commercewebsite/vendor/laravel/framework/src/Illuminate/Foundation/Http/Middleware/PreventRequestsDuringMaintenance.php(109): Illuminate/Pipeline/Pipeline->{closure:{closure:Illuminate/Pipeline/Pipeline::carry():194}:195}(Object(Illuminate/Http/Request))
#38 C:/Minor Project/Minor-Project/OpensourceE-commercewebsite/vendor/laravel/framework/src/Illuminate/Pipeline/Pipeline.php(219): Illuminate/Foundation/Http/Middleware/PreventRequestsDuringMaintenance->handle(Object(Illuminate/Http/Request), Object(Closure))
#39 C:/Minor Project/Minor-Project/OpensourceE-commercewebsite/vendor/laravel/framework/src/Illuminate/Http/Middleware/HandleCors.php(61): Illuminate/Pipeline/Pipeline->{closure:{closure:Illuminate/Pipeline/Pipeline::carry():194}:195}(Object(Illuminate/Http/Request))
#40 C:/Minor Project/Minor-Project/OpensourceE-commercewebsite/vendor/laravel/framework/src/Illuminate/Pipeline/Pipeline.php(219): Illuminate/Http/Middleware/HandleCors->handle(Object(Illuminate/Http/Request), Object(Closure))
#41 C:/Minor Project/Minor-Project/OpensourceE-commercewebsite/vendor/laravel/framework/src/Illuminate/Http/Middleware/TrustProxies.php(58): Illuminate/Pipeline/Pipeline->{closure:{closure:Illuminate/Pipeline/Pipeline::carry():194}:195}(Object(Illuminate/Http/Request))
#42 C:/Minor Project/Minor-Project/OpensourceE-commercewebsite/vendor/laravel/framework/src/Illuminate/Pipeline/Pipeline.php(219): Illuminate/Http/Middleware/TrustProxies->handle(Object(Illuminate/Http/Request), Object(Closure))
#43 C:/Minor Project/Minor-Project/OpensourceE-commercewebsite/vendor/laravel/framework/src/Illuminate/Foundation/Http/Middleware/InvokeDeferredCallbacks.php(22): Illuminate/Pipeline/Pipeline->{closure:{closure:Illuminate/Pipeline/Pipeline::carry():194}:195}(Object(Illuminate/Http/Request))
#44 C:/Minor Project/Minor-Project/OpensourceE-commercewebsite/vendor/laravel/framework/src/Illuminate/Pipeline/Pipeline.php(219): Illuminate/Foundation/Http/Middleware/InvokeDeferredCallbacks->handle(Object(Illuminate/Http/Request), Object(Closure))
#45 C:/Minor Project/Minor-Project/OpensourceE-commercewebsite/vendor/laravel/framework/src/Illuminate/Http/Middleware/ValidatePathEncoding.php(28): Illuminate/Pipeline/Pipeline->{closure:{closure:Illuminate/Pipeline/Pipeline::carry():194}:195}(Object(Illuminate/Http/Request))
#46 C:/Minor Project/Minor-Project/OpensourceE-commercewebsite/vendor/laravel/framework/src/Illuminate/Pipeline/Pipeline.php(219): Illuminate/Http/Middleware/ValidatePathEncoding->handle(Object(Illuminate/Http/Request), Object(Closure))
#47 C:/Minor Project/Minor-Project/OpensourceE-commercewebsite/vendor/laravel/framework/src/Illuminate/Pipeline/Pipeline.php(137): Illuminate/Pipeline/Pipeline->{closure:{closure:Illuminate/Pipeline/Pipeline::carry():194}:195}(Object(Illuminate/Http/Request))
#48 C:/Minor Project/Minor-Project/OpensourceE-commercewebsite/vendor/laravel/framework/src/Illuminate/Foundation/Http/Kernel.php(175): Illuminate/Pipeline/Pipeline->then(Object(Closure))
#49 C:/Minor Project/Minor-Project/OpensourceE-commercewebsite/vendor/laravel/framework/src/Illuminate/Foundation/Http/Kernel.php(144): Illuminate/Foundation/Http/Kernel->sendRequestThroughRouter(Object(Illuminate/Http/Request))
#50 C:/Minor Project/Minor-Project/OpensourceE-commercewebsite/vendor/laravel/framework/src/Illuminate/Foundation/Application.php(1220): Illuminate/Foundation/Http/Kernel->handle(Object(Illuminate/Http/Request))
#51 C:/Minor Project/Minor-Project/OpensourceE-commercewebsite/public/index.php(20): Illuminate/Foundation/Application->handleRequest(Object(Illuminate/Http/Request))
#52 {main}

[previous exception] [object] (PDOException(code: 2002): SQLSTATE[HY000] [2002] No connection could be made because the target machine actively refused it at C:/Minor Project/Minor-Project/OpensourceE-commercewebsite/vendor/laravel/framework/src/Illuminate/Database/Connectors/Connector.php:67)
[stacktrace]
#0 C:/Minor Project/Minor-Project/OpensourceE-commercewebsite/vendor/laravel/framework/src/Illuminate/Database/Connectors/Connector.php(67): PDO::connect('mysql:host=127....', 'root', Object(SensitiveParameterValue), Array)
#1 C:/Minor Project/Minor-Project/OpensourceE-commercewebsite/vendor/laravel/framework/src/Illuminate/Database/Connectors/Connector.php(85): Illuminate/Database/Connectors/Connector->createPdoConnection('mysql:host=127....', 'root', Object(SensitiveParameterValue), Array)
#2 C:/Minor Project/Minor-Project/OpensourceE-commercewebsite/vendor/laravel/framework/src/Illuminate/Database/Connectors/Connector.php(48): Illuminate/Database/Connectors/Connector->tryAgainIfCausedByLostConnection(Object(PDOException), 'mysql:host=127....', 'root', Object(SensitiveParameterValue), Array)
#3 C:/Minor Project/Minor-Project/OpensourceE-commercewebsite/vendor/laravel/framework/src/Illuminate/Database/Connectors/MySqlConnector.php(24): Illuminate/Database/Connectors/Connector->createConnection('mysql:host=127....', Array, Array)
#4 C:/Minor Project/Minor-Project/OpensourceE-commercewebsite/vendor/laravel/framework/src/Illuminate/Database/Connectors/ConnectionFactory.php(220): Illuminate/Database/Connectors/MySqlConnector->connect(Array)
#5 [internal function]: Illuminate/Database/Connectors/ConnectionFactory->{closure:Illuminate/Database/Connectors/ConnectionFactory::createPdoResolverWithHosts():213}()
#6 C:/Minor Project/Minor-Project/OpensourceE-commercewebsite/vendor/laravel/framework/src/Illuminate/Database/Connection.php(1297): call_user_func(Object(Closure))
#7 C:/Minor Project/Minor-Project/OpensourceE-commercewebsite/vendor/laravel/framework/src/Illuminate/Database/Connection.php(542): Illuminate/Database/Connection->getPdo()
#8 C:/Minor Project/Minor-Project/OpensourceE-commercewebsite/vendor/laravel/framework/src/Illuminate/Database/Connection.php(435): Illuminate/Database/Connection->getPdoForSelect(false)
#9 C:/Minor Project/Minor-Project/OpensourceE-commercewebsite/vendor/laravel/framework/src/Illuminate/Database/Connection.php(846): Illuminate/Database/Connection->{closure:Illuminate/Database/Connection::select():426}('select * from `...', Array)
#10 C:/Minor Project/Minor-Project/OpensourceE-commercewebsite/vendor/laravel/framework/src/Illuminate/Database/Connection.php(1037): Illuminate/Database/Connection->runQueryCallback('select * from `...', Array, Object(Closure))
#11 C:/Minor Project/Minor-Project/OpensourceE-commercewebsite/vendor/laravel/framework/src/Illuminate/Database/Connection.php(1016): Illuminate/Database/Connection->tryAgainIfCausedByLostConnection(Object(Illuminate/Database/QueryException), 'select * from `...', Array, Object(Closure))
#12 C:/Minor Project/Minor-Project/OpensourceE-commercewebsite/vendor/laravel/framework/src/Illuminate/Database/Connection.php(815): Illuminate/Database/Connection->handleQueryException(Object(Illuminate/Database/QueryException), 'select * from `...', Array, Object(Closure))
#13 C:/Minor Project/Minor-Project/OpensourceE-commercewebsite/vendor/laravel/framework/src/Illuminate/Database/Connection.php(426): Illuminate/Database/Connection->run('select * from `...', Array, Object(Closure))
#14 C:/Minor Project/Minor-Project/OpensourceE-commercewebsite/vendor/laravel/framework/src/Illuminate/Database/Query/Builder.php(3573): Illuminate/Database/Connection->select('select * from `...', Array, false, Array)
#15 C:/Minor Project/Minor-Project/OpensourceE-commercewebsite/vendor/laravel/framework/src/Illuminate/Database/Query/Builder.php(3557): Illuminate/Database/Query/Builder->runSelect()
#16 C:/Minor Project/Minor-Project/OpensourceE-commercewebsite/vendor/laravel/framework/src/Illuminate/Database/Concerns/BuildsQueries.php(366): Illuminate/Database/Query/Builder->get(Array)
#17 C:/Minor Project/Minor-Project/OpensourceE-commercewebsite/vendor/laravel/framework/src/Illuminate/Database/Query/Builder.php(3475): Illuminate/Database/Query/Builder->first(Array)
#18 C:/Minor Project/Minor-Project/OpensourceE-commercewebsite/vendor/laravel/framework/src/Illuminate/Session/DatabaseSessionHandler.php(96): Illuminate/Database/Query/Builder->find('M5nK6tQBNEm6ije...')
#19 C:/Minor Project/Minor-Project/OpensourceE-commercewebsite/vendor/laravel/framework/src/Illuminate/Session/Store.php(128): Illuminate/Session/DatabaseSessionHandler->read('M5nK6tQBNEm6ije...')
#20 C:/Minor Project/Minor-Project/OpensourceE-commercewebsite/vendor/laravel/framework/src/Illuminate/Session/Store.php(116): Illuminate/Session/Store->readFromHandler()
#21 C:/Minor Project/Minor-Project/OpensourceE-commercewebsite/vendor/laravel/framework/src/Illuminate/Session/Store.php(100): Illuminate/Session/Store->loadSession()
#22 C:/Minor Project/Minor-Project/OpensourceE-commercewebsite/vendor/laravel/framework/src/Illuminate/Session/Middleware/StartSession.php(146): Illuminate/Session/Store->start()
#23 C:/Minor Project/Minor-Project/OpensourceE-commercewebsite/vendor/laravel/framework/src/Illuminate/Support/helpers.php(393): Illuminate/Session/Middleware/StartSession->{closure:Illuminate/Session/Middleware/StartSession::startSession():143}(Object(Illuminate/Session/Store))
#24 C:/Minor Project/Minor-Project/OpensourceE-commercewebsite/vendor/laravel/framework/src/Illuminate/Session/Middleware/StartSession.php(143): tap(Object(Illuminate/Session/Store), Object(Closure))
#25 C:/Minor Project/Minor-Project/OpensourceE-commercewebsite/vendor/laravel/framework/src/Illuminate/Session/Middleware/StartSession.php(115): Illuminate/Session/Middleware/StartSession->startSession(Object(Illuminate/Http/Request), Object(Illuminate/Session/Store))
#26 C:/Minor Project/Minor-Project/OpensourceE-commercewebsite/vendor/laravel/framework/src/Illuminate/Session/Middleware/StartSession.php(63): Illuminate/Session/Middleware/StartSession->handleStatefulRequest(Object(Illuminate/Http/Request), Object(Illuminate/Session/Store), Object(Closure))
#27 C:/Minor Project/Minor-Project/OpensourceE-commercewebsite/vendor/laravel/framework/src/Illuminate/Pipeline/Pipeline.php(219): Illuminate/Session/Middleware/StartSession->handle(Object(Illuminate/Http/Request), Object(Closure))
#28 C:/Minor Project/Minor-Project/OpensourceE-commercewebsite/vendor/laravel/framework/src/Illuminate/Cookie/Middleware/AddQueuedCookiesToResponse.php(36): Illuminate/Pipeline/Pipeline->{closure:{closure:Illuminate/Pipeline/Pipeline::carry():194}:195}(Object(Illuminate/Http/Request))
#29 C:/Minor Project/Minor-Project/OpensourceE-commercewebsite/vendor/laravel/framework/src/Illuminate/Pipeline/Pipeline.php(219): Illuminate/Cookie/Middleware/AddQueuedCookiesToResponse->handle(Object(Illuminate/Http/Request), Object(Closure))
#30 C:/Minor Project/Minor-Project/OpensourceE-commercewebsite/vendor/laravel/framework/src/Illuminate/Cookie/Middleware/EncryptCookies.php(74): Illuminate/Pipeline/Pipeline->{closure:{closure:Illuminate/Pipeline/Pipeline::carry():194}:195}(Object(Illuminate/Http/Request))
#31 C:/Minor Project/Minor-Project/OpensourceE-commercewebsite/vendor/laravel/framework/src/Illuminate/Pipeline/Pipeline.php(219): Illuminate/Cookie/Middleware/EncryptCookies->handle(Object(Illuminate/Http/Request), Object(Closure))
#32 C:/Minor Project/Minor-Project/OpensourceE-commercewebsite/vendor/laravel/framework/src/Illuminate/Pipeline/Pipeline.php(137): Illuminate/Pipeline/Pipeline->{closure:{closure:Illuminate/Pipeline/Pipeline::carry():194}:195}(Object(Illuminate/Http/Request))
#33 C:/Minor Project/Minor-Project/OpensourceE-commercewebsite/vendor/laravel/framework/src/Illuminate/Routing/Router.php(821): Illuminate/Pipeline/Pipeline->then(Object(Closure))
#34 C:/Minor Project/Minor-Project/OpensourceE-commercewebsite/vendor/laravel/framework/src/Illuminate/Routing/Router.php(800): Illuminate/Routing/Router->runRouteWithinStack(Object(Illuminate/Routing/Route), Object(Illuminate/Http/Request))
#35 C:/Minor Project/Minor-Project/OpensourceE-commercewebsite/vendor/laravel/framework/src/Illuminate/Routing/Router.php(764): Illuminate/Routing/Router->runRoute(Object(Illuminate/Http/Request), Object(Illuminate/Routing/Route))
#36 C:/Minor Project/Minor-Project/OpensourceE-commercewebsite/vendor/laravel/framework/src/Illuminate/Routing/Router.php(753): Illuminate/Routing/Router->dispatchToRoute(Object(Illuminate/Http/Request))
#37 C:/Minor Project/Minor-Project/OpensourceE-commercewebsite/vendor/laravel/framework/src/Illuminate/Foundation/Http/Kernel.php(200): Illuminate/Routing/Router->dispatch(Object(Illuminate/Http/Request))
#38 C:/Minor Project/Minor-Project/OpensourceE-commercewebsite/vendor/laravel/framework/src/Illuminate/Pipeline/Pipeline.php(180): Illuminate/Foundation/Http/Kernel->{closure:Illuminate/Foundation/Http/Kernel::dispatchToRouter():197}(Object(Illuminate/Http/Request))
#39 C:/Minor Project/Minor-Project/OpensourceE-commercewebsite/vendor/laravel/framework/src/Illuminate/Foundation/Http/Middleware/TransformsRequest.php(21): Illuminate/Pipeline/Pipeline->{closure:Illuminate/Pipeline/Pipeline::prepareDestination():178}(Object(Illuminate/Http/Request))
#40 C:/Minor Project/Minor-Project/OpensourceE-commercewebsite/vendor/laravel/framework/src/Illuminate/Foundation/Http/Middleware/ConvertEmptyStringsToNull.php(31): Illuminate/Foundation/Http/Middleware/TransformsRequest->handle(Object(Illuminate/Http/Request), Object(Closure))
#41 C:/Minor Project/Minor-Project/OpensourceE-commercewebsite/vendor/laravel/framework/src/Illuminate/Pipeline/Pipeline.php(219): Illuminate/Foundation/Http/Middleware/ConvertEmptyStringsToNull->handle(Object(Illuminate/Http/Request), Object(Closure))
#42 C:/Minor Project/Minor-Project/OpensourceE-commercewebsite/vendor/laravel/framework/src/Illuminate/Foundation/Http/Middleware/TransformsRequest.php(21): Illuminate/Pipeline/Pipeline->{closure:{closure:Illuminate/Pipeline/Pipeline::carry():194}:195}(Object(Illuminate/Http/Request))
#43 C:/Minor Project/Minor-Project/OpensourceE-commercewebsite/vendor/laravel/framework/src/Illuminate/Foundation/Http/Middleware/TrimStrings.php(51): Illuminate/Foundation/Http/Middleware/TransformsRequest->handle(Object(Illuminate/Http/Request), Object(Closure))
#44 C:/Minor Project/Minor-Project/OpensourceE-commercewebsite/vendor/laravel/framework/src/Illuminate/Pipeline/Pipeline.php(219): Illuminate/Foundation/Http/Middleware/TrimStrings->handle(Object(Illuminate/Http/Request), Object(Closure))
#45 C:/Minor Project/Minor-Project/OpensourceE-commercewebsite/vendor/laravel/framework/src/Illuminate/Http/Middleware/ValidatePostSize.php(27): Illuminate/Pipeline/Pipeline->{closure:{closure:Illuminate/Pipeline/Pipeline::carry():194}:195}(Object(Illuminate/Http/Request))
#46 C:/Minor Project/Minor-Project/OpensourceE-commercewebsite/vendor/laravel/framework/src/Illuminate/Pipeline/Pipeline.php(219): Illuminate/Http/Middleware/ValidatePostSize->handle(Object(Illuminate/Http/Request), Object(Closure))
#47 C:/Minor Project/Minor-Project/OpensourceE-commercewebsite/vendor/laravel/framework/src/Illuminate/Foundation/Http/Middleware/PreventRequestsDuringMaintenance.php(109): Illuminate/Pipeline/Pipeline->{closure:{closure:Illuminate/Pipeline/Pipeline::carry():194}:195}(Object(Illuminate/Http/Request))
#48 C:/Minor Project/Minor-Project/OpensourceE-commercewebsite/vendor/laravel/framework/src/Illuminate/Pipeline/Pipeline.php(219): Illuminate/Foundation/Http/Middleware/PreventRequestsDuringMaintenance->handle(Object(Illuminate/Http/Request), Object(Closure))
#49 C:/Minor Project/Minor-Project/OpensourceE-commercewebsite/vendor/laravel/framework/src/Illuminate/Http/Middleware/HandleCors.php(61): Illuminate/Pipeline/Pipeline->{closure:{closure:Illuminate/Pipeline/Pipeline::carry():194}:195}(Object(Illuminate/Http/Request))
#50 C:/Minor Project/Minor-Project/OpensourceE-commercewebsite/vendor/laravel/framework/src/Illuminate/Pipeline/Pipeline.php(219): Illuminate/Http/Middleware/HandleCors->handle(Object(Illuminate/Http/Request), Object(Closure))
#51 C:/Minor Project/Minor-Project/OpensourceE-commercewebsite/vendor/laravel/framework/src/Illuminate/Http/Middleware/TrustProxies.php(58): Illuminate/Pipeline/Pipeline->{closure:{closure:Illuminate/Pipeline/Pipeline::carry():194}:195}(Object(Illuminate/Http/Request))
#52 C:/Minor Project/Minor-Project/OpensourceE-commercewebsite/vendor/laravel/framework/src/Illuminate/Pipeline/Pipeline.php(219): Illuminate/Http/Middleware/TrustProxies->handle(Object(Illuminate/Http/Request), Object(Closure))
#53 C:/Minor Project/Minor-Project/OpensourceE-commercewebsite/vendor/laravel/framework/src/Illuminate/Foundation/Http/Middleware/InvokeDeferredCallbacks.php(22): Illuminate/Pipeline/Pipeline->{closure:{closure:Illuminate/Pipeline/Pipeline::carry():194}:195}(Object(Illuminate/Http/Request))
#54 C:/Minor Project/Minor-Project/OpensourceE-commercewebsite/vendor/laravel/framework/src/Illuminate/Pipeline/Pipeline.php(219): Illuminate/Foundation/Http/Middleware/InvokeDeferredCallbacks->handle(Object(Illuminate/Http/Request), Object(Closure))
#55 C:/Minor Project/Minor-Project/OpensourceE-commercewebsite/vendor/laravel/framework/src/Illuminate/Http/Middleware/ValidatePathEncoding.php(28): Illuminate/Pipeline/Pipeline->{closure:{closure:Illuminate/Pipeline/Pipeline::carry():194}:195}(Object(Illuminate/Http/Request))
#56 C:/Minor Project/Minor-Project/OpensourceE-commercewebsite/vendor/laravel/framework/src/Illuminate/Pipeline/Pipeline.php(219): Illuminate/Http/Middleware/ValidatePathEncoding->handle(Object(Illuminate/Http/Request), Object(Closure))
#57 C:/Minor Project/Minor-Project/OpensourceE-commercewebsite/vendor/laravel/framework/src/Illuminate/Pipeline/Pipeline.php(137): Illuminate/Pipeline/Pipeline->{closure:{closure:Illuminate/Pipeline/Pipeline::carry():194}:195}(Object(Illuminate/Http/Request))
#58 C:/Minor Project/Minor-Project/OpensourceE-commercewebsite/vendor/laravel/framework/src/Illuminate/Foundation/Http/Kernel.php(175): Illuminate/Pipeline/Pipeline->then(Object(Closure))
#59 C:/Minor Project/Minor-Project/OpensourceE-commercewebsite/vendor/laravel/framework/src/Illuminate/Foundation/Http/Kernel.php(144): Illuminate/Foundation/Http/Kernel->sendRequestThroughRouter(Object(Illuminate/Http/Request))
#60 C:/Minor Project/Minor-Project/OpensourceE-commercewebsite/vendor/laravel/framework/src/Illuminate/Foundation/Application.php(1220): Illuminate/Foundation/Http/Kernel->handle(Object(Illuminate/Http/Request))
#61 C:/Minor Project/Minor-Project/OpensourceE-commercewebsite/public/index.php(20): Illuminate/Foundation/Application->handleRequest(Object(Illuminate/Http/Request))
#62 {main}
"} 
[2026-07-24 06:37:50] local.ERROR: SQLSTATE[HY000] [2002] No connection could be made because the target machine actively refused it (Connection: mysql, Host: 127.0.0.1, Port: 3306, Database: laravel, SQL: select * from `sessions` where `id` = M5nK6tQBNEm6ijeH8LzuJ4A9KDYPG4Ra8Yrk5lpb limit 1) {"exception":"[object] (Illuminate\\Database\\QueryException(code: 2002): SQLSTATE[HY000] [2002] No connection could be made because the target machine actively refused it (Connection: mysql, Host: 127.0.0.1, Port: 3306, Database: laravel, SQL: select * from `sessions` where `id` = M5nK6tQBNEm6ijeH8LzuJ4A9KDYPG4Ra8Yrk5lpb limit 1) at C:/Minor Project/Minor-Project/OpensourceE-commercewebsite/vendor/laravel/framework/src/Illuminate/Database/Connection.php:857)
[stacktrace]
#0 C:/Minor Project/Minor-Project/OpensourceE-commercewebsite/vendor/laravel/framework/src/Illuminate/Database/Connection.php(1037): Illuminate/Database/Connection->runQueryCallback('select * from `...', Array, Object(Closure))
#1 C:/Minor Project/Minor-Project/OpensourceE-commercewebsite/vendor/laravel/framework/src/Illuminate/Database/Connection.php(1016): Illuminate/Database/Connection->tryAgainIfCausedByLostConnection(Object(Illuminate/Database/QueryException), 'select * from `...', Array, Object(Closure))
#2 C:/Minor Project/Minor-Project/OpensourceE-commercewebsite/vendor/laravel/framework/src/Illuminate/Database/Connection.php(815): Illuminate/Database/Connection->handleQueryException(Object(Illuminate/Database/QueryException), 'select * from `...', Array, Object(Closure))
#3 C:/Minor Project/Minor-Project/OpensourceE-commercewebsite/vendor/laravel/framework/src/Illuminate/Database/Connection.php(426): Illuminate/Database/Connection->run('select * from `...', Array, Object(Closure))
#4 C:/Minor Project/Minor-Project/OpensourceE-commercewebsite/vendor/laravel/framework/src/Illuminate/Database/Query/Builder.php(3573): Illuminate/Database/Connection->select('select * from `...', Array, false, Array)
#5 C:/Minor Project/Minor-Project/OpensourceE-commercewebsite/vendor/laravel/framework/src/Illuminate/Database/Query/Builder.php(3557): Illuminate/Database/Query/Builder->runSelect()
#6 C:/Minor Project/Minor-Project/OpensourceE-commercewebsite/vendor/laravel/framework/src/Illuminate/Database/Concerns/BuildsQueries.php(366): Illuminate/Database/Query/Builder->get(Array)
#7 C:/Minor Project/Minor-Project/OpensourceE-commercewebsite/vendor/laravel/framework/src/Illuminate/Database/Query/Builder.php(3475): Illuminate/Database/Query/Builder->first(Array)
#8 C:/Minor Project/Minor-Project/OpensourceE-commercewebsite/vendor/laravel/framework/src/Illuminate/Session/DatabaseSessionHandler.php(96): Illuminate/Database/Query/Builder->find('M5nK6tQBNEm6ije...')
#9 C:/Minor Project/Minor-Project/OpensourceE-commercewebsite/vendor/laravel/framework/src/Illuminate/Session/Store.php(128): Illuminate/Session/DatabaseSessionHandler->read('M5nK6tQBNEm6ije...')
#10 C:/Minor Project/Minor-Project/OpensourceE-commercewebsite/vendor/laravel/framework/src/Illuminate/Session/Store.php(116): Illuminate/Session/Store->readFromHandler()
#11 C:/Minor Project/Minor-Project/OpensourceE-commercewebsite/vendor/laravel/framework/src/Illuminate/Session/Store.php(100): Illuminate/Session/Store->loadSession()
#12 C:/Minor Project/Minor-Project/OpensourceE-commercewebsite/vendor/laravel/framework/src/Illuminate/Session/Middleware/StartSession.php(146): Illuminate/Session/Store->start()
#13 C:/Minor Project/Minor-Project/OpensourceE-commercewebsite/vendor/laravel/framework/src/Illuminate/Support/helpers.php(393): Illuminate/Session/Middleware/StartSession->{closure:Illuminate/Session/Middleware/StartSession::startSession():143}(Object(Illuminate/Session/Store))
#14 C:/Minor Project/Minor-Project/OpensourceE-commercewebsite/vendor/laravel/framework/src/Illuminate/Session/Middleware/StartSession.php(143): tap(Object(Illuminate/Session/Store), Object(Closure))
#15 C:/Minor Project/Minor-Project/OpensourceE-commercewebsite/vendor/laravel/framework/src/Illuminate/Session/Middleware/StartSession.php(115): Illuminate/Session/Middleware/StartSession->startSession(Object(Illuminate/Http/Request), Object(Illuminate/Session/Store))
#16 C:/Minor Project/Minor-Project/OpensourceE-commercewebsite/vendor/laravel/framework/src/Illuminate/Session/Middleware/StartSession.php(63): Illuminate/Session/Middleware/StartSession->handleStatefulRequest(Object(Illuminate/Http/Request), Object(Illuminate/Session/Store), Object(Closure))
#17 C:/Minor Project/Minor-Project/OpensourceE-commercewebsite/vendor/laravel/framework/src/Illuminate/Pipeline/Pipeline.php(219): Illuminate/Session/Middleware/StartSession->handle(Object(Illuminate/Http/Request), Object(Closure))
#18 C:/Minor Project/Minor-Project/OpensourceE-commercewebsite/vendor/laravel/framework/src/Illuminate/Cookie/Middleware/AddQueuedCookiesToResponse.php(36): Illuminate/Pipeline/Pipeline->{closure:{closure:Illuminate/Pipeline/Pipeline::carry():194}:195}(Object(Illuminate/Http/Request))
#19 C:/Minor Project/Minor-Project/OpensourceE-commercewebsite/vendor/laravel/framework/src/Illuminate/Pipeline/Pipeline.php(219): Illuminate/Cookie/Middleware/AddQueuedCookiesToResponse->handle(Object(Illuminate/Http/Request), Object(Closure))
#20 C:/Minor Project/Minor-Project/OpensourceE-commercewebsite/vendor/laravel/framework/src/Illuminate/Cookie/Middleware/EncryptCookies.php(74): Illuminate/Pipeline/Pipeline->{closure:{closure:Illuminate/Pipeline/Pipeline::carry():194}:195}(Object(Illuminate/Http/Request))
#21 C:/Minor Project/Minor-Project/OpensourceE-commercewebsite/vendor/laravel/framework/src/Illuminate/Pipeline/Pipeline.php(219): Illuminate/Cookie/Middleware/EncryptCookies->handle(Object(Illuminate/Http/Request), Object(Closure))
#22 C:/Minor Project/Minor-Project/OpensourceE-commercewebsite/vendor/laravel/framework/src/Illuminate/Pipeline/Pipeline.php(137): Illuminate/Pipeline/Pipeline->{closure:{closure:Illuminate/Pipeline/Pipeline::carry():194}:195}(Object(Illuminate/Http/Request))
#23 C:/Minor Project/Minor-Project/OpensourceE-commercewebsite/vendor/laravel/framework/src/Illuminate/Routing/Router.php(821): Illuminate/Pipeline/Pipeline->then(Object(Closure))
#24 C:/Minor Project/Minor-Project/OpensourceE-commercewebsite/vendor/laravel/framework/src/Illuminate/Routing/Router.php(800): Illuminate/Routing/Router->runRouteWithinStack(Object(Illuminate/Routing/Route), Object(Illuminate/Http/Request))
#25 C:/Minor Project/Minor-Project/OpensourceE-commercewebsite/vendor/laravel/framework/src/Illuminate/Routing/Router.php(764): Illuminate/Routing/Router->runRoute(Object(Illuminate/Http/Request), Object(Illuminate/Routing/Route))
#26 C:/Minor Project/Minor-Project/OpensourceE-commercewebsite/vendor/laravel/framework/src/Illuminate/Routing/Router.php(753): Illuminate/Routing/Router->dispatchToRoute(Object(Illuminate/Http/Request))
#27 C:/Minor Project/Minor-Project/OpensourceE-commercewebsite/vendor/laravel/framework/src/Illuminate/Foundation/Http/Kernel.php(200): Illuminate/Routing/Router->dispatch(Object(Illuminate/Http/Request))
#28 C:/Minor Project/Minor-Project/OpensourceE-commercewebsite/vendor/laravel/framework/src/Illuminate/Pipeline/Pipeline.php(180): Illuminate/Foundation/Http/Kernel->{closure:Illuminate/Foundation/Http/Kernel::dispatchToRouter():197}(Object(Illuminate/Http/Request))
#29 C:/Minor Project/Minor-Project/OpensourceE-commercewebsite/vendor/laravel/framework/src/Illuminate/Foundation/Http/Middleware/TransformsRequest.php(21): Illuminate/Pipeline/Pipeline->{closure:Illuminate/Pipeline/Pipeline::prepareDestination():178}(Object(Illuminate/Http/Request))
#30 C:/Minor Project/Minor-Project/OpensourceE-commercewebsite/vendor/laravel/framework/src/Illuminate/Foundation/Http/Middleware/ConvertEmptyStringsToNull.php(31): Illuminate/Foundation/Http/Middleware/TransformsRequest->handle(Object(Illuminate/Http/Request), Object(Closure))
#31 C:/Minor Project/Minor-Project/OpensourceE-commercewebsite/vendor/laravel/framework/src/Illuminate/Pipeline/Pipeline.php(219): Illuminate/Foundation/Http/Middleware/ConvertEmptyStringsToNull->handle(Object(Illuminate/Http/Request), Object(Closure))
#32 C:/Minor Project/Minor-Project/OpensourceE-commercewebsite/vendor/laravel/framework/src/Illuminate/Foundation/Http/Middleware/TransformsRequest.php(21): Illuminate/Pipeline/Pipeline->{closure:{closure:Illuminate/Pipeline/Pipeline::carry():194}:195}(Object(Illuminate/Http/Request))
#33 C:/Minor Project/Minor-Project/OpensourceE-commercewebsite/vendor/laravel/framework/src/Illuminate/Foundation/Http/Middleware/TrimStrings.php(51): Illuminate/Foundation/Http/Middleware/TransformsRequest->handle(Object(Illuminate/Http/Request), Object(Closure))
#34 C:/Minor Project/Minor-Project/OpensourceE-commercewebsite/vendor/laravel/framework/src/Illuminate/Pipeline/Pipeline.php(219): Illuminate/Foundation/Http/Middleware/TrimStrings->handle(Object(Illuminate/Http/Request), Object(Closure))
#35 C:/Minor Project/Minor-Project/OpensourceE-commercewebsite/vendor/laravel/framework/src/Illuminate/Http/Middleware/ValidatePostSize.php(27): Illuminate/Pipeline/Pipeline->{closure:{closure:Illuminate/Pipeline/Pipeline::carry():194}:195}(Object(Illuminate/Http/Request))
#36 C:/Minor Project/Minor-Project/OpensourceE-commercewebsite/vendor/laravel/framework/src/Illuminate/Pipeline/Pipeline.php(219): Illuminate/Http/Middleware/ValidatePostSize->handle(Object(Illuminate/Http/Request), Object(Closure))
#37 C:/Minor Project/Minor-Project/OpensourceE-commercewebsite/vendor/laravel/framework/src/Illuminate/Foundation/Http/Middleware/PreventRequestsDuringMaintenance.php(109): Illuminate/Pipeline/Pipeline->{closure:{closure:Illuminate/Pipeline/Pipeline::carry():194}:195}(Object(Illuminate/Http/Request))
#38 C:/Minor Project/Minor-Project/OpensourceE-commercewebsite/vendor/laravel/framework/src/Illuminate/Pipeline/Pipeline.php(219): Illuminate/Foundation/Http/Middleware/PreventRequestsDuringMaintenance->handle(Object(Illuminate/Http/Request), Object(Closure))
#39 C:/Minor Project/Minor-Project/OpensourceE-commercewebsite/vendor/laravel/framework/src/Illuminate/Http/Middleware/HandleCors.php(61): Illuminate/Pipeline/Pipeline->{closure:{closure:Illuminate/Pipeline/Pipeline::carry():194}:195}(Object(Illuminate/Http/Request))
#40 C:/Minor Project/Minor-Project/OpensourceE-commercewebsite/vendor/laravel/framework/src/Illuminate/Pipeline/Pipeline.php(219): Illuminate/Http/Middleware/HandleCors->handle(Object(Illuminate/Http/Request), Object(Closure))
#41 C:/Minor Project/Minor-Project/OpensourceE-commercewebsite/vendor/laravel/framework/src/Illuminate/Http/Middleware/TrustProxies.php(58): Illuminate/Pipeline/Pipeline->{closure:{closure:Illuminate/Pipeline/Pipeline::carry():194}:195}(Object(Illuminate/Http/Request))
#42 C:/Minor Project/Minor-Project/OpensourceE-commercewebsite/vendor/laravel/framework/src/Illuminate/Pipeline/Pipeline.php(219): Illuminate/Http/Middleware/TrustProxies->handle(Object(Illuminate/Http/Request), Object(Closure))
#43 C:/Minor Project/Minor-Project/OpensourceE-commercewebsite/vendor/laravel/framework/src/Illuminate/Foundation/Http/Middleware/InvokeDeferredCallbacks.php(22): Illuminate/Pipeline/Pipeline->{closure:{closure:Illuminate/Pipeline/Pipeline::carry():194}:195}(Object(Illuminate/Http/Request))
#44 C:/Minor Project/Minor-Project/OpensourceE-commercewebsite/vendor/laravel/framework/src/Illuminate/Pipeline/Pipeline.php(219): Illuminate/Foundation/Http/Middleware/InvokeDeferredCallbacks->handle(Object(Illuminate/Http/Request), Object(Closure))
#45 C:/Minor Project/Minor-Project/OpensourceE-commercewebsite/vendor/laravel/framework/src/Illuminate/Http/Middleware/ValidatePathEncoding.php(28): Illuminate/Pipeline/Pipeline->{closure:{closure:Illuminate/Pipeline/Pipeline::carry():194}:195}(Object(Illuminate/Http/Request))
#46 C:/Minor Project/Minor-Project/OpensourceE-commercewebsite/vendor/laravel/framework/src/Illuminate/Pipeline/Pipeline.php(219): Illuminate/Http/Middleware/ValidatePathEncoding->handle(Object(Illuminate/Http/Request), Object(Closure))
#47 C:/Minor Project/Minor-Project/OpensourceE-commercewebsite/vendor/laravel/framework/src/Illuminate/Pipeline/Pipeline.php(137): Illuminate/Pipeline/Pipeline->{closure:{closure:Illuminate/Pipeline/Pipeline::carry():194}:195}(Object(Illuminate/Http/Request))
#48 C:/Minor Project/Minor-Project/OpensourceE-commercewebsite/vendor/laravel/framework/src/Illuminate/Foundation/Http/Kernel.php(175): Illuminate/Pipeline/Pipeline->then(Object(Closure))
#49 C:/Minor Project/Minor-Project/OpensourceE-commercewebsite/vendor/laravel/framework/src/Illuminate/Foundation/Http/Kernel.php(144): Illuminate/Foundation/Http/Kernel->sendRequestThroughRouter(Object(Illuminate/Http/Request))
#50 C:/Minor Project/Minor-Project/OpensourceE-commercewebsite/vendor/laravel/framework/src/Illuminate/Foundation/Application.php(1220): Illuminate/Foundation/Http/Kernel->handle(Object(Illuminate/Http/Request))
#51 C:/Minor Project/Minor-Project/OpensourceE-commercewebsite/public/index.php(20): Illuminate/Foundation/Application->handleRequest(Object(Illuminate/Http/Request))
#52 {main}

[previous exception] [object] (PDOException(code: 2002): SQLSTATE[HY000] [2002] No connection could be made because the target machine actively refused it at C:/Minor Project/Minor-Project/OpensourceE-commercewebsite/vendor/laravel/framework/src/Illuminate/Database/Connectors/Connector.php:67)
[stacktrace]
#0 C:/Minor Project/Minor-Project/OpensourceE-commercewebsite/vendor/laravel/framework/src/Illuminate/Database/Connectors/Connector.php(67): PDO::connect('mysql:host=127....', 'root', Object(SensitiveParameterValue), Array)
#1 C:/Minor Project/Minor-Project/OpensourceE-commercewebsite/vendor/laravel/framework/src/Illuminate/Database/Connectors/Connector.php(85): Illuminate/Database/Connectors/Connector->createPdoConnection('mysql:host=127....', 'root', Object(SensitiveParameterValue), Array)
#2 C:/Minor Project/Minor-Project/OpensourceE-commercewebsite/vendor/laravel/framework/src/Illuminate/Database/Connectors/Connector.php(48): Illuminate/Database/Connectors/Connector->tryAgainIfCausedByLostConnection(Object(PDOException), 'mysql:host=127....', 'root', Object(SensitiveParameterValue), Array)
#3 C:/Minor Project/Minor-Project/OpensourceE-commercewebsite/vendor/laravel/framework/src/Illuminate/Database/Connectors/MySqlConnector.php(24): Illuminate/Database/Connectors/Connector->createConnection('mysql:host=127....', Array, Array)
#4 C:/Minor Project/Minor-Project/OpensourceE-commercewebsite/vendor/laravel/framework/src/Illuminate/Database/Connectors/ConnectionFactory.php(220): Illuminate/Database/Connectors/MySqlConnector->connect(Array)
#5 [internal function]: Illuminate/Database/Connectors/ConnectionFactory->{closure:Illuminate/Database/Connectors/ConnectionFactory::createPdoResolverWithHosts():213}()
#6 C:/Minor Project/Minor-Project/OpensourceE-commercewebsite/vendor/laravel/framework/src/Illuminate/Database/Connection.php(1297): call_user_func(Object(Closure))
#7 C:/Minor Project/Minor-Project/OpensourceE-commercewebsite/vendor/laravel/framework/src/Illuminate/Database/Connection.php(542): Illuminate/Database/Connection->getPdo()
#8 C:/Minor Project/Minor-Project/OpensourceE-commercewebsite/vendor/laravel/framework/src/Illuminate/Database/Connection.php(435): Illuminate/Database/Connection->getPdoForSelect(false)
#9 C:/Minor Project/Minor-Project/OpensourceE-commercewebsite/vendor/laravel/framework/src/Illuminate/Database/Connection.php(846): Illuminate/Database/Connection->{closure:Illuminate/Database/Connection::select():426}('select * from `...', Array)
#10 C:/Minor Project/Minor-Project/OpensourceE-commercewebsite/vendor/laravel/framework/src/Illuminate/Database/Connection.php(1037): Illuminate/Database/Connection->runQueryCallback('select * from `...', Array, Object(Closure))
#11 C:/Minor Project/Minor-Project/OpensourceE-commercewebsite/vendor/laravel/framework/src/Illuminate/Database/Connection.php(1016): Illuminate/Database/Connection->tryAgainIfCausedByLostConnection(Object(Illuminate/Database/QueryException), 'select * from `...', Array, Object(Closure))
#12 C:/Minor Project/Minor-Project/OpensourceE-commercewebsite/vendor/laravel/framework/src/Illuminate/Database/Connection.php(815): Illuminate/Database/Connection->handleQueryException(Object(Illuminate/Database/QueryException), 'select * from `...', Array, Object(Closure))
#13 C:/Minor Project/Minor-Project/OpensourceE-commercewebsite/vendor/laravel/framework/src/Illuminate/Database/Connection.php(426): Illuminate/Database/Connection->run('select * from `...', Array, Object(Closure))
#14 C:/Minor Project/Minor-Project/OpensourceE-commercewebsite/vendor/laravel/framework/src/Illuminate/Database/Query/Builder.php(3573): Illuminate/Database/Connection->select('select * from `...', Array, false, Array)
#15 C:/Minor Project/Minor-Project/OpensourceE-commercewebsite/vendor/laravel/framework/src/Illuminate/Database/Query/Builder.php(3557): Illuminate/Database/Query/Builder->runSelect()
#16 C:/Minor Project/Minor-Project/OpensourceE-commercewebsite/vendor/laravel/framework/src/Illuminate/Database/Concerns/BuildsQueries.php(366): Illuminate/Database/Query/Builder->get(Array)
#17 C:/Minor Project/Minor-Project/OpensourceE-commercewebsite/vendor/laravel/framework/src/Illuminate/Database/Query/Builder.php(3475): Illuminate/Database/Query/Builder->first(Array)
#18 C:/Minor Project/Minor-Project/OpensourceE-commercewebsite/vendor/laravel/framework/src/Illuminate/Session/DatabaseSessionHandler.php(96): Illuminate/Database/Query/Builder->find('M5nK6tQBNEm6ije...')
#19 C:/Minor Project/Minor-Project/OpensourceE-commercewebsite/vendor/laravel/framework/src/Illuminate/Session/Store.php(128): Illuminate/Session/DatabaseSessionHandler->read('M5nK6tQBNEm6ije...')
#20 C:/Minor Project/Minor-Project/OpensourceE-commercewebsite/vendor/laravel/framework/src/Illuminate/Session/Store.php(116): Illuminate/Session/Store->readFromHandler()
#21 C:/Minor Project/Minor-Project/OpensourceE-commercewebsite/vendor/laravel/framework/src/Illuminate/Session/Store.php(100): Illuminate/Session/Store->loadSession()
#22 C:/Minor Project/Minor-Project/OpensourceE-commercewebsite/vendor/laravel/framework/src/Illuminate/Session/Middleware/StartSession.php(146): Illuminate/Session/Store->start()
#23 C:/Minor Project/Minor-Project/OpensourceE-commercewebsite/vendor/laravel/framework/src/Illuminate/Support/helpers.php(393): Illuminate/Session/Middleware/StartSession->{closure:Illuminate/Session/Middleware/StartSession::startSession():143}(Object(Illuminate/Session/Store))
#24 C:/Minor Project/Minor-Project/OpensourceE-commercewebsite/vendor/laravel/framework/src/Illuminate/Session/Middleware/StartSession.php(143): tap(Object(Illuminate/Session/Store), Object(Closure))
#25 C:/Minor Project/Minor-Project/OpensourceE-commercewebsite/vendor/laravel/framework/src/Illuminate/Session/Middleware/StartSession.php(115): Illuminate/Session/Middleware/StartSession->startSession(Object(Illuminate/Http/Request), Object(Illuminate/Session/Store))
#26 C:/Minor Project/Minor-Project/OpensourceE-commercewebsite/vendor/laravel/framework/src/Illuminate/Session/Middleware/StartSession.php(63): Illuminate/Session/Middleware/StartSession->handleStatefulRequest(Object(Illuminate/Http/Request), Object(Illuminate/Session/Store), Object(Closure))
#27 C:/Minor Project/Minor-Project/OpensourceE-commercewebsite/vendor/laravel/framework/src/Illuminate/Pipeline/Pipeline.php(219): Illuminate/Session/Middleware/StartSession->handle(Object(Illuminate/Http/Request), Object(Closure))
#28 C:/Minor Project/Minor-Project/OpensourceE-commercewebsite/vendor/laravel/framework/src/Illuminate/Cookie/Middleware/AddQueuedCookiesToResponse.php(36): Illuminate/Pipeline/Pipeline->{closure:{closure:Illuminate/Pipeline/Pipeline::carry():194}:195}(Object(Illuminate/Http/Request))
#29 C:/Minor Project/Minor-Project/OpensourceE-commercewebsite/vendor/laravel/framework/src/Illuminate/Pipeline/Pipeline.php(219): Illuminate/Cookie/Middleware/AddQueuedCookiesToResponse->handle(Object(Illuminate/Http/Request), Object(Closure))
#30 C:/Minor Project/Minor-Project/OpensourceE-commercewebsite/vendor/laravel/framework/src/Illuminate/Cookie/Middleware/EncryptCookies.php(74): Illuminate/Pipeline/Pipeline->{closure:{closure:Illuminate/Pipeline/Pipeline::carry():194}:195}(Object(Illuminate/Http/Request))
#31 C:/Minor Project/Minor-Project/OpensourceE-commercewebsite/vendor/laravel/framework/src/Illuminate/Pipeline/Pipeline.php(219): Illuminate/Cookie/Middleware/EncryptCookies->handle(Object(Illuminate/Http/Request), Object(Closure))
#32 C:/Minor Project/Minor-Project/OpensourceE-commercewebsite/vendor/laravel/framework/src/Illuminate/Pipeline/Pipeline.php(137): Illuminate/Pipeline/Pipeline->{closure:{closure:Illuminate/Pipeline/Pipeline::carry():194}:195}(Object(Illuminate/Http/Request))
#33 C:/Minor Project/Minor-Project/OpensourceE-commercewebsite/vendor/laravel/framework/src/Illuminate/Routing/Router.php(821): Illuminate/Pipeline/Pipeline->then(Object(Closure))
#34 C:/Minor Project/Minor-Project/OpensourceE-commercewebsite/vendor/laravel/framework/src/Illuminate/Routing/Router.php(800): Illuminate/Routing/Router->runRouteWithinStack(Object(Illuminate/Routing/Route), Object(Illuminate/Http/Request))
#35 C:/Minor Project/Minor-Project/OpensourceE-commercewebsite/vendor/laravel/framework/src/Illuminate/Routing/Router.php(764): Illuminate/Routing/Router->runRoute(Object(Illuminate/Http/Request), Object(Illuminate/Routing/Route))
#36 C:/Minor Project/Minor-Project/OpensourceE-commercewebsite/vendor/laravel/framework/src/Illuminate/Routing/Router.php(753): Illuminate/Routing/Router->dispatchToRoute(Object(Illuminate/Http/Request))
#37 C:/Minor Project/Minor-Project/OpensourceE-commercewebsite/vendor/laravel/framework/src/Illuminate/Foundation/Http/Kernel.php(200): Illuminate/Routing/Router->dispatch(Object(Illuminate/Http/Request))
#38 C:/Minor Project/Minor-Project/OpensourceE-commercewebsite/vendor/laravel/framework/src/Illuminate/Pipeline/Pipeline.php(180): Illuminate/Foundation/Http/Kernel->{closure:Illuminate/Foundation/Http/Kernel::dispatchToRouter():197}(Object(Illuminate/Http/Request))
#39 C:/Minor Project/Minor-Project/OpensourceE-commercewebsite/vendor/laravel/framework/src/Illuminate/Foundation/Http/Middleware/TransformsRequest.php(21): Illuminate/Pipeline/Pipeline->{closure:Illuminate/Pipeline/Pipeline::prepareDestination():178}(Object(Illuminate/Http/Request))
#40 C:/Minor Project/Minor-Project/OpensourceE-commercewebsite/vendor/laravel/framework/src/Illuminate/Foundation/Http/Middleware/ConvertEmptyStringsToNull.php(31): Illuminate/Foundation/Http/Middleware/TransformsRequest->handle(Object(Illuminate/Http/Request), Object(Closure))
#41 C:/Minor Project/Minor-Project/OpensourceE-commercewebsite/vendor/laravel/framework/src/Illuminate/Pipeline/Pipeline.php(219): Illuminate/Foundation/Http/Middleware/ConvertEmptyStringsToNull->handle(Object(Illuminate/Http/Request), Object(Closure))
#42 C:/Minor Project/Minor-Project/OpensourceE-commercewebsite/vendor/laravel/framework/src/Illuminate/Foundation/Http/Middleware/TransformsRequest.php(21): Illuminate/Pipeline/Pipeline->{closure:{closure:Illuminate/Pipeline/Pipeline::carry():194}:195}(Object(Illuminate/Http/Request))
#43 C:/Minor Project/Minor-Project/OpensourceE-commercewebsite/vendor/laravel/framework/src/Illuminate/Foundation/Http/Middleware/TrimStrings.php(51): Illuminate/Foundation/Http/Middleware/TransformsRequest->handle(Object(Illuminate/Http/Request), Object(Closure))
#44 C:/Minor Project/Minor-Project/OpensourceE-commercewebsite/vendor/laravel/framework/src/Illuminate/Pipeline/Pipeline.php(219): Illuminate/Foundation/Http/Middleware/TrimStrings->handle(Object(Illuminate/Http/Request), Object(Closure))
#45 C:/Minor Project/Minor-Project/OpensourceE-commercewebsite/vendor/laravel/framework/src/Illuminate/Http/Middleware/ValidatePostSize.php(27): Illuminate/Pipeline/Pipeline->{closure:{closure:Illuminate/Pipeline/Pipeline::carry():194}:195}(Object(Illuminate/Http/Request))
#46 C:/Minor Project/Minor-Project/OpensourceE-commercewebsite/vendor/laravel/framework/src/Illuminate/Pipeline/Pipeline.php(219): Illuminate/Http/Middleware/ValidatePostSize->handle(Object(Illuminate/Http/Request), Object(Closure))
#47 C:/Minor Project/Minor-Project/OpensourceE-commercewebsite/vendor/laravel/framework/src/Illuminate/Foundation/Http/Middleware/PreventRequestsDuringMaintenance.php(109): Illuminate/Pipeline/Pipeline->{closure:{closure:Illuminate/Pipeline/Pipeline::carry():194}:195}(Object(Illuminate/Http/Request))
#48 C:/Minor Project/Minor-Project/OpensourceE-commercewebsite/vendor/laravel/framework/src/Illuminate/Pipeline/Pipeline.php(219): Illuminate/Foundation/Http/Middleware/PreventRequestsDuringMaintenance->handle(Object(Illuminate/Http/Request), Object(Closure))
#49 C:/Minor Project/Minor-Project/OpensourceE-commercewebsite/vendor/laravel/framework/src/Illuminate/Http/Middleware/HandleCors.php(61): Illuminate/Pipeline/Pipeline->{closure:{closure:Illuminate/Pipeline/Pipeline::carry():194}:195}(Object(Illuminate/Http/Request))
#50 C:/Minor Project/Minor-Project/OpensourceE-commercewebsite/vendor/laravel/framework/src/Illuminate/Pipeline/Pipeline.php(219): Illuminate/Http/Middleware/HandleCors->handle(Object(Illuminate/Http/Request), Object(Closure))
#51 C:/Minor Project/Minor-Project/OpensourceE-commercewebsite/vendor/laravel/framework/src/Illuminate/Http/Middleware/TrustProxies.php(58): Illuminate/Pipeline/Pipeline->{closure:{closure:Illuminate/Pipeline/Pipeline::carry():194}:195}(Object(Illuminate/Http/Request))
#52 C:/Minor Project/Minor-Project/OpensourceE-commercewebsite/vendor/laravel/framework/src/Illuminate/Pipeline/Pipeline.php(219): Illuminate/Http/Middleware/TrustProxies->handle(Object(Illuminate/Http/Request), Object(Closure))
#53 C:/Minor Project/Minor-Project/OpensourceE-commercewebsite/vendor/laravel/framework/src/Illuminate/Foundation/Http/Middleware/InvokeDeferredCallbacks.php(22): Illuminate/Pipeline/Pipeline->{closure:{closure:Illuminate/Pipeline/Pipeline::carry():194}:195}(Object(Illuminate/Http/Request))
#54 C:/Minor Project/Minor-Project/OpensourceE-commercewebsite/vendor/laravel/framework/src/Illuminate/Pipeline/Pipeline.php(219): Illuminate/Foundation/Http/Middleware/InvokeDeferredCallbacks->handle(Object(Illuminate/Http/Request), Object(Closure))
#55 C:/Minor Project/Minor-Project/OpensourceE-commercewebsite/vendor/laravel/framework/src/Illuminate/Http/Middleware/ValidatePathEncoding.php(28): Illuminate/Pipeline/Pipeline->{closure:{closure:Illuminate/Pipeline/Pipeline::carry():194}:195}(Object(Illuminate/Http/Request))
#56 C:/Minor Project/Minor-Project/OpensourceE-commercewebsite/vendor/laravel/framework/src/Illuminate/Pipeline/Pipeline.php(219): Illuminate/Http/Middleware/ValidatePathEncoding->handle(Object(Illuminate/Http/Request), Object(Closure))
#57 C:/Minor Project/Minor-Project/OpensourceE-commercewebsite/vendor/laravel/framework/src/Illuminate/Pipeline/Pipeline.php(137): Illuminate/Pipeline/Pipeline->{closure:{closure:Illuminate/Pipeline/Pipeline::carry():194}:195}(Object(Illuminate/Http/Request))
#58 C:/Minor Project/Minor-Project/OpensourceE-commercewebsite/vendor/laravel/framework/src/Illuminate/Foundation/Http/Kernel.php(175): Illuminate/Pipeline/Pipeline->then(Object(Closure))
#59 C:/Minor Project/Minor-Project/OpensourceE-commercewebsite/vendor/laravel/framework/src/Illuminate/Foundation/Http/Kernel.php(144): Illuminate/Foundation/Http/Kernel->sendRequestThroughRouter(Object(Illuminate/Http/Request))
#60 C:/Minor Project/Minor-Project/OpensourceE-commercewebsite/vendor/laravel/framework/src/Illuminate/Foundation/Application.php(1220): Illuminate/Foundation/Http/Kernel->handle(Object(Illuminate/Http/Request))
#61 C:/Minor Project/Minor-Project/OpensourceE-commercewebsite/public/index.php(20): Illuminate/Foundation/Application->handleRequest(Object(Illuminate/Http/Request))
#62 {main}
"} 
[2026-07-24 06:38:28] local.ERROR: SQLSTATE[HY000] [2002] No connection could be made because the target machine actively refused it (Connection: mysql, Host: 127.0.0.1, Port: 3306, Database: laravel, SQL: select * from `sessions` where `id` = dWZSseZJFuDuvf03PjkQkLb2oG5054gBS277eoCy limit 1) {"exception":"[object] (Illuminate\\Database\\QueryException(code: 2002): SQLSTATE[HY000] [2002] No connection could be made because the target machine actively refused it (Connection: mysql, Host: 127.0.0.1, Port: 3306, Database: laravel, SQL: select * from `sessions` where `id` = dWZSseZJFuDuvf03PjkQkLb2oG5054gBS277eoCy limit 1) at C:/Minor Project/Minor-Project/OpensourceE-commercewebsite/vendor/laravel/framework/src/Illuminate/Database/Connection.php:857)
[stacktrace]
#0 C:/Minor Project/Minor-Project/OpensourceE-commercewebsite/vendor/laravel/framework/src/Illuminate/Database/Connection.php(1037): Illuminate/Database/Connection->runQueryCallback('select * from `...', Array, Object(Closure))
#1 C:/Minor Project/Minor-Project/OpensourceE-commercewebsite/vendor/laravel/framework/src/Illuminate/Database/Connection.php(1016): Illuminate/Database/Connection->tryAgainIfCausedByLostConnection(Object(Illuminate/Database/QueryException), 'select * from `...', Array, Object(Closure))
#2 C:/Minor Project/Minor-Project/OpensourceE-commercewebsite/vendor/laravel/framework/src/Illuminate/Database/Connection.php(815): Illuminate/Database/Connection->handleQueryException(Object(Illuminate/Database/QueryException), 'select * from `...', Array, Object(Closure))
#3 C:/Minor Project/Minor-Project/OpensourceE-commercewebsite/vendor/laravel/framework/src/Illuminate/Database/Connection.php(426): Illuminate/Database/Connection->run('select * from `...', Array, Object(Closure))
#4 C:/Minor Project/Minor-Project/OpensourceE-commercewebsite/vendor/laravel/framework/src/Illuminate/Database/Query/Builder.php(3573): Illuminate/Database/Connection->select('select * from `...', Array, false, Array)
#5 C:/Minor Project/Minor-Project/OpensourceE-commercewebsite/vendor/laravel/framework/src/Illuminate/Database/Query/Builder.php(3557): Illuminate/Database/Query/Builder->runSelect()
#6 C:/Minor Project/Minor-Project/OpensourceE-commercewebsite/vendor/laravel/framework/src/Illuminate/Database/Concerns/BuildsQueries.php(366): Illuminate/Database/Query/Builder->get(Array)
#7 C:/Minor Project/Minor-Project/OpensourceE-commercewebsite/vendor/laravel/framework/src/Illuminate/Database/Query/Builder.php(3475): Illuminate/Database/Query/Builder->first(Array)
#8 C:/Minor Project/Minor-Project/OpensourceE-commercewebsite/vendor/laravel/framework/src/Illuminate/Session/DatabaseSessionHandler.php(96): Illuminate/Database/Query/Builder->find('dWZSseZJFuDuvf0...')
#9 C:/Minor Project/Minor-Project/OpensourceE-commercewebsite/vendor/laravel/framework/src/Illuminate/Session/Store.php(128): Illuminate/Session/DatabaseSessionHandler->read('dWZSseZJFuDuvf0...')
#10 C:/Minor Project/Minor-Project/OpensourceE-commercewebsite/vendor/laravel/framework/src/Illuminate/Session/Store.php(116): Illuminate/Session/Store->readFromHandler()
#11 C:/Minor Project/Minor-Project/OpensourceE-commercewebsite/vendor/laravel/framework/src/Illuminate/Session/Store.php(100): Illuminate/Session/Store->loadSession()
#12 C:/Minor Project/Minor-Project/OpensourceE-commercewebsite/vendor/laravel/framework/src/Illuminate/Session/Middleware/StartSession.php(146): Illuminate/Session/Store->start()
#13 C:/Minor Project/Minor-Project/OpensourceE-commercewebsite/vendor/laravel/framework/src/Illuminate/Support/helpers.php(393): Illuminate/Session/Middleware/StartSession->{closure:Illuminate/Session/Middleware/StartSession::startSession():143}(Object(Illuminate/Session/Store))
#14 C:/Minor Project/Minor-Project/OpensourceE-commercewebsite/vendor/laravel/framework/src/Illuminate/Session/Middleware/StartSession.php(143): tap(Object(Illuminate/Session/Store), Object(Closure))
#15 C:/Minor Project/Minor-Project/OpensourceE-commercewebsite/vendor/laravel/framework/src/Illuminate/Session/Middleware/StartSession.php(115): Illuminate/Session/Middleware/StartSession->startSession(Object(Illuminate/Http/Request), Object(Illuminate/Session/Store))
#16 C:/Minor Project/Minor-Project/OpensourceE-commercewebsite/vendor/laravel/framework/src/Illuminate/Session/Middleware/StartSession.php(63): Illuminate/Session/Middleware/StartSession->handleStatefulRequest(Object(Illuminate/Http/Request), Object(Illuminate/Session/Store), Object(Closure))
#17 C:/Minor Project/Minor-Project/OpensourceE-commercewebsite/vendor/laravel/framework/src/Illuminate/Pipeline/Pipeline.php(219): Illuminate/Session/Middleware/StartSession->handle(Object(Illuminate/Http/Request), Object(Closure))
#18 C:/Minor Project/Minor-Project/OpensourceE-commercewebsite/vendor/laravel/framework/src/Illuminate/Cookie/Middleware/AddQueuedCookiesToResponse.php(36): Illuminate/Pipeline/Pipeline->{closure:{closure:Illuminate/Pipeline/Pipeline::carry():194}:195}(Object(Illuminate/Http/Request))
#19 C:/Minor Project/Minor-Project/OpensourceE-commercewebsite/vendor/laravel/framework/src/Illuminate/Pipeline/Pipeline.php(219): Illuminate/Cookie/Middleware/AddQueuedCookiesToResponse->handle(Object(Illuminate/Http/Request), Object(Closure))
#20 C:/Minor Project/Minor-Project/OpensourceE-commercewebsite/vendor/laravel/framework/src/Illuminate/Cookie/Middleware/EncryptCookies.php(74): Illuminate/Pipeline/Pipeline->{closure:{closure:Illuminate/Pipeline/Pipeline::carry():194}:195}(Object(Illuminate/Http/Request))
#21 C:/Minor Project/Minor-Project/OpensourceE-commercewebsite/vendor/laravel/framework/src/Illuminate/Pipeline/Pipeline.php(219): Illuminate/Cookie/Middleware/EncryptCookies->handle(Object(Illuminate/Http/Request), Object(Closure))
#22 C:/Minor Project/Minor-Project/OpensourceE-commercewebsite/vendor/laravel/framework/src/Illuminate/Pipeline/Pipeline.php(137): Illuminate/Pipeline/Pipeline->{closure:{closure:Illuminate/Pipeline/Pipeline::carry():194}:195}(Object(Illuminate/Http/Request))
#23 C:/Minor Project/Minor-Project/OpensourceE-commercewebsite/vendor/laravel/framework/src/Illuminate/Routing/Router.php(821): Illuminate/Pipeline/Pipeline->then(Object(Closure))
#24 C:/Minor Project/Minor-Project/OpensourceE-commercewebsite/vendor/laravel/framework/src/Illuminate/Routing/Router.php(800): Illuminate/Routing/Router->runRouteWithinStack(Object(Illuminate/Routing/Route), Object(Illuminate/Http/Request))
#25 C:/Minor Project/Minor-Project/OpensourceE-commercewebsite/vendor/laravel/framework/src/Illuminate/Routing/Router.php(764): Illuminate/Routing/Router->runRoute(Object(Illuminate/Http/Request), Object(Illuminate/Routing/Route))
#26 C:/Minor Project/Minor-Project/OpensourceE-commercewebsite/vendor/laravel/framework/src/Illuminate/Routing/Router.php(753): Illuminate/Routing/Router->dispatchToRoute(Object(Illuminate/Http/Request))
#27 C:/Minor Project/Minor-Project/OpensourceE-commercewebsite/vendor/laravel/framework/src/Illuminate/Foundation/Http/Kernel.php(200): Illuminate/Routing/Router->dispatch(Object(Illuminate/Http/Request))
#28 C:/Minor Project/Minor-Project/OpensourceE-commercewebsite/vendor/laravel/framework/src/Illuminate/Pipeline/Pipeline.php(180): Illuminate/Foundation/Http/Kernel->{closure:Illuminate/Foundation/Http/Kernel::dispatchToRouter():197}(Object(Illuminate/Http/Request))
#29 C:/Minor Project/Minor-Project/OpensourceE-commercewebsite/vendor/laravel/framework/src/Illuminate/Foundation/Http/Middleware/TransformsRequest.php(21): Illuminate/Pipeline/Pipeline->{closure:Illuminate/Pipeline/Pipeline::prepareDestination():178}(Object(Illuminate/Http/Request))
#30 C:/Minor Project/Minor-Project/OpensourceE-commercewebsite/vendor/laravel/framework/src/Illuminate/Foundation/Http/Middleware/ConvertEmptyStringsToNull.php(31): Illuminate/Foundation/Http/Middleware/TransformsRequest->handle(Object(Illuminate/Http/Request), Object(Closure))
#31 C:/Minor Project/Minor-Project/OpensourceE-commercewebsite/vendor/laravel/framework/src/Illuminate/Pipeline/Pipeline.php(219): Illuminate/Foundation/Http/Middleware/ConvertEmptyStringsToNull->handle(Object(Illuminate/Http/Request), Object(Closure))
#32 C:/Minor Project/Minor-Project/OpensourceE-commercewebsite/vendor/laravel/framework/src/Illuminate/Foundation/Http/Middleware/TransformsRequest.php(21): Illuminate/Pipeline/Pipeline->{closure:{closure:Illuminate/Pipeline/Pipeline::carry():194}:195}(Object(Illuminate/Http/Request))
#33 C:/Minor Project/Minor-Project/OpensourceE-commercewebsite/vendor/laravel/framework/src/Illuminate/Foundation/Http/Middleware/TrimStrings.php(51): Illuminate/Foundation/Http/Middleware/TransformsRequest->handle(Object(Illuminate/Http/Request), Object(Closure))
#34 C:/Minor Project/Minor-Project/OpensourceE-commercewebsite/vendor/laravel/framework/src/Illuminate/Pipeline/Pipeline.php(219): Illuminate/Foundation/Http/Middleware/TrimStrings->handle(Object(Illuminate/Http/Request), Object(Closure))
#35 C:/Minor Project/Minor-Project/OpensourceE-commercewebsite/vendor/laravel/framework/src/Illuminate/Http/Middleware/ValidatePostSize.php(27): Illuminate/Pipeline/Pipeline->{closure:{closure:Illuminate/Pipeline/Pipeline::carry():194}:195}(Object(Illuminate/Http/Request))
#36 C:/Minor Project/Minor-Project/OpensourceE-commercewebsite/vendor/laravel/framework/src/Illuminate/Pipeline/Pipeline.php(219): Illuminate/Http/Middleware/ValidatePostSize->handle(Object(Illuminate/Http/Request), Object(Closure))
#37 C:/Minor Project/Minor-Project/OpensourceE-commercewebsite/vendor/laravel/framework/src/Illuminate/Foundation/Http/Middleware/PreventRequestsDuringMaintenance.php(109): Illuminate/Pipeline/Pipeline->{closure:{closure:Illuminate/Pipeline/Pipeline::carry():194}:195}(Object(Illuminate/Http/Request))
#38 C:/Minor Project/Minor-Project/OpensourceE-commercewebsite/vendor/laravel/framework/src/Illuminate/Pipeline/Pipeline.php(219): Illuminate/Foundation/Http/Middleware/PreventRequestsDuringMaintenance->handle(Object(Illuminate/Http/Request), Object(Closure))
#39 C:/Minor Project/Minor-Project/OpensourceE-commercewebsite/vendor/laravel/framework/src/Illuminate/Http/Middleware/HandleCors.php(61): Illuminate/Pipeline/Pipeline->{closure:{closure:Illuminate/Pipeline/Pipeline::carry():194}:195}(Object(Illuminate/Http/Request))
#40 C:/Minor Project/Minor-Project/OpensourceE-commercewebsite/vendor/laravel/framework/src/Illuminate/Pipeline/Pipeline.php(219): Illuminate/Http/Middleware/HandleCors->handle(Object(Illuminate/Http/Request), Object(Closure))
#41 C:/Minor Project/Minor-Project/OpensourceE-commercewebsite/vendor/laravel/framework/src/Illuminate/Http/Middleware/TrustProxies.php(58): Illuminate/Pipeline/Pipeline->{closure:{closure:Illuminate/Pipeline/Pipeline::carry():194}:195}(Object(Illuminate/Http/Request))
#42 C:/Minor Project/Minor-Project/OpensourceE-commercewebsite/vendor/laravel/framework/src/Illuminate/Pipeline/Pipeline.php(219): Illuminate/Http/Middleware/TrustProxies->handle(Object(Illuminate/Http/Request), Object(Closure))
#43 C:/Minor Project/Minor-Project/OpensourceE-commercewebsite/vendor/laravel/framework/src/Illuminate/Foundation/Http/Middleware/InvokeDeferredCallbacks.php(22): Illuminate/Pipeline/Pipeline->{closure:{closure:Illuminate/Pipeline/Pipeline::carry():194}:195}(Object(Illuminate/Http/Request))
#44 C:/Minor Project/Minor-Project/OpensourceE-commercewebsite/vendor/laravel/framework/src/Illuminate/Pipeline/Pipeline.php(219): Illuminate/Foundation/Http/Middleware/InvokeDeferredCallbacks->handle(Object(Illuminate/Http/Request), Object(Closure))
#45 C:/Minor Project/Minor-Project/OpensourceE-commercewebsite/vendor/laravel/framework/src/Illuminate/Http/Middleware/ValidatePathEncoding.php(28): Illuminate/Pipeline/Pipeline->{closure:{closure:Illuminate/Pipeline/Pipeline::carry():194}:195}(Object(Illuminate/Http/Request))
#46 C:/Minor Project/Minor-Project/OpensourceE-commercewebsite/vendor/laravel/framework/src/Illuminate/Pipeline/Pipeline.php(219): Illuminate/Http/Middleware/ValidatePathEncoding->handle(Object(Illuminate/Http/Request), Object(Closure))
#47 C:/Minor Project/Minor-Project/OpensourceE-commercewebsite/vendor/laravel/framework/src/Illuminate/Pipeline/Pipeline.php(137): Illuminate/Pipeline/Pipeline->{closure:{closure:Illuminate/Pipeline/Pipeline::carry():194}:195}(Object(Illuminate/Http/Request))
#48 C:/Minor Project/Minor-Project/OpensourceE-commercewebsite/vendor/laravel/framework/src/Illuminate/Foundation/Http/Kernel.php(175): Illuminate/Pipeline/Pipeline->then(Object(Closure))
#49 C:/Minor Project/Minor-Project/OpensourceE-commercewebsite/vendor/laravel/framework/src/Illuminate/Foundation/Http/Kernel.php(144): Illuminate/Foundation/Http/Kernel->sendRequestThroughRouter(Object(Illuminate/Http/Request))
#50 C:/Minor Project/Minor-Project/OpensourceE-commercewebsite/vendor/laravel/framework/src/Illuminate/Foundation/Application.php(1220): Illuminate/Foundation/Http/Kernel->handle(Object(Illuminate/Http/Request))
#51 C:/Minor Project/Minor-Project/OpensourceE-commercewebsite/public/index.php(20): Illuminate/Foundation/Application->handleRequest(Object(Illuminate/Http/Request))
#52 {main}

[previous exception] [object] (PDOException(code: 2002): SQLSTATE[HY000] [2002] No connection could be made because the target machine actively refused it at C:/Minor Project/Minor-Project/OpensourceE-commercewebsite/vendor/laravel/framework/src/Illuminate/Database/Connectors/Connector.php:67)
[stacktrace]
#0 C:/Minor Project/Minor-Project/OpensourceE-commercewebsite/vendor/laravel/framework/src/Illuminate/Database/Connectors/Connector.php(67): PDO::connect('mysql:host=127....', 'root', Object(SensitiveParameterValue), Array)
#1 C:/Minor Project/Minor-Project/OpensourceE-commercewebsite/vendor/laravel/framework/src/Illuminate/Database/Connectors/Connector.php(85): Illuminate/Database/Connectors/Connector->createPdoConnection('mysql:host=127....', 'root', Object(SensitiveParameterValue), Array)
#2 C:/Minor Project/Minor-Project/OpensourceE-commercewebsite/vendor/laravel/framework/src/Illuminate/Database/Connectors/Connector.php(48): Illuminate/Database/Connectors/Connector->tryAgainIfCausedByLostConnection(Object(PDOException), 'mysql:host=127....', 'root', Object(SensitiveParameterValue), Array)
#3 C:/Minor Project/Minor-Project/OpensourceE-commercewebsite/vendor/laravel/framework/src/Illuminate/Database/Connectors/MySqlConnector.php(24): Illuminate/Database/Connectors/Connector->createConnection('mysql:host=127....', Array, Array)
#4 C:/Minor Project/Minor-Project/OpensourceE-commercewebsite/vendor/laravel/framework/src/Illuminate/Database/Connectors/ConnectionFactory.php(220): Illuminate/Database/Connectors/MySqlConnector->connect(Array)
#5 [internal function]: Illuminate/Database/Connectors/ConnectionFactory->{closure:Illuminate/Database/Connectors/ConnectionFactory::createPdoResolverWithHosts():213}()
#6 C:/Minor Project/Minor-Project/OpensourceE-commercewebsite/vendor/laravel/framework/src/Illuminate/Database/Connection.php(1297): call_user_func(Object(Closure))
#7 C:/Minor Project/Minor-Project/OpensourceE-commercewebsite/vendor/laravel/framework/src/Illuminate/Database/Connection.php(542): Illuminate/Database/Connection->getPdo()
#8 C:/Minor Project/Minor-Project/OpensourceE-commercewebsite/vendor/laravel/framework/src/Illuminate/Database/Connection.php(435): Illuminate/Database/Connection->getPdoForSelect(false)
#9 C:/Minor Project/Minor-Project/OpensourceE-commercewebsite/vendor/laravel/framework/src/Illuminate/Database/Connection.php(846): Illuminate/Database/Connection->{closure:Illuminate/Database/Connection::select():426}('select * from `...', Array)
#10 C:/Minor Project/Minor-Project/OpensourceE-commercewebsite/vendor/laravel/framework/src/Illuminate/Database/Connection.php(1037): Illuminate/Database/Connection->runQueryCallback('select * from `...', Array, Object(Closure))
#11 C:/Minor Project/Minor-Project/OpensourceE-commercewebsite/vendor/laravel/framework/src/Illuminate/Database/Connection.php(1016): Illuminate/Database/Connection->tryAgainIfCausedByLostConnection(Object(Illuminate/Database/QueryException), 'select * from `...', Array, Object(Closure))
#12 C:/Minor Project/Minor-Project/OpensourceE-commercewebsite/vendor/laravel/framework/src/Illuminate/Database/Connection.php(815): Illuminate/Database/Connection->handleQueryException(Object(Illuminate/Database/QueryException), 'select * from `...', Array, Object(Closure))
#13 C:/Minor Project/Minor-Project/OpensourceE-commercewebsite/vendor/laravel/framework/src/Illuminate/Database/Connection.php(426): Illuminate/Database/Connection->run('select * from `...', Array, Object(Closure))
#14 C:/Minor Project/Minor-Project/OpensourceE-commercewebsite/vendor/laravel/framework/src/Illuminate/Database/Query/Builder.php(3573): Illuminate/Database/Connection->select('select * from `...', Array, false, Array)
#15 C:/Minor Project/Minor-Project/OpensourceE-commercewebsite/vendor/laravel/framework/src/Illuminate/Database/Query/Builder.php(3557): Illuminate/Database/Query/Builder->runSelect()
#16 C:/Minor Project/Minor-Project/OpensourceE-commercewebsite/vendor/laravel/framework/src/Illuminate/Database/Concerns/BuildsQueries.php(366): Illuminate/Database/Query/Builder->get(Array)
#17 C:/Minor Project/Minor-Project/OpensourceE-commercewebsite/vendor/laravel/framework/src/Illuminate/Database/Query/Builder.php(3475): Illuminate/Database/Query/Builder->first(Array)
#18 C:/Minor Project/Minor-Project/OpensourceE-commercewebsite/vendor/laravel/framework/src/Illuminate/Session/DatabaseSessionHandler.php(96): Illuminate/Database/Query/Builder->find('dWZSseZJFuDuvf0...')
#19 C:/Minor Project/Minor-Project/OpensourceE-commercewebsite/vendor/laravel/framework/src/Illuminate/Session/Store.php(128): Illuminate/Session/DatabaseSessionHandler->read('dWZSseZJFuDuvf0...')
#20 C:/Minor Project/Minor-Project/OpensourceE-commercewebsite/vendor/laravel/framework/src/Illuminate/Session/Store.php(116): Illuminate/Session/Store->readFromHandler()
#21 C:/Minor Project/Minor-Project/OpensourceE-commercewebsite/vendor/laravel/framework/src/Illuminate/Session/Store.php(100): Illuminate/Session/Store->loadSession()
#22 C:/Minor Project/Minor-Project/OpensourceE-commercewebsite/vendor/laravel/framework/src/Illuminate/Session/Middleware/StartSession.php(146): Illuminate/Session/Store->start()
#23 C:/Minor Project/Minor-Project/OpensourceE-commercewebsite/vendor/laravel/framework/src/Illuminate/Support/helpers.php(393): Illuminate/Session/Middleware/StartSession->{closure:Illuminate/Session/Middleware/StartSession::startSession():143}(Object(Illuminate/Session/Store))
#24 C:/Minor Project/Minor-Project/OpensourceE-commercewebsite/vendor/laravel/framework/src/Illuminate/Session/Middleware/StartSession.php(143): tap(Object(Illuminate/Session/Store), Object(Closure))
#25 C:/Minor Project/Minor-Project/OpensourceE-commercewebsite/vendor/laravel/framework/src/Illuminate/Session/Middleware/StartSession.php(115): Illuminate/Session/Middleware/StartSession->startSession(Object(Illuminate/Http/Request), Object(Illuminate/Session/Store))
#26 C:/Minor Project/Minor-Project/OpensourceE-commercewebsite/vendor/laravel/framework/src/Illuminate/Session/Middleware/StartSession.php(63): Illuminate/Session/Middleware/StartSession->handleStatefulRequest(Object(Illuminate/Http/Request), Object(Illuminate/Session/Store), Object(Closure))
#27 C:/Minor Project/Minor-Project/OpensourceE-commercewebsite/vendor/laravel/framework/src/Illuminate/Pipeline/Pipeline.php(219): Illuminate/Session/Middleware/StartSession->handle(Object(Illuminate/Http/Request), Object(Closure))
#28 C:/Minor Project/Minor-Project/OpensourceE-commercewebsite/vendor/laravel/framework/src/Illuminate/Cookie/Middleware/AddQueuedCookiesToResponse.php(36): Illuminate/Pipeline/Pipeline->{closure:{closure:Illuminate/Pipeline/Pipeline::carry():194}:195}(Object(Illuminate/Http/Request))
#29 C:/Minor Project/Minor-Project/OpensourceE-commercewebsite/vendor/laravel/framework/src/Illuminate/Pipeline/Pipeline.php(219): Illuminate/Cookie/Middleware/AddQueuedCookiesToResponse->handle(Object(Illuminate/Http/Request), Object(Closure))
#30 C:/Minor Project/Minor-Project/OpensourceE-commercewebsite/vendor/laravel/framework/src/Illuminate/Cookie/Middleware/EncryptCookies.php(74): Illuminate/Pipeline/Pipeline->{closure:{closure:Illuminate/Pipeline/Pipeline::carry():194}:195}(Object(Illuminate/Http/Request))
#31 C:/Minor Project/Minor-Project/OpensourceE-commercewebsite/vendor/laravel/framework/src/Illuminate/Pipeline/Pipeline.php(219): Illuminate/Cookie/Middleware/EncryptCookies->handle(Object(Illuminate/Http/Request), Object(Closure))
#32 C:/Minor Project/Minor-Project/OpensourceE-commercewebsite/vendor/laravel/framework/src/Illuminate/Pipeline/Pipeline.php(137): Illuminate/Pipeline/Pipeline->{closure:{closure:Illuminate/Pipeline/Pipeline::carry():194}:195}(Object(Illuminate/Http/Request))
#33 C:/Minor Project/Minor-Project/OpensourceE-commercewebsite/vendor/laravel/framework/src/Illuminate/Routing/Router.php(821): Illuminate/Pipeline/Pipeline->then(Object(Closure))
#34 C:/Minor Project/Minor-Project/OpensourceE-commercewebsite/vendor/laravel/framework/src/Illuminate/Routing/Router.php(800): Illuminate/Routing/Router->runRouteWithinStack(Object(Illuminate/Routing/Route), Object(Illuminate/Http/Request))
#35 C:/Minor Project/Minor-Project/OpensourceE-commercewebsite/vendor/laravel/framework/src/Illuminate/Routing/Router.php(764): Illuminate/Routing/Router->runRoute(Object(Illuminate/Http/Request), Object(Illuminate/Routing/Route))
#36 C:/Minor Project/Minor-Project/OpensourceE-commercewebsite/vendor/laravel/framework/src/Illuminate/Routing/Router.php(753): Illuminate/Routing/Router->dispatchToRoute(Object(Illuminate/Http/Request))
#37 C:/Minor Project/Minor-Project/OpensourceE-commercewebsite/vendor/laravel/framework/src/Illuminate/Foundation/Http/Kernel.php(200): Illuminate/Routing/Router->dispatch(Object(Illuminate/Http/Request))
#38 C:/Minor Project/Minor-Project/OpensourceE-commercewebsite/vendor/laravel/framework/src/Illuminate/Pipeline/Pipeline.php(180): Illuminate/Foundation/Http/Kernel->{closure:Illuminate/Foundation/Http/Kernel::dispatchToRouter():197}(Object(Illuminate/Http/Request))
#39 C:/Minor Project/Minor-Project/OpensourceE-commercewebsite/vendor/laravel/framework/src/Illuminate/Foundation/Http/Middleware/TransformsRequest.php(21): Illuminate/Pipeline/Pipeline->{closure:Illuminate/Pipeline/Pipeline::prepareDestination():178}(Object(Illuminate/Http/Request))
#40 C:/Minor Project/Minor-Project/OpensourceE-commercewebsite/vendor/laravel/framework/src/Illuminate/Foundation/Http/Middleware/ConvertEmptyStringsToNull.php(31): Illuminate/Foundation/Http/Middleware/TransformsRequest->handle(Object(Illuminate/Http/Request), Object(Closure))
#41 C:/Minor Project/Minor-Project/OpensourceE-commercewebsite/vendor/laravel/framework/src/Illuminate/Pipeline/Pipeline.php(219): Illuminate/Foundation/Http/Middleware/ConvertEmptyStringsToNull->handle(Object(Illuminate/Http/Request), Object(Closure))
#42 C:/Minor Project/Minor-Project/OpensourceE-commercewebsite/vendor/laravel/framework/src/Illuminate/Foundation/Http/Middleware/TransformsRequest.php(21): Illuminate/Pipeline/Pipeline->{closure:{closure:Illuminate/Pipeline/Pipeline::carry():194}:195}(Object(Illuminate/Http/Request))
#43 C:/Minor Project/Minor-Project/OpensourceE-commercewebsite/vendor/laravel/framework/src/Illuminate/Foundation/Http/Middleware/TrimStrings.php(51): Illuminate/Foundation/Http/Middleware/TransformsRequest->handle(Object(Illuminate/Http/Request), Object(Closure))
#44 C:/Minor Project/Minor-Project/OpensourceE-commercewebsite/vendor/laravel/framework/src/Illuminate/Pipeline/Pipeline.php(219): Illuminate/Foundation/Http/Middleware/TrimStrings->handle(Object(Illuminate/Http/Request), Object(Closure))
#45 C:/Minor Project/Minor-Project/OpensourceE-commercewebsite/vendor/laravel/framework/src/Illuminate/Http/Middleware/ValidatePostSize.php(27): Illuminate/Pipeline/Pipeline->{closure:{closure:Illuminate/Pipeline/Pipeline::carry():194}:195}(Object(Illuminate/Http/Request))
#46 C:/Minor Project/Minor-Project/OpensourceE-commercewebsite/vendor/laravel/framework/src/Illuminate/Pipeline/Pipeline.php(219): Illuminate/Http/Middleware/ValidatePostSize->handle(Object(Illuminate/Http/Request), Object(Closure))
#47 C:/Minor Project/Minor-Project/OpensourceE-commercewebsite/vendor/laravel/framework/src/Illuminate/Foundation/Http/Middleware/PreventRequestsDuringMaintenance.php(109): Illuminate/Pipeline/Pipeline->{closure:{closure:Illuminate/Pipeline/Pipeline::carry():194}:195}(Object(Illuminate/Http/Request))
#48 C:/Minor Project/Minor-Project/OpensourceE-commercewebsite/vendor/laravel/framework/src/Illuminate/Pipeline/Pipeline.php(219): Illuminate/Foundation/Http/Middleware/PreventRequestsDuringMaintenance->handle(Object(Illuminate/Http/Request), Object(Closure))
#49 C:/Minor Project/Minor-Project/OpensourceE-commercewebsite/vendor/laravel/framework/src/Illuminate/Http/Middleware/HandleCors.php(61): Illuminate/Pipeline/Pipeline->{closure:{closure:Illuminate/Pipeline/Pipeline::carry():194}:195}(Object(Illuminate/Http/Request))
#50 C:/Minor Project/Minor-Project/OpensourceE-commercewebsite/vendor/laravel/framework/src/Illuminate/Pipeline/Pipeline.php(219): Illuminate/Http/Middleware/HandleCors->handle(Object(Illuminate/Http/Request), Object(Closure))
#51 C:/Minor Project/Minor-Project/OpensourceE-commercewebsite/vendor/laravel/framework/src/Illuminate/Http/Middleware/TrustProxies.php(58): Illuminate/Pipeline/Pipeline->{closure:{closure:Illuminate/Pipeline/Pipeline::carry():194}:195}(Object(Illuminate/Http/Request))
#52 C:/Minor Project/Minor-Project/OpensourceE-commercewebsite/vendor/laravel/framework/src/Illuminate/Pipeline/Pipeline.php(219): Illuminate/Http/Middleware/TrustProxies->handle(Object(Illuminate/Http/Request), Object(Closure))
#53 C:/Minor Project/Minor-Project/OpensourceE-commercewebsite/vendor/laravel/framework/src/Illuminate/Foundation/Http/Middleware/InvokeDeferredCallbacks.php(22): Illuminate/Pipeline/Pipeline->{closure:{closure:Illuminate/Pipeline/Pipeline::carry():194}:195}(Object(Illuminate/Http/Request))
#54 C:/Minor Project/Minor-Project/OpensourceE-commercewebsite/vendor/laravel/framework/src/Illuminate/Pipeline/Pipeline.php(219): Illuminate/Foundation/Http/Middleware/InvokeDeferredCallbacks->handle(Object(Illuminate/Http/Request), Object(Closure))
#55 C:/Minor Project/Minor-Project/OpensourceE-commercewebsite/vendor/laravel/framework/src/Illuminate/Http/Middleware/ValidatePathEncoding.php(28): Illuminate/Pipeline/Pipeline->{closure:{closure:Illuminate/Pipeline/Pipeline::carry():194}:195}(Object(Illuminate/Http/Request))
#56 C:/Minor Project/Minor-Project/OpensourceE-commercewebsite/vendor/laravel/framework/src/Illuminate/Pipeline/Pipeline.php(219): Illuminate/Http/Middleware/ValidatePathEncoding->handle(Object(Illuminate/Http/Request), Object(Closure))
#57 C:/Minor Project/Minor-Project/OpensourceE-commercewebsite/vendor/laravel/framework/src/Illuminate/Pipeline/Pipeline.php(137): Illuminate/Pipeline/Pipeline->{closure:{closure:Illuminate/Pipeline/Pipeline::carry():194}:195}(Object(Illuminate/Http/Request))
#58 C:/Minor Project/Minor-Project/OpensourceE-commercewebsite/vendor/laravel/framework/src/Illuminate/Foundation/Http/Kernel.php(175): Illuminate/Pipeline/Pipeline->then(Object(Closure))
#59 C:/Minor Project/Minor-Project/OpensourceE-commercewebsite/vendor/laravel/framework/src/Illuminate/Foundation/Http/Kernel.php(144): Illuminate/Foundation/Http/Kernel->sendRequestThroughRouter(Object(Illuminate/Http/Request))
#60 C:/Minor Project/Minor-Project/OpensourceE-commercewebsite/vendor/laravel/framework/src/Illuminate/Foundation/Application.php(1220): Illuminate/Foundation/Http/Kernel->handle(Object(Illuminate/Http/Request))
#61 C:/Minor Project/Minor-Project/OpensourceE-commercewebsite/public/index.php(20): Illuminate/Foundation/Application->handleRequest(Object(Illuminate/Http/Request))
#62 {main}
"} 
[2026-07-24 06:40:20] local.ERROR: SQLSTATE[HY000] [2002] No connection could be made because the target machine actively refused it (Connection: mysql, Host: 127.0.0.1, Port: 3306, Database: laravel, SQL: select * from `sessions` where `id` = M5nK6tQBNEm6ijeH8LzuJ4A9KDYPG4Ra8Yrk5lpb limit 1) {"exception":"[object] (Illuminate\\Database\\QueryException(code: 2002): SQLSTATE[HY000] [2002] No connection could be made because the target machine actively refused it (Connection: mysql, Host: 127.0.0.1, Port: 3306, Database: laravel, SQL: select * from `sessions` where `id` = M5nK6tQBNEm6ijeH8LzuJ4A9KDYPG4Ra8Yrk5lpb limit 1) at C:/Minor Project/Minor-Project/OpensourceE-commercewebsite/vendor/laravel/framework/src/Illuminate/Database/Connection.php:857)
[stacktrace]
#0 C:/Minor Project/Minor-Project/OpensourceE-commercewebsite/vendor/laravel/framework/src/Illuminate/Database/Connection.php(1037): Illuminate/Database/Connection->runQueryCallback('select * from `...', Array, Object(Closure))
#1 C:/Minor Project/Minor-Project/OpensourceE-commercewebsite/vendor/laravel/framework/src/Illuminate/Database/Connection.php(1016): Illuminate/Database/Connection->tryAgainIfCausedByLostConnection(Object(Illuminate/Database/QueryException), 'select * from `...', Array, Object(Closure))
#2 C:/Minor Project/Minor-Project/OpensourceE-commercewebsite/vendor/laravel/framework/src/Illuminate/Database/Connection.php(815): Illuminate/Database/Connection->handleQueryException(Object(Illuminate/Database/QueryException), 'select * from `...', Array, Object(Closure))
#3 C:/Minor Project/Minor-Project/OpensourceE-commercewebsite/vendor/laravel/framework/src/Illuminate/Database/Connection.php(426): Illuminate/Database/Connection->run('select * from `...', Array, Object(Closure))
#4 C:/Minor Project/Minor-Project/OpensourceE-commercewebsite/vendor/laravel/framework/src/Illuminate/Database/Query/Builder.php(3573): Illuminate/Database/Connection->select('select * from `...', Array, false, Array)
#5 C:/Minor Project/Minor-Project/OpensourceE-commercewebsite/vendor/laravel/framework/src/Illuminate/Database/Query/Builder.php(3557): Illuminate/Database/Query/Builder->runSelect()
#6 C:/Minor Project/Minor-Project/OpensourceE-commercewebsite/vendor/laravel/framework/src/Illuminate/Database/Concerns/BuildsQueries.php(366): Illuminate/Database/Query/Builder->get(Array)
#7 C:/Minor Project/Minor-Project/OpensourceE-commercewebsite/vendor/laravel/framework/src/Illuminate/Database/Query/Builder.php(3475): Illuminate/Database/Query/Builder->first(Array)
#8 C:/Minor Project/Minor-Project/OpensourceE-commercewebsite/vendor/laravel/framework/src/Illuminate/Session/DatabaseSessionHandler.php(96): Illuminate/Database/Query/Builder->find('M5nK6tQBNEm6ije...')
#9 C:/Minor Project/Minor-Project/OpensourceE-commercewebsite/vendor/laravel/framework/src/Illuminate/Session/Store.php(128): Illuminate/Session/DatabaseSessionHandler->read('M5nK6tQBNEm6ije...')
#10 C:/Minor Project/Minor-Project/OpensourceE-commercewebsite/vendor/laravel/framework/src/Illuminate/Session/Store.php(116): Illuminate/Session/Store->readFromHandler()
#11 C:/Minor Project/Minor-Project/OpensourceE-commercewebsite/vendor/laravel/framework/src/Illuminate/Session/Store.php(100): Illuminate/Session/Store->loadSession()
#12 C:/Minor Project/Minor-Project/OpensourceE-commercewebsite/vendor/laravel/framework/src/Illuminate/Session/Middleware/StartSession.php(146): Illuminate/Session/Store->start()
#13 C:/Minor Project/Minor-Project/OpensourceE-commercewebsite/vendor/laravel/framework/src/Illuminate/Support/helpers.php(393): Illuminate/Session/Middleware/StartSession->{closure:Illuminate/Session/Middleware/StartSession::startSession():143}(Object(Illuminate/Session/Store))
#14 C:/Minor Project/Minor-Project/OpensourceE-commercewebsite/vendor/laravel/framework/src/Illuminate/Session/Middleware/StartSession.php(143): tap(Object(Illuminate/Session/Store), Object(Closure))
#15 C:/Minor Project/Minor-Project/OpensourceE-commercewebsite/vendor/laravel/framework/src/Illuminate/Session/Middleware/StartSession.php(115): Illuminate/Session/Middleware/StartSession->startSession(Object(Illuminate/Http/Request), Object(Illuminate/Session/Store))
#16 C:/Minor Project/Minor-Project/OpensourceE-commercewebsite/vendor/laravel/framework/src/Illuminate/Session/Middleware/StartSession.php(63): Illuminate/Session/Middleware/StartSession->handleStatefulRequest(Object(Illuminate/Http/Request), Object(Illuminate/Session/Store), Object(Closure))
#17 C:/Minor Project/Minor-Project/OpensourceE-commercewebsite/vendor/laravel/framework/src/Illuminate/Pipeline/Pipeline.php(219): Illuminate/Session/Middleware/StartSession->handle(Object(Illuminate/Http/Request), Object(Closure))
#18 C:/Minor Project/Minor-Project/OpensourceE-commercewebsite/vendor/laravel/framework/src/Illuminate/Cookie/Middleware/AddQueuedCookiesToResponse.php(36): Illuminate/Pipeline/Pipeline->{closure:{closure:Illuminate/Pipeline/Pipeline::carry():194}:195}(Object(Illuminate/Http/Request))
#19 C:/Minor Project/Minor-Project/OpensourceE-commercewebsite/vendor/laravel/framework/src/Illuminate/Pipeline/Pipeline.php(219): Illuminate/Cookie/Middleware/AddQueuedCookiesToResponse->handle(Object(Illuminate/Http/Request), Object(Closure))
#20 C:/Minor Project/Minor-Project/OpensourceE-commercewebsite/vendor/laravel/framework/src/Illuminate/Cookie/Middleware/EncryptCookies.php(74): Illuminate/Pipeline/Pipeline->{closure:{closure:Illuminate/Pipeline/Pipeline::carry():194}:195}(Object(Illuminate/Http/Request))
#21 C:/Minor Project/Minor-Project/OpensourceE-commercewebsite/vendor/laravel/framework/src/Illuminate/Pipeline/Pipeline.php(219): Illuminate/Cookie/Middleware/EncryptCookies->handle(Object(Illuminate/Http/Request), Object(Closure))
#22 C:/Minor Project/Minor-Project/OpensourceE-commercewebsite/vendor/laravel/framework/src/Illuminate/Pipeline/Pipeline.php(137): Illuminate/Pipeline/Pipeline->{closure:{closure:Illuminate/Pipeline/Pipeline::carry():194}:195}(Object(Illuminate/Http/Request))
#23 C:/Minor Project/Minor-Project/OpensourceE-commercewebsite/vendor/laravel/framework/src/Illuminate/Routing/Router.php(821): Illuminate/Pipeline/Pipeline->then(Object(Closure))
#24 C:/Minor Project/Minor-Project/OpensourceE-commercewebsite/vendor/laravel/framework/src/Illuminate/Routing/Router.php(800): Illuminate/Routing/Router->runRouteWithinStack(Object(Illuminate/Routing/Route), Object(Illuminate/Http/Request))
#25 C:/Minor Project/Minor-Project/OpensourceE-commercewebsite/vendor/laravel/framework/src/Illuminate/Routing/Router.php(764): Illuminate/Routing/Router->runRoute(Object(Illuminate/Http/Request), Object(Illuminate/Routing/Route))
#26 C:/Minor Project/Minor-Project/OpensourceE-commercewebsite/vendor/laravel/framework/src/Illuminate/Routing/Router.php(753): Illuminate/Routing/Router->dispatchToRoute(Object(Illuminate/Http/Request))
#27 C:/Minor Project/Minor-Project/OpensourceE-commercewebsite/vendor/laravel/framework/src/Illuminate/Foundation/Http/Kernel.php(200): Illuminate/Routing/Router->dispatch(Object(Illuminate/Http/Request))
#28 C:/Minor Project/Minor-Project/OpensourceE-commercewebsite/vendor/laravel/framework/src/Illuminate/Pipeline/Pipeline.php(180): Illuminate/Foundation/Http/Kernel->{closure:Illuminate/Foundation/Http/Kernel::dispatchToRouter():197}(Object(Illuminate/Http/Request))
#29 C:/Minor Project/Minor-Project/OpensourceE-commercewebsite/vendor/laravel/framework/src/Illuminate/Foundation/Http/Middleware/TransformsRequest.php(21): Illuminate/Pipeline/Pipeline->{closure:Illuminate/Pipeline/Pipeline::prepareDestination():178}(Object(Illuminate/Http/Request))
#30 C:/Minor Project/Minor-Project/OpensourceE-commercewebsite/vendor/laravel/framework/src/Illuminate/Foundation/Http/Middleware/ConvertEmptyStringsToNull.php(31): Illuminate/Foundation/Http/Middleware/TransformsRequest->handle(Object(Illuminate/Http/Request), Object(Closure))
#31 C:/Minor Project/Minor-Project/OpensourceE-commercewebsite/vendor/laravel/framework/src/Illuminate/Pipeline/Pipeline.php(219): Illuminate/Foundation/Http/Middleware/ConvertEmptyStringsToNull->handle(Object(Illuminate/Http/Request), Object(Closure))
#32 C:/Minor Project/Minor-Project/OpensourceE-commercewebsite/vendor/laravel/framework/src/Illuminate/Foundation/Http/Middleware/TransformsRequest.php(21): Illuminate/Pipeline/Pipeline->{closure:{closure:Illuminate/Pipeline/Pipeline::carry():194}:195}(Object(Illuminate/Http/Request))
#33 C:/Minor Project/Minor-Project/OpensourceE-commercewebsite/vendor/laravel/framework/src/Illuminate/Foundation/Http/Middleware/TrimStrings.php(51): Illuminate/Foundation/Http/Middleware/TransformsRequest->handle(Object(Illuminate/Http/Request), Object(Closure))
#34 C:/Minor Project/Minor-Project/OpensourceE-commercewebsite/vendor/laravel/framework/src/Illuminate/Pipeline/Pipeline.php(219): Illuminate/Foundation/Http/Middleware/TrimStrings->handle(Object(Illuminate/Http/Request), Object(Closure))
#35 C:/Minor Project/Minor-Project/OpensourceE-commercewebsite/vendor/laravel/framework/src/Illuminate/Http/Middleware/ValidatePostSize.php(27): Illuminate/Pipeline/Pipeline->{closure:{closure:Illuminate/Pipeline/Pipeline::carry():194}:195}(Object(Illuminate/Http/Request))
#36 C:/Minor Project/Minor-Project/OpensourceE-commercewebsite/vendor/laravel/framework/src/Illuminate/Pipeline/Pipeline.php(219): Illuminate/Http/Middleware/ValidatePostSize->handle(Object(Illuminate/Http/Request), Object(Closure))
#37 C:/Minor Project/Minor-Project/OpensourceE-commercewebsite/vendor/laravel/framework/src/Illuminate/Foundation/Http/Middleware/PreventRequestsDuringMaintenance.php(109): Illuminate/Pipeline/Pipeline->{closure:{closure:Illuminate/Pipeline/Pipeline::carry():194}:195}(Object(Illuminate/Http/Request))
#38 C:/Minor Project/Minor-Project/OpensourceE-commercewebsite/vendor/laravel/framework/src/Illuminate/Pipeline/Pipeline.php(219): Illuminate/Foundation/Http/Middleware/PreventRequestsDuringMaintenance->handle(Object(Illuminate/Http/Request), Object(Closure))
#39 C:/Minor Project/Minor-Project/OpensourceE-commercewebsite/vendor/laravel/framework/src/Illuminate/Http/Middleware/HandleCors.php(61): Illuminate/Pipeline/Pipeline->{closure:{closure:Illuminate/Pipeline/Pipeline::carry():194}:195}(Object(Illuminate/Http/Request))
#40 C:/Minor Project/Minor-Project/OpensourceE-commercewebsite/vendor/laravel/framework/src/Illuminate/Pipeline/Pipeline.php(219): Illuminate/Http/Middleware/HandleCors->handle(Object(Illuminate/Http/Request), Object(Closure))
#41 C:/Minor Project/Minor-Project/OpensourceE-commercewebsite/vendor/laravel/framework/src/Illuminate/Http/Middleware/TrustProxies.php(58): Illuminate/Pipeline/Pipeline->{closure:{closure:Illuminate/Pipeline/Pipeline::carry():194}:195}(Object(Illuminate/Http/Request))
#42 C:/Minor Project/Minor-Project/OpensourceE-commercewebsite/vendor/laravel/framework/src/Illuminate/Pipeline/Pipeline.php(219): Illuminate/Http/Middleware/TrustProxies->handle(Object(Illuminate/Http/Request), Object(Closure))
#43 C:/Minor Project/Minor-Project/OpensourceE-commercewebsite/vendor/laravel/framework/src/Illuminate/Foundation/Http/Middleware/InvokeDeferredCallbacks.php(22): Illuminate/Pipeline/Pipeline->{closure:{closure:Illuminate/Pipeline/Pipeline::carry():194}:195}(Object(Illuminate/Http/Request))
#44 C:/Minor Project/Minor-Project/OpensourceE-commercewebsite/vendor/laravel/framework/src/Illuminate/Pipeline/Pipeline.php(219): Illuminate/Foundation/Http/Middleware/InvokeDeferredCallbacks->handle(Object(Illuminate/Http/Request), Object(Closure))
#45 C:/Minor Project/Minor-Project/OpensourceE-commercewebsite/vendor/laravel/framework/src/Illuminate/Http/Middleware/ValidatePathEncoding.php(28): Illuminate/Pipeline/Pipeline->{closure:{closure:Illuminate/Pipeline/Pipeline::carry():194}:195}(Object(Illuminate/Http/Request))
#46 C:/Minor Project/Minor-Project/OpensourceE-commercewebsite/vendor/laravel/framework/src/Illuminate/Pipeline/Pipeline.php(219): Illuminate/Http/Middleware/ValidatePathEncoding->handle(Object(Illuminate/Http/Request), Object(Closure))
#47 C:/Minor Project/Minor-Project/OpensourceE-commercewebsite/vendor/laravel/framework/src/Illuminate/Pipeline/Pipeline.php(137): Illuminate/Pipeline/Pipeline->{closure:{closure:Illuminate/Pipeline/Pipeline::carry():194}:195}(Object(Illuminate/Http/Request))
#48 C:/Minor Project/Minor-Project/OpensourceE-commercewebsite/vendor/laravel/framework/src/Illuminate/Foundation/Http/Kernel.php(175): Illuminate/Pipeline/Pipeline->then(Object(Closure))
#49 C:/Minor Project/Minor-Project/OpensourceE-commercewebsite/vendor/laravel/framework/src/Illuminate/Foundation/Http/Kernel.php(144): Illuminate/Foundation/Http/Kernel->sendRequestThroughRouter(Object(Illuminate/Http/Request))
#50 C:/Minor Project/Minor-Project/OpensourceE-commercewebsite/vendor/laravel/framework/src/Illuminate/Foundation/Application.php(1220): Illuminate/Foundation/Http/Kernel->handle(Object(Illuminate/Http/Request))
#51 C:/Minor Project/Minor-Project/OpensourceE-commercewebsite/public/index.php(20): Illuminate/Foundation/Application->handleRequest(Object(Illuminate/Http/Request))
#52 {main}

[previous exception] [object] (PDOException(code: 2002): SQLSTATE[HY000] [2002] No connection could be made because the target machine actively refused it at C:/Minor Project/Minor-Project/OpensourceE-commercewebsite/vendor/laravel/framework/src/Illuminate/Database/Connectors/Connector.php:67)
[stacktrace]
#0 C:/Minor Project/Minor-Project/OpensourceE-commercewebsite/vendor/laravel/framework/src/Illuminate/Database/Connectors/Connector.php(67): PDO::connect('mysql:host=127....', 'root', Object(SensitiveParameterValue), Array)
#1 C:/Minor Project/Minor-Project/OpensourceE-commercewebsite/vendor/laravel/framework/src/Illuminate/Database/Connectors/Connector.php(85): Illuminate/Database/Connectors/Connector->createPdoConnection('mysql:host=127....', 'root', Object(SensitiveParameterValue), Array)
#2 C:/Minor Project/Minor-Project/OpensourceE-commercewebsite/vendor/laravel/framework/src/Illuminate/Database/Connectors/Connector.php(48): Illuminate/Database/Connectors/Connector->tryAgainIfCausedByLostConnection(Object(PDOException), 'mysql:host=127....', 'root', Object(SensitiveParameterValue), Array)
#3 C:/Minor Project/Minor-Project/OpensourceE-commercewebsite/vendor/laravel/framework/src/Illuminate/Database/Connectors/MySqlConnector.php(24): Illuminate/Database/Connectors/Connector->createConnection('mysql:host=127....', Array, Array)
#4 C:/Minor Project/Minor-Project/OpensourceE-commercewebsite/vendor/laravel/framework/src/Illuminate/Database/Connectors/ConnectionFactory.php(220): Illuminate/Database/Connectors/MySqlConnector->connect(Array)
#5 [internal function]: Illuminate/Database/Connectors/ConnectionFactory->{closure:Illuminate/Database/Connectors/ConnectionFactory::createPdoResolverWithHosts():213}()
#6 C:/Minor Project/Minor-Project/OpensourceE-commercewebsite/vendor/laravel/framework/src/Illuminate/Database/Connection.php(1297): call_user_func(Object(Closure))
#7 C:/Minor Project/Minor-Project/OpensourceE-commercewebsite/vendor/laravel/framework/src/Illuminate/Database/Connection.php(542): Illuminate/Database/Connection->getPdo()
#8 C:/Minor Project/Minor-Project/OpensourceE-commercewebsite/vendor/laravel/framework/src/Illuminate/Database/Connection.php(435): Illuminate/Database/Connection->getPdoForSelect(false)
#9 C:/Minor Project/Minor-Project/OpensourceE-commercewebsite/vendor/laravel/framework/src/Illuminate/Database/Connection.php(846): Illuminate/Database/Connection->{closure:Illuminate/Database/Connection::select():426}('select * from `...', Array)
#10 C:/Minor Project/Minor-Project/OpensourceE-commercewebsite/vendor/laravel/framework/src/Illuminate/Database/Connection.php(1037): Illuminate/Database/Connection->runQueryCallback('select * from `...', Array, Object(Closure))
#11 C:/Minor Project/Minor-Project/OpensourceE-commercewebsite/vendor/laravel/framework/src/Illuminate/Database/Connection.php(1016): Illuminate/Database/Connection->tryAgainIfCausedByLostConnection(Object(Illuminate/Database/QueryException), 'select * from `...', Array, Object(Closure))
#12 C:/Minor Project/Minor-Project/OpensourceE-commercewebsite/vendor/laravel/framework/src/Illuminate/Database/Connection.php(815): Illuminate/Database/Connection->handleQueryException(Object(Illuminate/Database/QueryException), 'select * from `...', Array, Object(Closure))
#13 C:/Minor Project/Minor-Project/OpensourceE-commercewebsite/vendor/laravel/framework/src/Illuminate/Database/Connection.php(426): Illuminate/Database/Connection->run('select * from `...', Array, Object(Closure))
#14 C:/Minor Project/Minor-Project/OpensourceE-commercewebsite/vendor/laravel/framework/src/Illuminate/Database/Query/Builder.php(3573): Illuminate/Database/Connection->select('select * from `...', Array, false, Array)
#15 C:/Minor Project/Minor-Project/OpensourceE-commercewebsite/vendor/laravel/framework/src/Illuminate/Database/Query/Builder.php(3557): Illuminate/Database/Query/Builder->runSelect()
#16 C:/Minor Project/Minor-Project/OpensourceE-commercewebsite/vendor/laravel/framework/src/Illuminate/Database/Concerns/BuildsQueries.php(366): Illuminate/Database/Query/Builder->get(Array)
#17 C:/Minor Project/Minor-Project/OpensourceE-commercewebsite/vendor/laravel/framework/src/Illuminate/Database/Query/Builder.php(3475): Illuminate/Database/Query/Builder->first(Array)
#18 C:/Minor Project/Minor-Project/OpensourceE-commercewebsite/vendor/laravel/framework/src/Illuminate/Session/DatabaseSessionHandler.php(96): Illuminate/Database/Query/Builder->find('M5nK6tQBNEm6ije...')
#19 C:/Minor Project/Minor-Project/OpensourceE-commercewebsite/vendor/laravel/framework/src/Illuminate/Session/Store.php(128): Illuminate/Session/DatabaseSessionHandler->read('M5nK6tQBNEm6ije...')
#20 C:/Minor Project/Minor-Project/OpensourceE-commercewebsite/vendor/laravel/framework/src/Illuminate/Session/Store.php(116): Illuminate/Session/Store->readFromHandler()
#21 C:/Minor Project/Minor-Project/OpensourceE-commercewebsite/vendor/laravel/framework/src/Illuminate/Session/Store.php(100): Illuminate/Session/Store->loadSession()
#22 C:/Minor Project/Minor-Project/OpensourceE-commercewebsite/vendor/laravel/framework/src/Illuminate/Session/Middleware/StartSession.php(146): Illuminate/Session/Store->start()
#23 C:/Minor Project/Minor-Project/OpensourceE-commercewebsite/vendor/laravel/framework/src/Illuminate/Support/helpers.php(393): Illuminate/Session/Middleware/StartSession->{closure:Illuminate/Session/Middleware/StartSession::startSession():143}(Object(Illuminate/Session/Store))
#24 C:/Minor Project/Minor-Project/OpensourceE-commercewebsite/vendor/laravel/framework/src/Illuminate/Session/Middleware/StartSession.php(143): tap(Object(Illuminate/Session/Store), Object(Closure))
#25 C:/Minor Project/Minor-Project/OpensourceE-commercewebsite/vendor/laravel/framework/src/Illuminate/Session/Middleware/StartSession.php(115): Illuminate/Session/Middleware/StartSession->startSession(Object(Illuminate/Http/Request), Object(Illuminate/Session/Store))
#26 C:/Minor Project/Minor-Project/OpensourceE-commercewebsite/vendor/laravel/framework/src/Illuminate/Session/Middleware/StartSession.php(63): Illuminate/Session/Middleware/StartSession->handleStatefulRequest(Object(Illuminate/Http/Request), Object(Illuminate/Session/Store), Object(Closure))
#27 C:/Minor Project/Minor-Project/OpensourceE-commercewebsite/vendor/laravel/framework/src/Illuminate/Pipeline/Pipeline.php(219): Illuminate/Session/Middleware/StartSession->handle(Object(Illuminate/Http/Request), Object(Closure))
#28 C:/Minor Project/Minor-Project/OpensourceE-commercewebsite/vendor/laravel/framework/src/Illuminate/Cookie/Middleware/AddQueuedCookiesToResponse.php(36): Illuminate/Pipeline/Pipeline->{closure:{closure:Illuminate/Pipeline/Pipeline::carry():194}:195}(Object(Illuminate/Http/Request))
#29 C:/Minor Project/Minor-Project/OpensourceE-commercewebsite/vendor/laravel/framework/src/Illuminate/Pipeline/Pipeline.php(219): Illuminate/Cookie/Middleware/AddQueuedCookiesToResponse->handle(Object(Illuminate/Http/Request), Object(Closure))
#30 C:/Minor Project/Minor-Project/OpensourceE-commercewebsite/vendor/laravel/framework/src/Illuminate/Cookie/Middleware/EncryptCookies.php(74): Illuminate/Pipeline/Pipeline->{closure:{closure:Illuminate/Pipeline/Pipeline::carry():194}:195}(Object(Illuminate/Http/Request))
#31 C:/Minor Project/Minor-Project/OpensourceE-commercewebsite/vendor/laravel/framework/src/Illuminate/Pipeline/Pipeline.php(219): Illuminate/Cookie/Middleware/EncryptCookies->handle(Object(Illuminate/Http/Request), Object(Closure))
#32 C:/Minor Project/Minor-Project/OpensourceE-commercewebsite/vendor/laravel/framework/src/Illuminate/Pipeline/Pipeline.php(137): Illuminate/Pipeline/Pipeline->{closure:{closure:Illuminate/Pipeline/Pipeline::carry():194}:195}(Object(Illuminate/Http/Request))
#33 C:/Minor Project/Minor-Project/OpensourceE-commercewebsite/vendor/laravel/framework/src/Illuminate/Routing/Router.php(821): Illuminate/Pipeline/Pipeline->then(Object(Closure))
#34 C:/Minor Project/Minor-Project/OpensourceE-commercewebsite/vendor/laravel/framework/src/Illuminate/Routing/Router.php(800): Illuminate/Routing/Router->runRouteWithinStack(Object(Illuminate/Routing/Route), Object(Illuminate/Http/Request))
#35 C:/Minor Project/Minor-Project/OpensourceE-commercewebsite/vendor/laravel/framework/src/Illuminate/Routing/Router.php(764): Illuminate/Routing/Router->runRoute(Object(Illuminate/Http/Request), Object(Illuminate/Routing/Route))
#36 C:/Minor Project/Minor-Project/OpensourceE-commercewebsite/vendor/laravel/framework/src/Illuminate/Routing/Router.php(753): Illuminate/Routing/Router->dispatchToRoute(Object(Illuminate/Http/Request))
#37 C:/Minor Project/Minor-Project/OpensourceE-commercewebsite/vendor/laravel/framework/src/Illuminate/Foundation/Http/Kernel.php(200): Illuminate/Routing/Router->dispatch(Object(Illuminate/Http/Request))
#38 C:/Minor Project/Minor-Project/OpensourceE-commercewebsite/vendor/laravel/framework/src/Illuminate/Pipeline/Pipeline.php(180): Illuminate/Foundation/Http/Kernel->{closure:Illuminate/Foundation/Http/Kernel::dispatchToRouter():197}(Object(Illuminate/Http/Request))
#39 C:/Minor Project/Minor-Project/OpensourceE-commercewebsite/vendor/laravel/framework/src/Illuminate/Foundation/Http/Middleware/TransformsRequest.php(21): Illuminate/Pipeline/Pipeline->{closure:Illuminate/Pipeline/Pipeline::prepareDestination():178}(Object(Illuminate/Http/Request))
#40 C:/Minor Project/Minor-Project/OpensourceE-commercewebsite/vendor/laravel/framework/src/Illuminate/Foundation/Http/Middleware/ConvertEmptyStringsToNull.php(31): Illuminate/Foundation/Http/Middleware/TransformsRequest->handle(Object(Illuminate/Http/Request), Object(Closure))
#41 C:/Minor Project/Minor-Project/OpensourceE-commercewebsite/vendor/laravel/framework/src/Illuminate/Pipeline/Pipeline.php(219): Illuminate/Foundation/Http/Middleware/ConvertEmptyStringsToNull->handle(Object(Illuminate/Http/Request), Object(Closure))
#42 C:/Minor Project/Minor-Project/OpensourceE-commercewebsite/vendor/laravel/framework/src/Illuminate/Foundation/Http/Middleware/TransformsRequest.php(21): Illuminate/Pipeline/Pipeline->{closure:{closure:Illuminate/Pipeline/Pipeline::carry():194}:195}(Object(Illuminate/Http/Request))
#43 C:/Minor Project/Minor-Project/OpensourceE-commercewebsite/vendor/laravel/framework/src/Illuminate/Foundation/Http/Middleware/TrimStrings.php(51): Illuminate/Foundation/Http/Middleware/TransformsRequest->handle(Object(Illuminate/Http/Request), Object(Closure))
#44 C:/Minor Project/Minor-Project/OpensourceE-commercewebsite/vendor/laravel/framework/src/Illuminate/Pipeline/Pipeline.php(219): Illuminate/Foundation/Http/Middleware/TrimStrings->handle(Object(Illuminate/Http/Request), Object(Closure))
#45 C:/Minor Project/Minor-Project/OpensourceE-commercewebsite/vendor/laravel/framework/src/Illuminate/Http/Middleware/ValidatePostSize.php(27): Illuminate/Pipeline/Pipeline->{closure:{closure:Illuminate/Pipeline/Pipeline::carry():194}:195}(Object(Illuminate/Http/Request))
#46 C:/Minor Project/Minor-Project/OpensourceE-commercewebsite/vendor/laravel/framework/src/Illuminate/Pipeline/Pipeline.php(219): Illuminate/Http/Middleware/ValidatePostSize->handle(Object(Illuminate/Http/Request), Object(Closure))
#47 C:/Minor Project/Minor-Project/OpensourceE-commercewebsite/vendor/laravel/framework/src/Illuminate/Foundation/Http/Middleware/PreventRequestsDuringMaintenance.php(109): Illuminate/Pipeline/Pipeline->{closure:{closure:Illuminate/Pipeline/Pipeline::carry():194}:195}(Object(Illuminate/Http/Request))
#48 C:/Minor Project/Minor-Project/OpensourceE-commercewebsite/vendor/laravel/framework/src/Illuminate/Pipeline/Pipeline.php(219): Illuminate/Foundation/Http/Middleware/PreventRequestsDuringMaintenance->handle(Object(Illuminate/Http/Request), Object(Closure))
#49 C:/Minor Project/Minor-Project/OpensourceE-commercewebsite/vendor/laravel/framework/src/Illuminate/Http/Middleware/HandleCors.php(61): Illuminate/Pipeline/Pipeline->{closure:{closure:Illuminate/Pipeline/Pipeline::carry():194}:195}(Object(Illuminate/Http/Request))
#50 C:/Minor Project/Minor-Project/OpensourceE-commercewebsite/vendor/laravel/framework/src/Illuminate/Pipeline/Pipeline.php(219): Illuminate/Http/Middleware/HandleCors->handle(Object(Illuminate/Http/Request), Object(Closure))
#51 C:/Minor Project/Minor-Project/OpensourceE-commercewebsite/vendor/laravel/framework/src/Illuminate/Http/Middleware/TrustProxies.php(58): Illuminate/Pipeline/Pipeline->{closure:{closure:Illuminate/Pipeline/Pipeline::carry():194}:195}(Object(Illuminate/Http/Request))
#52 C:/Minor Project/Minor-Project/OpensourceE-commercewebsite/vendor/laravel/framework/src/Illuminate/Pipeline/Pipeline.php(219): Illuminate/Http/Middleware/TrustProxies->handle(Object(Illuminate/Http/Request), Object(Closure))
#53 C:/Minor Project/Minor-Project/OpensourceE-commercewebsite/vendor/laravel/framework/src/Illuminate/Foundation/Http/Middleware/InvokeDeferredCallbacks.php(22): Illuminate/Pipeline/Pipeline->{closure:{closure:Illuminate/Pipeline/Pipeline::carry():194}:195}(Object(Illuminate/Http/Request))
#54 C:/Minor Project/Minor-Project/OpensourceE-commercewebsite/vendor/laravel/framework/src/Illuminate/Pipeline/Pipeline.php(219): Illuminate/Foundation/Http/Middleware/InvokeDeferredCallbacks->handle(Object(Illuminate/Http/Request), Object(Closure))
#55 C:/Minor Project/Minor-Project/OpensourceE-commercewebsite/vendor/laravel/framework/src/Illuminate/Http/Middleware/ValidatePathEncoding.php(28): Illuminate/Pipeline/Pipeline->{closure:{closure:Illuminate/Pipeline/Pipeline::carry():194}:195}(Object(Illuminate/Http/Request))
#56 C:/Minor Project/Minor-Project/OpensourceE-commercewebsite/vendor/laravel/framework/src/Illuminate/Pipeline/Pipeline.php(219): Illuminate/Http/Middleware/ValidatePathEncoding->handle(Object(Illuminate/Http/Request), Object(Closure))
#57 C:/Minor Project/Minor-Project/OpensourceE-commercewebsite/vendor/laravel/framework/src/Illuminate/Pipeline/Pipeline.php(137): Illuminate/Pipeline/Pipeline->{closure:{closure:Illuminate/Pipeline/Pipeline::carry():194}:195}(Object(Illuminate/Http/Request))
#58 C:/Minor Project/Minor-Project/OpensourceE-commercewebsite/vendor/laravel/framework/src/Illuminate/Foundation/Http/Kernel.php(175): Illuminate/Pipeline/Pipeline->then(Object(Closure))
#59 C:/Minor Project/Minor-Project/OpensourceE-commercewebsite/vendor/laravel/framework/src/Illuminate/Foundation/Http/Kernel.php(144): Illuminate/Foundation/Http/Kernel->sendRequestThroughRouter(Object(Illuminate/Http/Request))
#60 C:/Minor Project/Minor-Project/OpensourceE-commercewebsite/vendor/laravel/framework/src/Illuminate/Foundation/Application.php(1220): Illuminate/Foundation/Http/Kernel->handle(Object(Illuminate/Http/Request))
#61 C:/Minor Project/Minor-Project/OpensourceE-commercewebsite/public/index.php(20): Illuminate/Foundation/Application->handleRequest(Object(Illuminate/Http/Request))
#62 {main}
"} 
[2026-07-27 15:11:39] local.ERROR: SQLSTATE[HY000] [2002] No connection could be made because the target machine actively refused it (Connection: mysql, Host: 127.0.0.1, Port: 3306, Database: laravel, SQL: select * from `sessions` where `id` = NHGe3pfOMCJ3qBta7uKLEa3kgCbVEGkNO8zWRBd3 limit 1) {"exception":"[object] (Illuminate\\Database\\QueryException(code: 2002): SQLSTATE[HY000] [2002] No connection could be made because the target machine actively refused it (Connection: mysql, Host: 127.0.0.1, Port: 3306, Database: laravel, SQL: select * from `sessions` where `id` = NHGe3pfOMCJ3qBta7uKLEa3kgCbVEGkNO8zWRBd3 limit 1) at C:/Minor Project/Minor-Project/OpensourceE-commercewebsite/vendor/laravel/framework/src/Illuminate/Database/Connection.php:857)
[stacktrace]
#0 C:/Minor Project/Minor-Project/OpensourceE-commercewebsite/vendor/laravel/framework/src/Illuminate/Database/Connection.php(1037): Illuminate/Database/Connection->runQueryCallback('select * from `...', Array, Object(Closure))
#1 C:/Minor Project/Minor-Project/OpensourceE-commercewebsite/vendor/laravel/framework/src/Illuminate/Database/Connection.php(1016): Illuminate/Database/Connection->tryAgainIfCausedByLostConnection(Object(Illuminate/Database/QueryException), 'select * from `...', Array, Object(Closure))
#2 C:/Minor Project/Minor-Project/OpensourceE-commercewebsite/vendor/laravel/framework/src/Illuminate/Database/Connection.php(815): Illuminate/Database/Connection->handleQueryException(Object(Illuminate/Database/QueryException), 'select * from `...', Array, Object(Closure))
#3 C:/Minor Project/Minor-Project/OpensourceE-commercewebsite/vendor/laravel/framework/src/Illuminate/Database/Connection.php(426): Illuminate/Database/Connection->run('select * from `...', Array, Object(Closure))
#4 C:/Minor Project/Minor-Project/OpensourceE-commercewebsite/vendor/laravel/framework/src/Illuminate/Database/Query/Builder.php(3574): Illuminate/Database/Connection->select('select * from `...', Array, false, Array)
#5 C:/Minor Project/Minor-Project/OpensourceE-commercewebsite/vendor/laravel/framework/src/Illuminate/Database/Query/Builder.php(3558): Illuminate/Database/Query/Builder->runSelect()
#6 C:/Minor Project/Minor-Project/OpensourceE-commercewebsite/vendor/laravel/framework/src/Illuminate/Database/Concerns/BuildsQueries.php(366): Illuminate/Database/Query/Builder->get(Array)
#7 C:/Minor Project/Minor-Project/OpensourceE-commercewebsite/vendor/laravel/framework/src/Illuminate/Database/Query/Builder.php(3476): Illuminate/Database/Query/Builder->first(Array)
#8 C:/Minor Project/Minor-Project/OpensourceE-commercewebsite/vendor/laravel/framework/src/Illuminate/Session/DatabaseSessionHandler.php(96): Illuminate/Database/Query/Builder->find('NHGe3pfOMCJ3qBt...')
#9 C:/Minor Project/Minor-Project/OpensourceE-commercewebsite/vendor/laravel/framework/src/Illuminate/Session/Store.php(128): Illuminate/Session/DatabaseSessionHandler->read('NHGe3pfOMCJ3qBt...')
#10 C:/Minor Project/Minor-Project/OpensourceE-commercewebsite/vendor/laravel/framework/src/Illuminate/Session/Store.php(116): Illuminate/Session/Store->readFromHandler()
#11 C:/Minor Project/Minor-Project/OpensourceE-commercewebsite/vendor/laravel/framework/src/Illuminate/Session/Store.php(100): Illuminate/Session/Store->loadSession()
#12 C:/Minor Project/Minor-Project/OpensourceE-commercewebsite/vendor/laravel/framework/src/Illuminate/Session/Middleware/StartSession.php(146): Illuminate/Session/Store->start()
#13 C:/Minor Project/Minor-Project/OpensourceE-commercewebsite/vendor/laravel/framework/src/Illuminate/Support/helpers.php(393): Illuminate/Session/Middleware/StartSession->{closure:Illuminate/Session/Middleware/StartSession::startSession():143}(Object(Illuminate/Session/Store))
#14 C:/Minor Project/Minor-Project/OpensourceE-commercewebsite/vendor/laravel/framework/src/Illuminate/Session/Middleware/StartSession.php(143): tap(Object(Illuminate/Session/Store), Object(Closure))
#15 C:/Minor Project/Minor-Project/OpensourceE-commercewebsite/vendor/laravel/framework/src/Illuminate/Session/Middleware/StartSession.php(115): Illuminate/Session/Middleware/StartSession->startSession(Object(Illuminate/Http/Request), Object(Illuminate/Session/Store))
#16 C:/Minor Project/Minor-Project/OpensourceE-commercewebsite/vendor/laravel/framework/src/Illuminate/Session/Middleware/StartSession.php(63): Illuminate/Session/Middleware/StartSession->handleStatefulRequest(Object(Illuminate/Http/Request), Object(Illuminate/Session/Store), Object(Closure))
#17 C:/Minor Project/Minor-Project/OpensourceE-commercewebsite/vendor/laravel/framework/src/Illuminate/Pipeline/Pipeline.php(219): Illuminate/Session/Middleware/StartSession->handle(Object(Illuminate/Http/Request), Object(Closure))
#18 C:/Minor Project/Minor-Project/OpensourceE-commercewebsite/vendor/laravel/framework/src/Illuminate/Cookie/Middleware/AddQueuedCookiesToResponse.php(36): Illuminate/Pipeline/Pipeline->{closure:{closure:Illuminate/Pipeline/Pipeline::carry():194}:195}(Object(Illuminate/Http/Request))
#19 C:/Minor Project/Minor-Project/OpensourceE-commercewebsite/vendor/laravel/framework/src/Illuminate/Pipeline/Pipeline.php(219): Illuminate/Cookie/Middleware/AddQueuedCookiesToResponse->handle(Object(Illuminate/Http/Request), Object(Closure))
#20 C:/Minor Project/Minor-Project/OpensourceE-commercewebsite/vendor/laravel/framework/src/Illuminate/Cookie/Middleware/EncryptCookies.php(74): Illuminate/Pipeline/Pipeline->{closure:{closure:Illuminate/Pipeline/Pipeline::carry():194}:195}(Object(Illuminate/Http/Request))
#21 C:/Minor Project/Minor-Project/OpensourceE-commercewebsite/vendor/laravel/framework/src/Illuminate/Pipeline/Pipeline.php(219): Illuminate/Cookie/Middleware/EncryptCookies->handle(Object(Illuminate/Http/Request), Object(Closure))
#22 C:/Minor Project/Minor-Project/OpensourceE-commercewebsite/vendor/laravel/framework/src/Illuminate/Pipeline/Pipeline.php(137): Illuminate/Pipeline/Pipeline->{closure:{closure:Illuminate/Pipeline/Pipeline::carry():194}:195}(Object(Illuminate/Http/Request))
#23 C:/Minor Project/Minor-Project/OpensourceE-commercewebsite/vendor/laravel/framework/src/Illuminate/Routing/Router.php(821): Illuminate/Pipeline/Pipeline->then(Object(Closure))
#24 C:/Minor Project/Minor-Project/OpensourceE-commercewebsite/vendor/laravel/framework/src/Illuminate/Routing/Router.php(800): Illuminate/Routing/Router->runRouteWithinStack(Object(Illuminate/Routing/Route), Object(Illuminate/Http/Request))
#25 C:/Minor Project/Minor-Project/OpensourceE-commercewebsite/vendor/laravel/framework/src/Illuminate/Routing/Router.php(764): Illuminate/Routing/Router->runRoute(Object(Illuminate/Http/Request), Object(Illuminate/Routing/Route))
#26 C:/Minor Project/Minor-Project/OpensourceE-commercewebsite/vendor/laravel/framework/src/Illuminate/Routing/Router.php(753): Illuminate/Routing/Router->dispatchToRoute(Object(Illuminate/Http/Request))
#27 C:/Minor Project/Minor-Project/OpensourceE-commercewebsite/vendor/laravel/framework/src/Illuminate/Foundation/Http/Kernel.php(200): Illuminate/Routing/Router->dispatch(Object(Illuminate/Http/Request))
#28 C:/Minor Project/Minor-Project/OpensourceE-commercewebsite/vendor/laravel/framework/src/Illuminate/Pipeline/Pipeline.php(180): Illuminate/Foundation/Http/Kernel->{closure:Illuminate/Foundation/Http/Kernel::dispatchToRouter():197}(Object(Illuminate/Http/Request))
#29 C:/Minor Project/Minor-Project/OpensourceE-commercewebsite/vendor/laravel/framework/src/Illuminate/Foundation/Http/Middleware/TransformsRequest.php(21): Illuminate/Pipeline/Pipeline->{closure:Illuminate/Pipeline/Pipeline::prepareDestination():178}(Object(Illuminate/Http/Request))
#30 C:/Minor Project/Minor-Project/OpensourceE-commercewebsite/vendor/laravel/framework/src/Illuminate/Foundation/Http/Middleware/ConvertEmptyStringsToNull.php(31): Illuminate/Foundation/Http/Middleware/TransformsRequest->handle(Object(Illuminate/Http/Request), Object(Closure))
#31 C:/Minor Project/Minor-Project/OpensourceE-commercewebsite/vendor/laravel/framework/src/Illuminate/Pipeline/Pipeline.php(219): Illuminate/Foundation/Http/Middleware/ConvertEmptyStringsToNull->handle(Object(Illuminate/Http/Request), Object(Closure))
#32 C:/Minor Project/Minor-Project/OpensourceE-commercewebsite/vendor/laravel/framework/src/Illuminate/Foundation/Http/Middleware/TransformsRequest.php(21): Illuminate/Pipeline/Pipeline->{closure:{closure:Illuminate/Pipeline/Pipeline::carry():194}:195}(Object(Illuminate/Http/Request))
#33 C:/Minor Project/Minor-Project/OpensourceE-commercewebsite/vendor/laravel/framework/src/Illuminate/Foundation/Http/Middleware/TrimStrings.php(51): Illuminate/Foundation/Http/Middleware/TransformsRequest->handle(Object(Illuminate/Http/Request), Object(Closure))
#34 C:/Minor Project/Minor-Project/OpensourceE-commercewebsite/vendor/laravel/framework/src/Illuminate/Pipeline/Pipeline.php(219): Illuminate/Foundation/Http/Middleware/TrimStrings->handle(Object(Illuminate/Http/Request), Object(Closure))
#35 C:/Minor Project/Minor-Project/OpensourceE-commercewebsite/vendor/laravel/framework/src/Illuminate/Http/Middleware/ValidatePostSize.php(27): Illuminate/Pipeline/Pipeline->{closure:{closure:Illuminate/Pipeline/Pipeline::carry():194}:195}(Object(Illuminate/Http/Request))
#36 C:/Minor Project/Minor-Project/OpensourceE-commercewebsite/vendor/laravel/framework/src/Illuminate/Pipeline/Pipeline.php(219): Illuminate/Http/Middleware/ValidatePostSize->handle(Object(Illuminate/Http/Request), Object(Closure))
#37 C:/Minor Project/Minor-Project/OpensourceE-commercewebsite/vendor/laravel/framework/src/Illuminate/Foundation/Http/Middleware/PreventRequestsDuringMaintenance.php(109): Illuminate/Pipeline/Pipeline->{closure:{closure:Illuminate/Pipeline/Pipeline::carry():194}:195}(Object(Illuminate/Http/Request))
#38 C:/Minor Project/Minor-Project/OpensourceE-commercewebsite/vendor/laravel/framework/src/Illuminate/Pipeline/Pipeline.php(219): Illuminate/Foundation/Http/Middleware/PreventRequestsDuringMaintenance->handle(Object(Illuminate/Http/Request), Object(Closure))
#39 C:/Minor Project/Minor-Project/OpensourceE-commercewebsite/vendor/laravel/framework/src/Illuminate/Http/Middleware/HandleCors.php(61): Illuminate/Pipeline/Pipeline->{closure:{closure:Illuminate/Pipeline/Pipeline::carry():194}:195}(Object(Illuminate/Http/Request))
#40 C:/Minor Project/Minor-Project/OpensourceE-commercewebsite/vendor/laravel/framework/src/Illuminate/Pipeline/Pipeline.php(219): Illuminate/Http/Middleware/HandleCors->handle(Object(Illuminate/Http/Request), Object(Closure))
#41 C:/Minor Project/Minor-Project/OpensourceE-commercewebsite/vendor/laravel/framework/src/Illuminate/Http/Middleware/TrustProxies.php(58): Illuminate/Pipeline/Pipeline->{closure:{closure:Illuminate/Pipeline/Pipeline::carry():194}:195}(Object(Illuminate/Http/Request))
#42 C:/Minor Project/Minor-Project/OpensourceE-commercewebsite/vendor/laravel/framework/src/Illuminate/Pipeline/Pipeline.php(219): Illuminate/Http/Middleware/TrustProxies->handle(Object(Illuminate/Http/Request), Object(Closure))
#43 C:/Minor Project/Minor-Project/OpensourceE-commercewebsite/vendor/laravel/framework/src/Illuminate/Foundation/Http/Middleware/InvokeDeferredCallbacks.php(22): Illuminate/Pipeline/Pipeline->{closure:{closure:Illuminate/Pipeline/Pipeline::carry():194}:195}(Object(Illuminate/Http/Request))
#44 C:/Minor Project/Minor-Project/OpensourceE-commercewebsite/vendor/laravel/framework/src/Illuminate/Pipeline/Pipeline.php(219): Illuminate/Foundation/Http/Middleware/InvokeDeferredCallbacks->handle(Object(Illuminate/Http/Request), Object(Closure))
#45 C:/Minor Project/Minor-Project/OpensourceE-commercewebsite/vendor/laravel/framework/src/Illuminate/Http/Middleware/ValidatePathEncoding.php(28): Illuminate/Pipeline/Pipeline->{closure:{closure:Illuminate/Pipeline/Pipeline::carry():194}:195}(Object(Illuminate/Http/Request))
#46 C:/Minor Project/Minor-Project/OpensourceE-commercewebsite/vendor/laravel/framework/src/Illuminate/Pipeline/Pipeline.php(219): Illuminate/Http/Middleware/ValidatePathEncoding->handle(Object(Illuminate/Http/Request), Object(Closure))
#47 C:/Minor Project/Minor-Project/OpensourceE-commercewebsite/vendor/laravel/framework/src/Illuminate/Pipeline/Pipeline.php(137): Illuminate/Pipeline/Pipeline->{closure:{closure:Illuminate/Pipeline/Pipeline::carry():194}:195}(Object(Illuminate/Http/Request))
#48 C:/Minor Project/Minor-Project/OpensourceE-commercewebsite/vendor/laravel/framework/src/Illuminate/Foundation/Http/Kernel.php(175): Illuminate/Pipeline/Pipeline->then(Object(Closure))
#49 C:/Minor Project/Minor-Project/OpensourceE-commercewebsite/vendor/laravel/framework/src/Illuminate/Foundation/Http/Kernel.php(144): Illuminate/Foundation/Http/Kernel->sendRequestThroughRouter(Object(Illuminate/Http/Request))
#50 C:/Minor Project/Minor-Project/OpensourceE-commercewebsite/vendor/laravel/framework/src/Illuminate/Foundation/Application.php(1227): Illuminate/Foundation/Http/Kernel->handle(Object(Illuminate/Http/Request))
#51 C:/Minor Project/Minor-Project/OpensourceE-commercewebsite/public/index.php(20): Illuminate/Foundation/Application->handleRequest(Object(Illuminate/Http/Request))
#52 C:/Minor Project/Minor-Project/OpensourceE-commercewebsite/vendor/laravel/framework/src/Illuminate/Foundation/resources/server.php(23): require_once('C://Minor Projec...')
#53 {main}

[previous exception] [object] (PDOException(code: 2002): SQLSTATE[HY000] [2002] No connection could be made because the target machine actively refused it at C:/Minor Project/Minor-Project/OpensourceE-commercewebsite/vendor/laravel/framework/src/Illuminate/Database/Connectors/Connector.php:67)
[stacktrace]
#0 C:/Minor Project/Minor-Project/OpensourceE-commercewebsite/vendor/laravel/framework/src/Illuminate/Database/Connectors/Connector.php(67): PDO::connect('mysql:host=127....', 'root', Object(SensitiveParameterValue), Array)
#1 C:/Minor Project/Minor-Project/OpensourceE-commercewebsite/vendor/laravel/framework/src/Illuminate/Database/Connectors/Connector.php(85): Illuminate/Database/Connectors/Connector->createPdoConnection('mysql:host=127....', 'root', Object(SensitiveParameterValue), Array)
#2 C:/Minor Project/Minor-Project/OpensourceE-commercewebsite/vendor/laravel/framework/src/Illuminate/Database/Connectors/Connector.php(48): Illuminate/Database/Connectors/Connector->tryAgainIfCausedByLostConnection(Object(PDOException), 'mysql:host=127....', 'root', Object(SensitiveParameterValue), Array)
#3 C:/Minor Project/Minor-Project/OpensourceE-commercewebsite/vendor/laravel/framework/src/Illuminate/Database/Connectors/MySqlConnector.php(24): Illuminate/Database/Connectors/Connector->createConnection('mysql:host=127....', Array, Array)
#4 C:/Minor Project/Minor-Project/OpensourceE-commercewebsite/vendor/laravel/framework/src/Illuminate/Database/Connectors/ConnectionFactory.php(220): Illuminate/Database/Connectors/MySqlConnector->connect(Array)
#5 [internal function]: Illuminate/Database/Connectors/ConnectionFactory->{closure:Illuminate/Database/Connectors/ConnectionFactory::createPdoResolverWithHosts():213}()
#6 C:/Minor Project/Minor-Project/OpensourceE-commercewebsite/vendor/laravel/framework/src/Illuminate/Database/Connection.php(1297): call_user_func(Object(Closure))
#7 C:/Minor Project/Minor-Project/OpensourceE-commercewebsite/vendor/laravel/framework/src/Illuminate/Database/Connection.php(542): Illuminate/Database/Connection->getPdo()
#8 C:/Minor Project/Minor-Project/OpensourceE-commercewebsite/vendor/laravel/framework/src/Illuminate/Database/Connection.php(435): Illuminate/Database/Connection->getPdoForSelect(false)
#9 C:/Minor Project/Minor-Project/OpensourceE-commercewebsite/vendor/laravel/framework/src/Illuminate/Database/Connection.php(846): Illuminate/Database/Connection->{closure:Illuminate/Database/Connection::select():426}('select * from `...', Array)
#10 C:/Minor Project/Minor-Project/OpensourceE-commercewebsite/vendor/laravel/framework/src/Illuminate/Database/Connection.php(1037): Illuminate/Database/Connection->runQueryCallback('select * from `...', Array, Object(Closure))
#11 C:/Minor Project/Minor-Project/OpensourceE-commercewebsite/vendor/laravel/framework/src/Illuminate/Database/Connection.php(1016): Illuminate/Database/Connection->tryAgainIfCausedByLostConnection(Object(Illuminate/Database/QueryException), 'select * from `...', Array, Object(Closure))
#12 C:/Minor Project/Minor-Project/OpensourceE-commercewebsite/vendor/laravel/framework/src/Illuminate/Database/Connection.php(815): Illuminate/Database/Connection->handleQueryException(Object(Illuminate/Database/QueryException), 'select * from `...', Array, Object(Closure))
#13 C:/Minor Project/Minor-Project/OpensourceE-commercewebsite/vendor/laravel/framework/src/Illuminate/Database/Connection.php(426): Illuminate/Database/Connection->run('select * from `...', Array, Object(Closure))
#14 C:/Minor Project/Minor-Project/OpensourceE-commercewebsite/vendor/laravel/framework/src/Illuminate/Database/Query/Builder.php(3574): Illuminate/Database/Connection->select('select * from `...', Array, false, Array)
#15 C:/Minor Project/Minor-Project/OpensourceE-commercewebsite/vendor/laravel/framework/src/Illuminate/Database/Query/Builder.php(3558): Illuminate/Database/Query/Builder->runSelect()
#16 C:/Minor Project/Minor-Project/OpensourceE-commercewebsite/vendor/laravel/framework/src/Illuminate/Database/Concerns/BuildsQueries.php(366): Illuminate/Database/Query/Builder->get(Array)
#17 C:/Minor Project/Minor-Project/OpensourceE-commercewebsite/vendor/laravel/framework/src/Illuminate/Database/Query/Builder.php(3476): Illuminate/Database/Query/Builder->first(Array)
#18 C:/Minor Project/Minor-Project/OpensourceE-commercewebsite/vendor/laravel/framework/src/Illuminate/Session/DatabaseSessionHandler.php(96): Illuminate/Database/Query/Builder->find('NHGe3pfOMCJ3qBt...')
#19 C:/Minor Project/Minor-Project/OpensourceE-commercewebsite/vendor/laravel/framework/src/Illuminate/Session/Store.php(128): Illuminate/Session/DatabaseSessionHandler->read('NHGe3pfOMCJ3qBt...')
#20 C:/Minor Project/Minor-Project/OpensourceE-commercewebsite/vendor/laravel/framework/src/Illuminate/Session/Store.php(116): Illuminate/Session/Store->readFromHandler()
#21 C:/Minor Project/Minor-Project/OpensourceE-commercewebsite/vendor/laravel/framework/src/Illuminate/Session/Store.php(100): Illuminate/Session/Store->loadSession()
#22 C:/Minor Project/Minor-Project/OpensourceE-commercewebsite/vendor/laravel/framework/src/Illuminate/Session/Middleware/StartSession.php(146): Illuminate/Session/Store->start()
#23 C:/Minor Project/Minor-Project/OpensourceE-commercewebsite/vendor/laravel/framework/src/Illuminate/Support/helpers.php(393): Illuminate/Session/Middleware/StartSession->{closure:Illuminate/Session/Middleware/StartSession::startSession():143}(Object(Illuminate/Session/Store))
#24 C:/Minor Project/Minor-Project/OpensourceE-commercewebsite/vendor/laravel/framework/src/Illuminate/Session/Middleware/StartSession.php(143): tap(Object(Illuminate/Session/Store), Object(Closure))
#25 C:/Minor Project/Minor-Project/OpensourceE-commercewebsite/vendor/laravel/framework/src/Illuminate/Session/Middleware/StartSession.php(115): Illuminate/Session/Middleware/StartSession->startSession(Object(Illuminate/Http/Request), Object(Illuminate/Session/Store))
#26 C:/Minor Project/Minor-Project/OpensourceE-commercewebsite/vendor/laravel/framework/src/Illuminate/Session/Middleware/StartSession.php(63): Illuminate/Session/Middleware/StartSession->handleStatefulRequest(Object(Illuminate/Http/Request), Object(Illuminate/Session/Store), Object(Closure))
#27 C:/Minor Project/Minor-Project/OpensourceE-commercewebsite/vendor/laravel/framework/src/Illuminate/Pipeline/Pipeline.php(219): Illuminate/Session/Middleware/StartSession->handle(Object(Illuminate/Http/Request), Object(Closure))
#28 C:/Minor Project/Minor-Project/OpensourceE-commercewebsite/vendor/laravel/framework/src/Illuminate/Cookie/Middleware/AddQueuedCookiesToResponse.php(36): Illuminate/Pipeline/Pipeline->{closure:{closure:Illuminate/Pipeline/Pipeline::carry():194}:195}(Object(Illuminate/Http/Request))
#29 C:/Minor Project/Minor-Project/OpensourceE-commercewebsite/vendor/laravel/framework/src/Illuminate/Pipeline/Pipeline.php(219): Illuminate/Cookie/Middleware/AddQueuedCookiesToResponse->handle(Object(Illuminate/Http/Request), Object(Closure))
#30 C:/Minor Project/Minor-Project/OpensourceE-commercewebsite/vendor/laravel/framework/src/Illuminate/Cookie/Middleware/EncryptCookies.php(74): Illuminate/Pipeline/Pipeline->{closure:{closure:Illuminate/Pipeline/Pipeline::carry():194}:195}(Object(Illuminate/Http/Request))
#31 C:/Minor Project/Minor-Project/OpensourceE-commercewebsite/vendor/laravel/framework/src/Illuminate/Pipeline/Pipeline.php(219): Illuminate/Cookie/Middleware/EncryptCookies->handle(Object(Illuminate/Http/Request), Object(Closure))
#32 C:/Minor Project/Minor-Project/OpensourceE-commercewebsite/vendor/laravel/framework/src/Illuminate/Pipeline/Pipeline.php(137): Illuminate/Pipeline/Pipeline->{closure:{closure:Illuminate/Pipeline/Pipeline::carry():194}:195}(Object(Illuminate/Http/Request))
#33 C:/Minor Project/Minor-Project/OpensourceE-commercewebsite/vendor/laravel/framework/src/Illuminate/Routing/Router.php(821): Illuminate/Pipeline/Pipeline->then(Object(Closure))
#34 C:/Minor Project/Minor-Project/OpensourceE-commercewebsite/vendor/laravel/framework/src/Illuminate/Routing/Router.php(800): Illuminate/Routing/Router->runRouteWithinStack(Object(Illuminate/Routing/Route), Object(Illuminate/Http/Request))
#35 C:/Minor Project/Minor-Project/OpensourceE-commercewebsite/vendor/laravel/framework/src/Illuminate/Routing/Router.php(764): Illuminate/Routing/Router->runRoute(Object(Illuminate/Http/Request), Object(Illuminate/Routing/Route))
#36 C:/Minor Project/Minor-Project/OpensourceE-commercewebsite/vendor/laravel/framework/src/Illuminate/Routing/Router.php(753): Illuminate/Routing/Router->dispatchToRoute(Object(Illuminate/Http/Request))
#37 C:/Minor Project/Minor-Project/OpensourceE-commercewebsite/vendor/laravel/framework/src/Illuminate/Foundation/Http/Kernel.php(200): Illuminate/Routing/Router->dispatch(Object(Illuminate/Http/Request))
#38 C:/Minor Project/Minor-Project/OpensourceE-commercewebsite/vendor/laravel/framework/src/Illuminate/Pipeline/Pipeline.php(180): Illuminate/Foundation/Http/Kernel->{closure:Illuminate/Foundation/Http/Kernel::dispatchToRouter():197}(Object(Illuminate/Http/Request))
#39 C:/Minor Project/Minor-Project/OpensourceE-commercewebsite/vendor/laravel/framework/src/Illuminate/Foundation/Http/Middleware/TransformsRequest.php(21): Illuminate/Pipeline/Pipeline->{closure:Illuminate/Pipeline/Pipeline::prepareDestination():178}(Object(Illuminate/Http/Request))
#40 C:/Minor Project/Minor-Project/OpensourceE-commercewebsite/vendor/laravel/framework/src/Illuminate/Foundation/Http/Middleware/ConvertEmptyStringsToNull.php(31): Illuminate/Foundation/Http/Middleware/TransformsRequest->handle(Object(Illuminate/Http/Request), Object(Closure))
#41 C:/Minor Project/Minor-Project/OpensourceE-commercewebsite/vendor/laravel/framework/src/Illuminate/Pipeline/Pipeline.php(219): Illuminate/Foundation/Http/Middleware/ConvertEmptyStringsToNull->handle(Object(Illuminate/Http/Request), Object(Closure))
#42 C:/Minor Project/Minor-Project/OpensourceE-commercewebsite/vendor/laravel/framework/src/Illuminate/Foundation/Http/Middleware/TransformsRequest.php(21): Illuminate/Pipeline/Pipeline->{closure:{closure:Illuminate/Pipeline/Pipeline::carry():194}:195}(Object(Illuminate/Http/Request))
#43 C:/Minor Project/Minor-Project/OpensourceE-commercewebsite/vendor/laravel/framework/src/Illuminate/Foundation/Http/Middleware/TrimStrings.php(51): Illuminate/Foundation/Http/Middleware/TransformsRequest->handle(Object(Illuminate/Http/Request), Object(Closure))
#44 C:/Minor Project/Minor-Project/OpensourceE-commercewebsite/vendor/laravel/framework/src/Illuminate/Pipeline/Pipeline.php(219): Illuminate/Foundation/Http/Middleware/TrimStrings->handle(Object(Illuminate/Http/Request), Object(Closure))
#45 C:/Minor Project/Minor-Project/OpensourceE-commercewebsite/vendor/laravel/framework/src/Illuminate/Http/Middleware/ValidatePostSize.php(27): Illuminate/Pipeline/Pipeline->{closure:{closure:Illuminate/Pipeline/Pipeline::carry():194}:195}(Object(Illuminate/Http/Request))
#46 C:/Minor Project/Minor-Project/OpensourceE-commercewebsite/vendor/laravel/framework/src/Illuminate/Pipeline/Pipeline.php(219): Illuminate/Http/Middleware/ValidatePostSize->handle(Object(Illuminate/Http/Request), Object(Closure))
#47 C:/Minor Project/Minor-Project/OpensourceE-commercewebsite/vendor/laravel/framework/src/Illuminate/Foundation/Http/Middleware/PreventRequestsDuringMaintenance.php(109): Illuminate/Pipeline/Pipeline->{closure:{closure:Illuminate/Pipeline/Pipeline::carry():194}:195}(Object(Illuminate/Http/Request))
#48 C:/Minor Project/Minor-Project/OpensourceE-commercewebsite/vendor/laravel/framework/src/Illuminate/Pipeline/Pipeline.php(219): Illuminate/Foundation/Http/Middleware/PreventRequestsDuringMaintenance->handle(Object(Illuminate/Http/Request), Object(Closure))
#49 C:/Minor Project/Minor-Project/OpensourceE-commercewebsite/vendor/laravel/framework/src/Illuminate/Http/Middleware/HandleCors.php(61): Illuminate/Pipeline/Pipeline->{closure:{closure:Illuminate/Pipeline/Pipeline::carry():194}:195}(Object(Illuminate/Http/Request))
#50 C:/Minor Project/Minor-Project/OpensourceE-commercewebsite/vendor/laravel/framework/src/Illuminate/Pipeline/Pipeline.php(219): Illuminate/Http/Middleware/HandleCors->handle(Object(Illuminate/Http/Request), Object(Closure))
#51 C:/Minor Project/Minor-Project/OpensourceE-commercewebsite/vendor/laravel/framework/src/Illuminate/Http/Middleware/TrustProxies.php(58): Illuminate/Pipeline/Pipeline->{closure:{closure:Illuminate/Pipeline/Pipeline::carry():194}:195}(Object(Illuminate/Http/Request))
#52 C:/Minor Project/Minor-Project/OpensourceE-commercewebsite/vendor/laravel/framework/src/Illuminate/Pipeline/Pipeline.php(219): Illuminate/Http/Middleware/TrustProxies->handle(Object(Illuminate/Http/Request), Object(Closure))
#53 C:/Minor Project/Minor-Project/OpensourceE-commercewebsite/vendor/laravel/framework/src/Illuminate/Foundation/Http/Middleware/InvokeDeferredCallbacks.php(22): Illuminate/Pipeline/Pipeline->{closure:{closure:Illuminate/Pipeline/Pipeline::carry():194}:195}(Object(Illuminate/Http/Request))
#54 C:/Minor Project/Minor-Project/OpensourceE-commercewebsite/vendor/laravel/framework/src/Illuminate/Pipeline/Pipeline.php(219): Illuminate/Foundation/Http/Middleware/InvokeDeferredCallbacks->handle(Object(Illuminate/Http/Request), Object(Closure))
#55 C:/Minor Project/Minor-Project/OpensourceE-commercewebsite/vendor/laravel/framework/src/Illuminate/Http/Middleware/ValidatePathEncoding.php(28): Illuminate/Pipeline/Pipeline->{closure:{closure:Illuminate/Pipeline/Pipeline::carry():194}:195}(Object(Illuminate/Http/Request))
#56 C:/Minor Project/Minor-Project/OpensourceE-commercewebsite/vendor/laravel/framework/src/Illuminate/Pipeline/Pipeline.php(219): Illuminate/Http/Middleware/ValidatePathEncoding->handle(Object(Illuminate/Http/Request), Object(Closure))
#57 C:/Minor Project/Minor-Project/OpensourceE-commercewebsite/vendor/laravel/framework/src/Illuminate/Pipeline/Pipeline.php(137): Illuminate/Pipeline/Pipeline->{closure:{closure:Illuminate/Pipeline/Pipeline::carry():194}:195}(Object(Illuminate/Http/Request))
#58 C:/Minor Project/Minor-Project/OpensourceE-commercewebsite/vendor/laravel/framework/src/Illuminate/Foundation/Http/Kernel.php(175): Illuminate/Pipeline/Pipeline->then(Object(Closure))
#59 C:/Minor Project/Minor-Project/OpensourceE-commercewebsite/vendor/laravel/framework/src/Illuminate/Foundation/Http/Kernel.php(144): Illuminate/Foundation/Http/Kernel->sendRequestThroughRouter(Object(Illuminate/Http/Request))
#60 C:/Minor Project/Minor-Project/OpensourceE-commercewebsite/vendor/laravel/framework/src/Illuminate/Foundation/Application.php(1227): Illuminate/Foundation/Http/Kernel->handle(Object(Illuminate/Http/Request))
#61 C:/Minor Project/Minor-Project/OpensourceE-commercewebsite/public/index.php(20): Illuminate/Foundation/Application->handleRequest(Object(Illuminate/Http/Request))
#62 C:/Minor Project/Minor-Project/OpensourceE-commercewebsite/vendor/laravel/framework/src/Illuminate/Foundation/resources/server.php(23): require_once('C://Minor Projec...')
#63 {main}
"} 
[2026-07-27 15:11:45] local.ERROR: Maximum execution time of 30 seconds exceeded {"exception":"[object] (Symfony\\Component\\ErrorHandler\\Error\\FatalError(code: 0): Maximum execution time of 30 seconds exceeded at C:/Minor Project/Minor-Project/OpensourceE-commercewebsite/vendor/laravel/framework/src/Illuminate/Foundation/Exceptions/Renderer/Frame.php:138)
[stacktrace]
#0 {main}
"} 
[2026-07-27 17:16:49] local.ERROR: SQLSTATE[HY000] [2002] No connection could be made because the target machine actively refused it (Connection: mysql, Host: 127.0.0.1, Port: 3306, Database: laravel, SQL: select * from `sessions` where `id` = OI0LvpbndxGgqthXEEC3S9eRqwDhR2j78jOaF32U limit 1) {"exception":"[object] (Illuminate\\Database\\QueryException(code: 2002): SQLSTATE[HY000] [2002] No connection could be made because the target machine actively refused it (Connection: mysql, Host: 127.0.0.1, Port: 3306, Database: laravel, SQL: select * from `sessions` where `id` = OI0LvpbndxGgqthXEEC3S9eRqwDhR2j78jOaF32U limit 1) at C:/Minor Project/Minor-Project/OpensourceE-commercewebsite/vendor/laravel/framework/src/Illuminate/Database/Connection.php:857)
[stacktrace]
#0 C:/Minor Project/Minor-Project/OpensourceE-commercewebsite/vendor/laravel/framework/src/Illuminate/Database/Connection.php(1037): Illuminate/Database/Connection->runQueryCallback('select * from `...', Array, Object(Closure))
#1 C:/Minor Project/Minor-Project/OpensourceE-commercewebsite/vendor/laravel/framework/src/Illuminate/Database/Connection.php(1016): Illuminate/Database/Connection->tryAgainIfCausedByLostConnection(Object(Illuminate/Database/QueryException), 'select * from `...', Array, Object(Closure))
#2 C:/Minor Project/Minor-Project/OpensourceE-commercewebsite/vendor/laravel/framework/src/Illuminate/Database/Connection.php(815): Illuminate/Database/Connection->handleQueryException(Object(Illuminate/Database/QueryException), 'select * from `...', Array, Object(Closure))
#3 C:/Minor Project/Minor-Project/OpensourceE-commercewebsite/vendor/laravel/framework/src/Illuminate/Database/Connection.php(426): Illuminate/Database/Connection->run('select * from `...', Array, Object(Closure))
#4 C:/Minor Project/Minor-Project/OpensourceE-commercewebsite/vendor/laravel/framework/src/Illuminate/Database/Query/Builder.php(3574): Illuminate/Database/Connection->select('select * from `...', Array, false, Array)
#5 C:/Minor Project/Minor-Project/OpensourceE-commercewebsite/vendor/laravel/framework/src/Illuminate/Database/Query/Builder.php(3558): Illuminate/Database/Query/Builder->runSelect()
#6 C:/Minor Project/Minor-Project/OpensourceE-commercewebsite/vendor/laravel/framework/src/Illuminate/Database/Concerns/BuildsQueries.php(366): Illuminate/Database/Query/Builder->get(Array)
#7 C:/Minor Project/Minor-Project/OpensourceE-commercewebsite/vendor/laravel/framework/src/Illuminate/Database/Query/Builder.php(3476): Illuminate/Database/Query/Builder->first(Array)
#8 C:/Minor Project/Minor-Project/OpensourceE-commercewebsite/vendor/laravel/framework/src/Illuminate/Session/DatabaseSessionHandler.php(96): Illuminate/Database/Query/Builder->find('OI0LvpbndxGgqth...')
#9 C:/Minor Project/Minor-Project/OpensourceE-commercewebsite/vendor/laravel/framework/src/Illuminate/Session/Store.php(128): Illuminate/Session/DatabaseSessionHandler->read('OI0LvpbndxGgqth...')
#10 C:/Minor Project/Minor-Project/OpensourceE-commercewebsite/vendor/laravel/framework/src/Illuminate/Session/Store.php(116): Illuminate/Session/Store->readFromHandler()
#11 C:/Minor Project/Minor-Project/OpensourceE-commercewebsite/vendor/laravel/framework/src/Illuminate/Session/Store.php(100): Illuminate/Session/Store->loadSession()
#12 C:/Minor Project/Minor-Project/OpensourceE-commercewebsite/vendor/laravel/framework/src/Illuminate/Session/Middleware/StartSession.php(146): Illuminate/Session/Store->start()
#13 C:/Minor Project/Minor-Project/OpensourceE-commercewebsite/vendor/laravel/framework/src/Illuminate/Support/helpers.php(393): Illuminate/Session/Middleware/StartSession->{closure:Illuminate/Session/Middleware/StartSession::startSession():143}(Object(Illuminate/Session/Store))
#14 C:/Minor Project/Minor-Project/OpensourceE-commercewebsite/vendor/laravel/framework/src/Illuminate/Session/Middleware/StartSession.php(143): tap(Object(Illuminate/Session/Store), Object(Closure))
#15 C:/Minor Project/Minor-Project/OpensourceE-commercewebsite/vendor/laravel/framework/src/Illuminate/Session/Middleware/StartSession.php(115): Illuminate/Session/Middleware/StartSession->startSession(Object(Illuminate/Http/Request), Object(Illuminate/Session/Store))
#16 C:/Minor Project/Minor-Project/OpensourceE-commercewebsite/vendor/laravel/framework/src/Illuminate/Session/Middleware/StartSession.php(63): Illuminate/Session/Middleware/StartSession->handleStatefulRequest(Object(Illuminate/Http/Request), Object(Illuminate/Session/Store), Object(Closure))
#17 C:/Minor Project/Minor-Project/OpensourceE-commercewebsite/vendor/laravel/framework/src/Illuminate/Pipeline/Pipeline.php(219): Illuminate/Session/Middleware/StartSession->handle(Object(Illuminate/Http/Request), Object(Closure))
#18 C:/Minor Project/Minor-Project/OpensourceE-commercewebsite/vendor/laravel/framework/src/Illuminate/Cookie/Middleware/AddQueuedCookiesToResponse.php(36): Illuminate/Pipeline/Pipeline->{closure:{closure:Illuminate/Pipeline/Pipeline::carry():194}:195}(Object(Illuminate/Http/Request))
#19 C:/Minor Project/Minor-Project/OpensourceE-commercewebsite/vendor/laravel/framework/src/Illuminate/Pipeline/Pipeline.php(219): Illuminate/Cookie/Middleware/AddQueuedCookiesToResponse->handle(Object(Illuminate/Http/Request), Object(Closure))
#20 C:/Minor Project/Minor-Project/OpensourceE-commercewebsite/vendor/laravel/framework/src/Illuminate/Cookie/Middleware/EncryptCookies.php(74): Illuminate/Pipeline/Pipeline->{closure:{closure:Illuminate/Pipeline/Pipeline::carry():194}:195}(Object(Illuminate/Http/Request))
#21 C:/Minor Project/Minor-Project/OpensourceE-commercewebsite/vendor/laravel/framework/src/Illuminate/Pipeline/Pipeline.php(219): Illuminate/Cookie/Middleware/EncryptCookies->handle(Object(Illuminate/Http/Request), Object(Closure))
#22 C:/Minor Project/Minor-Project/OpensourceE-commercewebsite/vendor/laravel/framework/src/Illuminate/Pipeline/Pipeline.php(137): Illuminate/Pipeline/Pipeline->{closure:{closure:Illuminate/Pipeline/Pipeline::carry():194}:195}(Object(Illuminate/Http/Request))
#23 C:/Minor Project/Minor-Project/OpensourceE-commercewebsite/vendor/laravel/framework/src/Illuminate/Routing/Router.php(821): Illuminate/Pipeline/Pipeline->then(Object(Closure))
#24 C:/Minor Project/Minor-Project/OpensourceE-commercewebsite/vendor/laravel/framework/src/Illuminate/Routing/Router.php(800): Illuminate/Routing/Router->runRouteWithinStack(Object(Illuminate/Routing/Route), Object(Illuminate/Http/Request))
#25 C:/Minor Project/Minor-Project/OpensourceE-commercewebsite/vendor/laravel/framework/src/Illuminate/Routing/Router.php(764): Illuminate/Routing/Router->runRoute(Object(Illuminate/Http/Request), Object(Illuminate/Routing/Route))
#26 C:/Minor Project/Minor-Project/OpensourceE-commercewebsite/vendor/laravel/framework/src/Illuminate/Routing/Router.php(753): Illuminate/Routing/Router->dispatchToRoute(Object(Illuminate/Http/Request))
#27 C:/Minor Project/Minor-Project/OpensourceE-commercewebsite/vendor/laravel/framework/src/Illuminate/Foundation/Http/Kernel.php(200): Illuminate/Routing/Router->dispatch(Object(Illuminate/Http/Request))
#28 C:/Minor Project/Minor-Project/OpensourceE-commercewebsite/vendor/laravel/framework/src/Illuminate/Pipeline/Pipeline.php(180): Illuminate/Foundation/Http/Kernel->{closure:Illuminate/Foundation/Http/Kernel::dispatchToRouter():197}(Object(Illuminate/Http/Request))
#29 C:/Minor Project/Minor-Project/OpensourceE-commercewebsite/vendor/laravel/framework/src/Illuminate/Foundation/Http/Middleware/TransformsRequest.php(21): Illuminate/Pipeline/Pipeline->{closure:Illuminate/Pipeline/Pipeline::prepareDestination():178}(Object(Illuminate/Http/Request))
#30 C:/Minor Project/Minor-Project/OpensourceE-commercewebsite/vendor/laravel/framework/src/Illuminate/Foundation/Http/Middleware/ConvertEmptyStringsToNull.php(31): Illuminate/Foundation/Http/Middleware/TransformsRequest->handle(Object(Illuminate/Http/Request), Object(Closure))
#31 C:/Minor Project/Minor-Project/OpensourceE-commercewebsite/vendor/laravel/framework/src/Illuminate/Pipeline/Pipeline.php(219): Illuminate/Foundation/Http/Middleware/ConvertEmptyStringsToNull->handle(Object(Illuminate/Http/Request), Object(Closure))
#32 C:/Minor Project/Minor-Project/OpensourceE-commercewebsite/vendor/laravel/framework/src/Illuminate/Foundation/Http/Middleware/TransformsRequest.php(21): Illuminate/Pipeline/Pipeline->{closure:{closure:Illuminate/Pipeline/Pipeline::carry():194}:195}(Object(Illuminate/Http/Request))
#33 C:/Minor Project/Minor-Project/OpensourceE-commercewebsite/vendor/laravel/framework/src/Illuminate/Foundation/Http/Middleware/TrimStrings.php(51): Illuminate/Foundation/Http/Middleware/TransformsRequest->handle(Object(Illuminate/Http/Request), Object(Closure))
#34 C:/Minor Project/Minor-Project/OpensourceE-commercewebsite/vendor/laravel/framework/src/Illuminate/Pipeline/Pipeline.php(219): Illuminate/Foundation/Http/Middleware/TrimStrings->handle(Object(Illuminate/Http/Request), Object(Closure))
#35 C:/Minor Project/Minor-Project/OpensourceE-commercewebsite/vendor/laravel/framework/src/Illuminate/Http/Middleware/ValidatePostSize.php(27): Illuminate/Pipeline/Pipeline->{closure:{closure:Illuminate/Pipeline/Pipeline::carry():194}:195}(Object(Illuminate/Http/Request))
#36 C:/Minor Project/Minor-Project/OpensourceE-commercewebsite/vendor/laravel/framework/src/Illuminate/Pipeline/Pipeline.php(219): Illuminate/Http/Middleware/ValidatePostSize->handle(Object(Illuminate/Http/Request), Object(Closure))
#37 C:/Minor Project/Minor-Project/OpensourceE-commercewebsite/vendor/laravel/framework/src/Illuminate/Foundation/Http/Middleware/PreventRequestsDuringMaintenance.php(109): Illuminate/Pipeline/Pipeline->{closure:{closure:Illuminate/Pipeline/Pipeline::carry():194}:195}(Object(Illuminate/Http/Request))
#38 C:/Minor Project/Minor-Project/OpensourceE-commercewebsite/vendor/laravel/framework/src/Illuminate/Pipeline/Pipeline.php(219): Illuminate/Foundation/Http/Middleware/PreventRequestsDuringMaintenance->handle(Object(Illuminate/Http/Request), Object(Closure))
#39 C:/Minor Project/Minor-Project/OpensourceE-commercewebsite/vendor/laravel/framework/src/Illuminate/Http/Middleware/HandleCors.php(61): Illuminate/Pipeline/Pipeline->{closure:{closure:Illuminate/Pipeline/Pipeline::carry():194}:195}(Object(Illuminate/Http/Request))
#40 C:/Minor Project/Minor-Project/OpensourceE-commercewebsite/vendor/laravel/framework/src/Illuminate/Pipeline/Pipeline.php(219): Illuminate/Http/Middleware/HandleCors->handle(Object(Illuminate/Http/Request), Object(Closure))
#41 C:/Minor Project/Minor-Project/OpensourceE-commercewebsite/vendor/laravel/framework/src/Illuminate/Http/Middleware/TrustProxies.php(58): Illuminate/Pipeline/Pipeline->{closure:{closure:Illuminate/Pipeline/Pipeline::carry():194}:195}(Object(Illuminate/Http/Request))
#42 C:/Minor Project/Minor-Project/OpensourceE-commercewebsite/vendor/laravel/framework/src/Illuminate/Pipeline/Pipeline.php(219): Illuminate/Http/Middleware/TrustProxies->handle(Object(Illuminate/Http/Request), Object(Closure))
#43 C:/Minor Project/Minor-Project/OpensourceE-commercewebsite/vendor/laravel/framework/src/Illuminate/Foundation/Http/Middleware/InvokeDeferredCallbacks.php(22): Illuminate/Pipeline/Pipeline->{closure:{closure:Illuminate/Pipeline/Pipeline::carry():194}:195}(Object(Illuminate/Http/Request))
#44 C:/Minor Project/Minor-Project/OpensourceE-commercewebsite/vendor/laravel/framework/src/Illuminate/Pipeline/Pipeline.php(219): Illuminate/Foundation/Http/Middleware/InvokeDeferredCallbacks->handle(Object(Illuminate/Http/Request), Object(Closure))
#45 C:/Minor Project/Minor-Project/OpensourceE-commercewebsite/vendor/laravel/framework/src/Illuminate/Http/Middleware/ValidatePathEncoding.php(28): Illuminate/Pipeline/Pipeline->{closure:{closure:Illuminate/Pipeline/Pipeline::carry():194}:195}(Object(Illuminate/Http/Request))
#46 C:/Minor Project/Minor-Project/OpensourceE-commercewebsite/vendor/laravel/framework/src/Illuminate/Pipeline/Pipeline.php(219): Illuminate/Http/Middleware/ValidatePathEncoding->handle(Object(Illuminate/Http/Request), Object(Closure))
#47 C:/Minor Project/Minor-Project/OpensourceE-commercewebsite/vendor/laravel/framework/src/Illuminate/Pipeline/Pipeline.php(137): Illuminate/Pipeline/Pipeline->{closure:{closure:Illuminate/Pipeline/Pipeline::carry():194}:195}(Object(Illuminate/Http/Request))
#48 C:/Minor Project/Minor-Project/OpensourceE-commercewebsite/vendor/laravel/framework/src/Illuminate/Foundation/Http/Kernel.php(175): Illuminate/Pipeline/Pipeline->then(Object(Closure))
#49 C:/Minor Project/Minor-Project/OpensourceE-commercewebsite/vendor/laravel/framework/src/Illuminate/Foundation/Http/Kernel.php(144): Illuminate/Foundation/Http/Kernel->sendRequestThroughRouter(Object(Illuminate/Http/Request))
#50 C:/Minor Project/Minor-Project/OpensourceE-commercewebsite/vendor/laravel/framework/src/Illuminate/Foundation/Application.php(1227): Illuminate/Foundation/Http/Kernel->handle(Object(Illuminate/Http/Request))
#51 C:/Minor Project/Minor-Project/OpensourceE-commercewebsite/public/index.php(20): Illuminate/Foundation/Application->handleRequest(Object(Illuminate/Http/Request))
#52 C:/Minor Project/Minor-Project/OpensourceE-commercewebsite/vendor/laravel/framework/src/Illuminate/Foundation/resources/server.php(23): require_once('C://Minor Projec...')
#53 {main}

[previous exception] [object] (PDOException(code: 2002): SQLSTATE[HY000] [2002] No connection could be made because the target machine actively refused it at C:/Minor Project/Minor-Project/OpensourceE-commercewebsite/vendor/laravel/framework/src/Illuminate/Database/Connectors/Connector.php:67)
[stacktrace]
#0 C:/Minor Project/Minor-Project/OpensourceE-commercewebsite/vendor/laravel/framework/src/Illuminate/Database/Connectors/Connector.php(67): PDO::connect('mysql:host=127....', 'root', Object(SensitiveParameterValue), Array)
#1 C:/Minor Project/Minor-Project/OpensourceE-commercewebsite/vendor/laravel/framework/src/Illuminate/Database/Connectors/Connector.php(85): Illuminate/Database/Connectors/Connector->createPdoConnection('mysql:host=127....', 'root', Object(SensitiveParameterValue), Array)
#2 C:/Minor Project/Minor-Project/OpensourceE-commercewebsite/vendor/laravel/framework/src/Illuminate/Database/Connectors/Connector.php(48): Illuminate/Database/Connectors/Connector->tryAgainIfCausedByLostConnection(Object(PDOException), 'mysql:host=127....', 'root', Object(SensitiveParameterValue), Array)
#3 C:/Minor Project/Minor-Project/OpensourceE-commercewebsite/vendor/laravel/framework/src/Illuminate/Database/Connectors/MySqlConnector.php(24): Illuminate/Database/Connectors/Connector->createConnection('mysql:host=127....', Array, Array)
#4 C:/Minor Project/Minor-Project/OpensourceE-commercewebsite/vendor/laravel/framework/src/Illuminate/Database/Connectors/ConnectionFactory.php(220): Illuminate/Database/Connectors/MySqlConnector->connect(Array)
#5 [internal function]: Illuminate/Database/Connectors/ConnectionFactory->{closure:Illuminate/Database/Connectors/ConnectionFactory::createPdoResolverWithHosts():213}()
#6 C:/Minor Project/Minor-Project/OpensourceE-commercewebsite/vendor/laravel/framework/src/Illuminate/Database/Connection.php(1297): call_user_func(Object(Closure))
#7 C:/Minor Project/Minor-Project/OpensourceE-commercewebsite/vendor/laravel/framework/src/Illuminate/Database/Connection.php(542): Illuminate/Database/Connection->getPdo()
#8 C:/Minor Project/Minor-Project/OpensourceE-commercewebsite/vendor/laravel/framework/src/Illuminate/Database/Connection.php(435): Illuminate/Database/Connection->getPdoForSelect(false)
#9 C:/Minor Project/Minor-Project/OpensourceE-commercewebsite/vendor/laravel/framework/src/Illuminate/Database/Connection.php(846): Illuminate/Database/Connection->{closure:Illuminate/Database/Connection::select():426}('select * from `...', Array)
#10 C:/Minor Project/Minor-Project/OpensourceE-commercewebsite/vendor/laravel/framework/src/Illuminate/Database/Connection.php(1037): Illuminate/Database/Connection->runQueryCallback('select * from `...', Array, Object(Closure))
#11 C:/Minor Project/Minor-Project/OpensourceE-commercewebsite/vendor/laravel/framework/src/Illuminate/Database/Connection.php(1016): Illuminate/Database/Connection->tryAgainIfCausedByLostConnection(Object(Illuminate/Database/QueryException), 'select * from `...', Array, Object(Closure))
#12 C:/Minor Project/Minor-Project/OpensourceE-commercewebsite/vendor/laravel/framework/src/Illuminate/Database/Connection.php(815): Illuminate/Database/Connection->handleQueryException(Object(Illuminate/Database/QueryException), 'select * from `...', Array, Object(Closure))
#13 C:/Minor Project/Minor-Project/OpensourceE-commercewebsite/vendor/laravel/framework/src/Illuminate/Database/Connection.php(426): Illuminate/Database/Connection->run('select * from `...', Array, Object(Closure))
#14 C:/Minor Project/Minor-Project/OpensourceE-commercewebsite/vendor/laravel/framework/src/Illuminate/Database/Query/Builder.php(3574): Illuminate/Database/Connection->select('select * from `...', Array, false, Array)
#15 C:/Minor Project/Minor-Project/OpensourceE-commercewebsite/vendor/laravel/framework/src/Illuminate/Database/Query/Builder.php(3558): Illuminate/Database/Query/Builder->runSelect()
#16 C:/Minor Project/Minor-Project/OpensourceE-commercewebsite/vendor/laravel/framework/src/Illuminate/Database/Concerns/BuildsQueries.php(366): Illuminate/Database/Query/Builder->get(Array)
#17 C:/Minor Project/Minor-Project/OpensourceE-commercewebsite/vendor/laravel/framework/src/Illuminate/Database/Query/Builder.php(3476): Illuminate/Database/Query/Builder->first(Array)
#18 C:/Minor Project/Minor-Project/OpensourceE-commercewebsite/vendor/laravel/framework/src/Illuminate/Session/DatabaseSessionHandler.php(96): Illuminate/Database/Query/Builder->find('OI0LvpbndxGgqth...')
#19 C:/Minor Project/Minor-Project/OpensourceE-commercewebsite/vendor/laravel/framework/src/Illuminate/Session/Store.php(128): Illuminate/Session/DatabaseSessionHandler->read('OI0LvpbndxGgqth...')
#20 C:/Minor Project/Minor-Project/OpensourceE-commercewebsite/vendor/laravel/framework/src/Illuminate/Session/Store.php(116): Illuminate/Session/Store->readFromHandler()
#21 C:/Minor Project/Minor-Project/OpensourceE-commercewebsite/vendor/laravel/framework/src/Illuminate/Session/Store.php(100): Illuminate/Session/Store->loadSession()
#22 C:/Minor Project/Minor-Project/OpensourceE-commercewebsite/vendor/laravel/framework/src/Illuminate/Session/Middleware/StartSession.php(146): Illuminate/Session/Store->start()
#23 C:/Minor Project/Minor-Project/OpensourceE-commercewebsite/vendor/laravel/framework/src/Illuminate/Support/helpers.php(393): Illuminate/Session/Middleware/StartSession->{closure:Illuminate/Session/Middleware/StartSession::startSession():143}(Object(Illuminate/Session/Store))
#24 C:/Minor Project/Minor-Project/OpensourceE-commercewebsite/vendor/laravel/framework/src/Illuminate/Session/Middleware/StartSession.php(143): tap(Object(Illuminate/Session/Store), Object(Closure))
#25 C:/Minor Project/Minor-Project/OpensourceE-commercewebsite/vendor/laravel/framework/src/Illuminate/Session/Middleware/StartSession.php(115): Illuminate/Session/Middleware/StartSession->startSession(Object(Illuminate/Http/Request), Object(Illuminate/Session/Store))
#26 C:/Minor Project/Minor-Project/OpensourceE-commercewebsite/vendor/laravel/framework/src/Illuminate/Session/Middleware/StartSession.php(63): Illuminate/Session/Middleware/StartSession->handleStatefulRequest(Object(Illuminate/Http/Request), Object(Illuminate/Session/Store), Object(Closure))
#27 C:/Minor Project/Minor-Project/OpensourceE-commercewebsite/vendor/laravel/framework/src/Illuminate/Pipeline/Pipeline.php(219): Illuminate/Session/Middleware/StartSession->handle(Object(Illuminate/Http/Request), Object(Closure))
#28 C:/Minor Project/Minor-Project/OpensourceE-commercewebsite/vendor/laravel/framework/src/Illuminate/Cookie/Middleware/AddQueuedCookiesToResponse.php(36): Illuminate/Pipeline/Pipeline->{closure:{closure:Illuminate/Pipeline/Pipeline::carry():194}:195}(Object(Illuminate/Http/Request))
#29 C:/Minor Project/Minor-Project/OpensourceE-commercewebsite/vendor/laravel/framework/src/Illuminate/Pipeline/Pipeline.php(219): Illuminate/Cookie/Middleware/AddQueuedCookiesToResponse->handle(Object(Illuminate/Http/Request), Object(Closure))
#30 C:/Minor Project/Minor-Project/OpensourceE-commercewebsite/vendor/laravel/framework/src/Illuminate/Cookie/Middleware/EncryptCookies.php(74): Illuminate/Pipeline/Pipeline->{closure:{closure:Illuminate/Pipeline/Pipeline::carry():194}:195}(Object(Illuminate/Http/Request))
#31 C:/Minor Project/Minor-Project/OpensourceE-commercewebsite/vendor/laravel/framework/src/Illuminate/Pipeline/Pipeline.php(219): Illuminate/Cookie/Middleware/EncryptCookies->handle(Object(Illuminate/Http/Request), Object(Closure))
#32 C:/Minor Project/Minor-Project/OpensourceE-commercewebsite/vendor/laravel/framework/src/Illuminate/Pipeline/Pipeline.php(137): Illuminate/Pipeline/Pipeline->{closure:{closure:Illuminate/Pipeline/Pipeline::carry():194}:195}(Object(Illuminate/Http/Request))
#33 C:/Minor Project/Minor-Project/OpensourceE-commercewebsite/vendor/laravel/framework/src/Illuminate/Routing/Router.php(821): Illuminate/Pipeline/Pipeline->then(Object(Closure))
#34 C:/Minor Project/Minor-Project/OpensourceE-commercewebsite/vendor/laravel/framework/src/Illuminate/Routing/Router.php(800): Illuminate/Routing/Router->runRouteWithinStack(Object(Illuminate/Routing/Route), Object(Illuminate/Http/Request))
#35 C:/Minor Project/Minor-Project/OpensourceE-commercewebsite/vendor/laravel/framework/src/Illuminate/Routing/Router.php(764): Illuminate/Routing/Router->runRoute(Object(Illuminate/Http/Request), Object(Illuminate/Routing/Route))
#36 C:/Minor Project/Minor-Project/OpensourceE-commercewebsite/vendor/laravel/framework/src/Illuminate/Routing/Router.php(753): Illuminate/Routing/Router->dispatchToRoute(Object(Illuminate/Http/Request))
#37 C:/Minor Project/Minor-Project/OpensourceE-commercewebsite/vendor/laravel/framework/src/Illuminate/Foundation/Http/Kernel.php(200): Illuminate/Routing/Router->dispatch(Object(Illuminate/Http/Request))
#38 C:/Minor Project/Minor-Project/OpensourceE-commercewebsite/vendor/laravel/framework/src/Illuminate/Pipeline/Pipeline.php(180): Illuminate/Foundation/Http/Kernel->{closure:Illuminate/Foundation/Http/Kernel::dispatchToRouter():197}(Object(Illuminate/Http/Request))
#39 C:/Minor Project/Minor-Project/OpensourceE-commercewebsite/vendor/laravel/framework/src/Illuminate/Foundation/Http/Middleware/TransformsRequest.php(21): Illuminate/Pipeline/Pipeline->{closure:Illuminate/Pipeline/Pipeline::prepareDestination():178}(Object(Illuminate/Http/Request))
#40 C:/Minor Project/Minor-Project/OpensourceE-commercewebsite/vendor/laravel/framework/src/Illuminate/Foundation/Http/Middleware/ConvertEmptyStringsToNull.php(31): Illuminate/Foundation/Http/Middleware/TransformsRequest->handle(Object(Illuminate/Http/Request), Object(Closure))
#41 C:/Minor Project/Minor-Project/OpensourceE-commercewebsite/vendor/laravel/framework/src/Illuminate/Pipeline/Pipeline.php(219): Illuminate/Foundation/Http/Middleware/ConvertEmptyStringsToNull->handle(Object(Illuminate/Http/Request), Object(Closure))
#42 C:/Minor Project/Minor-Project/OpensourceE-commercewebsite/vendor/laravel/framework/src/Illuminate/Foundation/Http/Middleware/TransformsRequest.php(21): Illuminate/Pipeline/Pipeline->{closure:{closure:Illuminate/Pipeline/Pipeline::carry():194}:195}(Object(Illuminate/Http/Request))
#43 C:/Minor Project/Minor-Project/OpensourceE-commercewebsite/vendor/laravel/framework/src/Illuminate/Foundation/Http/Middleware/TrimStrings.php(51): Illuminate/Foundation/Http/Middleware/TransformsRequest->handle(Object(Illuminate/Http/Request), Object(Closure))
#44 C:/Minor Project/Minor-Project/OpensourceE-commercewebsite/vendor/laravel/framework/src/Illuminate/Pipeline/Pipeline.php(219): Illuminate/Foundation/Http/Middleware/TrimStrings->handle(Object(Illuminate/Http/Request), Object(Closure))
#45 C:/Minor Project/Minor-Project/OpensourceE-commercewebsite/vendor/laravel/framework/src/Illuminate/Http/Middleware/ValidatePostSize.php(27): Illuminate/Pipeline/Pipeline->{closure:{closure:Illuminate/Pipeline/Pipeline::carry():194}:195}(Object(Illuminate/Http/Request))
#46 C:/Minor Project/Minor-Project/OpensourceE-commercewebsite/vendor/laravel/framework/src/Illuminate/Pipeline/Pipeline.php(219): Illuminate/Http/Middleware/ValidatePostSize->handle(Object(Illuminate/Http/Request), Object(Closure))
#47 C:/Minor Project/Minor-Project/OpensourceE-commercewebsite/vendor/laravel/framework/src/Illuminate/Foundation/Http/Middleware/PreventRequestsDuringMaintenance.php(109): Illuminate/Pipeline/Pipeline->{closure:{closure:Illuminate/Pipeline/Pipeline::carry():194}:195}(Object(Illuminate/Http/Request))
#48 C:/Minor Project/Minor-Project/OpensourceE-commercewebsite/vendor/laravel/framework/src/Illuminate/Pipeline/Pipeline.php(219): Illuminate/Foundation/Http/Middleware/PreventRequestsDuringMaintenance->handle(Object(Illuminate/Http/Request), Object(Closure))
#49 C:/Minor Project/Minor-Project/OpensourceE-commercewebsite/vendor/laravel/framework/src/Illuminate/Http/Middleware/HandleCors.php(61): Illuminate/Pipeline/Pipeline->{closure:{closure:Illuminate/Pipeline/Pipeline::carry():194}:195}(Object(Illuminate/Http/Request))
#50 C:/Minor Project/Minor-Project/OpensourceE-commercewebsite/vendor/laravel/framework/src/Illuminate/Pipeline/Pipeline.php(219): Illuminate/Http/Middleware/HandleCors->handle(Object(Illuminate/Http/Request), Object(Closure))
#51 C:/Minor Project/Minor-Project/OpensourceE-commercewebsite/vendor/laravel/framework/src/Illuminate/Http/Middleware/TrustProxies.php(58): Illuminate/Pipeline/Pipeline->{closure:{closure:Illuminate/Pipeline/Pipeline::carry():194}:195}(Object(Illuminate/Http/Request))
#52 C:/Minor Project/Minor-Project/OpensourceE-commercewebsite/vendor/laravel/framework/src/Illuminate/Pipeline/Pipeline.php(219): Illuminate/Http/Middleware/TrustProxies->handle(Object(Illuminate/Http/Request), Object(Closure))
#53 C:/Minor Project/Minor-Project/OpensourceE-commercewebsite/vendor/laravel/framework/src/Illuminate/Foundation/Http/Middleware/InvokeDeferredCallbacks.php(22): Illuminate/Pipeline/Pipeline->{closure:{closure:Illuminate/Pipeline/Pipeline::carry():194}:195}(Object(Illuminate/Http/Request))
#54 C:/Minor Project/Minor-Project/OpensourceE-commercewebsite/vendor/laravel/framework/src/Illuminate/Pipeline/Pipeline.php(219): Illuminate/Foundation/Http/Middleware/InvokeDeferredCallbacks->handle(Object(Illuminate/Http/Request), Object(Closure))
#55 C:/Minor Project/Minor-Project/OpensourceE-commercewebsite/vendor/laravel/framework/src/Illuminate/Http/Middleware/ValidatePathEncoding.php(28): Illuminate/Pipeline/Pipeline->{closure:{closure:Illuminate/Pipeline/Pipeline::carry():194}:195}(Object(Illuminate/Http/Request))
#56 C:/Minor Project/Minor-Project/OpensourceE-commercewebsite/vendor/laravel/framework/src/Illuminate/Pipeline/Pipeline.php(219): Illuminate/Http/Middleware/ValidatePathEncoding->handle(Object(Illuminate/Http/Request), Object(Closure))
#57 C:/Minor Project/Minor-Project/OpensourceE-commercewebsite/vendor/laravel/framework/src/Illuminate/Pipeline/Pipeline.php(137): Illuminate/Pipeline/Pipeline->{closure:{closure:Illuminate/Pipeline/Pipeline::carry():194}:195}(Object(Illuminate/Http/Request))
#58 C:/Minor Project/Minor-Project/OpensourceE-commercewebsite/vendor/laravel/framework/src/Illuminate/Foundation/Http/Kernel.php(175): Illuminate/Pipeline/Pipeline->then(Object(Closure))
#59 C:/Minor Project/Minor-Project/OpensourceE-commercewebsite/vendor/laravel/framework/src/Illuminate/Foundation/Http/Kernel.php(144): Illuminate/Foundation/Http/Kernel->sendRequestThroughRouter(Object(Illuminate/Http/Request))
#60 C:/Minor Project/Minor-Project/OpensourceE-commercewebsite/vendor/laravel/framework/src/Illuminate/Foundation/Application.php(1227): Illuminate/Foundation/Http/Kernel->handle(Object(Illuminate/Http/Request))
#61 C:/Minor Project/Minor-Project/OpensourceE-commercewebsite/public/index.php(20): Illuminate/Foundation/Application->handleRequest(Object(Illuminate/Http/Request))
#62 C:/Minor Project/Minor-Project/OpensourceE-commercewebsite/vendor/laravel/framework/src/Illuminate/Foundation/resources/server.php(23): require_once('C://Minor Projec...')
#63 {main}
"} 
